,DATE,kg_avg_price,fe_doy_sin,fe_doy_cos,fe_doy2_sin,fe_doy2_cos,fe_week_sin,fe_week_cos,fe_summer_ind,fe_stage_spring_facility,fe_stage_spring_openfield,fe_stage_semi_highland_1,fe_stage_highland,fe_stage_semi_highland_2,fe_stage_autumn
0,2011-01-03,2640.642175531688,0.0515843668694083,0.9986686402879996,0.1030313790431787,0.9946781061893646,0.0,1.0,0.0072532058010343,0,0,0,0,0,0
1,2011-01-04,1399.4102232082937,0.0687554084811394,0.9976335468520452,0.1371854040566005,0.9905453876091832,0.7818314824680298,0.6234898018587336,0.0067628442633904,0,0,0,0,0,0
2,2011-01-05,1472.4056469897405,0.0859061042613327,0.9963032375991964,0.1711770596101998,0.985240282501282,0.9749279121818236,-0.2225209339563143,0.0063025210714774,0,0,0,0,0,0
3,2011-01-06,1084.2885956247117,0.1030313790431787,0.9946781061893646,0.2049661139694953,0.9787690698649216,0.4338837391175582,-0.900968867902419,0.0058706306788869,0,0,0,0,0,0
4,2011-01-07,1052.723503823231,0.1201261651823505,0.9927586335250792,0.2385125751940764,0.9711394088771652,-0.433883739117558,-0.9009688679024191,0.0054656365237319,0,0,0,0,0,0
5,2011-01-08,928.776630418143,0.1371854040566005,0.9905453876091832,0.2717767384711357,0.9623603298276544,-0.9749279121818236,-0.2225209339563146,0.0050860692310127,0,0,0,0,0,0
6,2011-01-10,904.5143588030816,0.1711770596101998,0.985240282501282,0.3373010691361842,0.9413968285264122,0.0,1.0,0.0043976626339341,0,0,0,0,0,0
7,2011-01-11,897.2026046490269,0.1880994176117975,0.9821499931752292,0.3694836834473831,0.9292372181882051,0.7818314824680298,0.6234898018587336,0.0040862038707351,0,0,0,0,0,0
8,2011-01-12,950.4777545219272,0.2049661139694953,0.9787690698649216,0.4012289854475009,0.9159777842484876,0.9749279121818236,-0.2225209339563143,0.0037949292693038,0,0,0,0,0,0
9,2011-01-14,1089.3187199266783,0.2385125751940764,0.9711394088771652,0.4632579225674917,0.88622350294858,-0.433883739117558,-0.9009688679024191,0.0032683427650369,0,0,0,0,0,0
10,2011-01-15,1136.0494390663926,0.2551824131233728,0.966892928939152,0.4934681416772373,0.8697638720650646,-0.9749279121818236,-0.2225209339563146,0.0030308737915416,0,0,0,0,0,0
11,2011-01-17,1005.7742291965964,0.2882906407095177,0.957542952811672,0.5521013427459208,0.8337770129585915,0.0,1.0,0.0026025852527254,0,0,0,0,0,0
12,2011-01-18,1067.1993741569413,0.3047192331091634,0.9524422234305676,0.580454927809098,0.8142923779467267,0.7818314824680298,0.6234898018587336,0.0024099155339509,0,0,0,0,0,0
13,2011-01-19,1177.250578785177,0.321057654185271,0.9470596510722284,0.6081214998935418,0.7938439653781019,0.9749279121818236,-0.2225209339563143,0.0022304074712809,0,0,0,0,0,0
14,2011-01-20,1046.8966767243885,0.3373010691361842,0.9413968285264122,0.6350683134867438,0.7724559775191742,0.4338837391175582,-0.900968867902419,0.0020632513354787,0,0,0,0,0,0
15,2011-01-21,1226.866372099486,0.3534446712740877,0.9354554315134164,0.6612634749656386,0.7501537286959042,-0.433883739117558,-0.9009688679024191,0.0019076802879754,0,0,0,0,0,0
16,2011-01-22,1153.3403449607122,0.3694836834473831,0.9292372181882051,0.6866759803451553,0.726963615332308,-0.9749279121818236,-0.2225209339563146,0.0017629686236867,0,0,0,0,0,0
17,2011-01-24,1274.1565568434814,0.4012289854475009,0.9159777842484876,0.7350336741329412,0.6780306024735382,0.0,1.0,0.0015034159919344,0,0,0,0,0,0
18,2011-01-25,1165.0097789367628,0.4169258813287287,0.908940487313808,0.7579216274973472,0.6523456189565257,0.7818314824680298,0.6234898018587336,0.0013873139624241,0,0,0,0,0,0
19,2011-01-26,1138.8132377814582,0.4324994021339788,0.901634220265486,0.7799125224167177,0.6258885343075018,0.9749279121818236,-0.2225209339563143,0.0012795459378999,0,0,0,0,0,0
20,2011-01-27,1037.9832225468854,0.4479449394078911,0.8940611451454876,0.8009803309782905,0.5986906625177214,0.4338837391175582,-0.900968867902419,0.0011795668021961,0,0,0,0,0,0
21,2011-01-28,990.9741622456518,0.4632579225674917,0.88622350294858,0.8211001178128892,0.5707841943569036,-0.433883739117558,-0.9009688679024191,0.0010868628230603,0,0,0,0,0,0
22,2011-01-29,1051.5417680716355,0.4784338202547012,0.8781236129591848,0.8402480696078469,0.5422021592729844,-0.9749279121818236,-0.2225209339563146,0.0010009501745566,0,0,0,0,0,0
23,2011-01-31,1080.5973241995916,0.5083564379375122,0.8611467540480452,0.8755389928586302,0.4831474640149687,0.0,1.0,0.0008477045464715,0,0,0,0,0,0
24,2011-02-01,1041.0083699215718,0.5230943033491326,0.8522748088519838,0.8916401947968874,0.452744699607371,0.7818314824680298,0.6234898018587336,0.0007795407797602,0,0,0,0,0,0
25,2011-02-02,3863.041606886657,0.5376773767406141,0.8431506618282,0.9066860720977984,0.4218060770826634,0.9749279121818236,-0.2225209339563143,0.0007165041324157,0,0,0,0,0,0
26,2011-02-07,684.266293521375,0.6081214998935418,0.7938439653781019,0.9655071658143364,0.2603764827344581,0.0,1.0,0.0004665530201723,0,0,0,0,0,0
27,2011-02-08,634.7950282960638,0.6216868902665479,0.7832658619336791,0.9738922359149924,0.2270108209414184,0.7818314824680298,0.6234898018587336,0.0004275570451654,0,0,0,0,0,0
28,2011-02-09,800.4097892535392,0.6350683134867438,0.7724559775191742,0.981124629771712,0.1933764744102058,0.9749279121818236,-0.2225209339563143,0.0003916270330904,0,0,0,0,0,0
29,2011-02-10,624.6322686966862,0.6482618097757122,0.7614175109532997,0.9871957872910084,0.1595132519726365,0.4338837391175582,-0.900968867902419,0.0003585393208955,0,0,0,0,0,0
30,2011-02-11,661.0043863398589,0.6612634749656386,0.7501537286959042,0.992098522791769,0.1254612333527364,-0.433883739117558,-0.9009688679024191,0.0003280850598723,0,0,0,0,0,0
31,2011-02-12,659.4989827906084,0.6740694616546161,0.7386679638813748,0.9958270335100596,0.0912607217293118,-0.9749279121818236,-0.2225209339563146,0.0003000693589348,0,0,0,0,0,0
32,2011-02-14,598.9415422018687,0.6990793005655562,0.7150441465537444,0.9997451236925734,0.0225762630415454,0.0,1.0,0.0002805480820737,0,0,0,0,0,0
33,2011-02-15,878.115820635747,0.7112757519738152,0.7029130847082615,0.9999300657962056,-0.0118263906918325,0.7818314824680298,0.6234898018587336,0.0003068548257635,0,0,0,0,0,0
34,2011-02-16,820.3848279385674,0.7232617254437388,0.6905740195722294,0.9989315138848576,-0.0462150469837083,0.9749279121818236,-0.2225209339563143,0.0003354626279025,0,0,0,0,0,0
35,2011-02-17,775.1764128067075,0.7350336741329412,0.6780306024735382,0.9967506498213928,-0.0805490042187416,0.4338837391175582,-0.900968867902419,0.0003665564497251,0,0,0,0,0,0
36,2011-02-18,637.4895042483089,0.746588114532413,0.6652865452111116,0.9933900548258936,-0.114787625522127,-0.433883739117558,-0.9009688679024191,0.0004003345935883,0,0,0,0,0,0
37,2011-02-19,645.4540272327397,0.7579216274973472,0.6523456189565257,0.9888537064205885,-0.1488903868564548,-0.9749279121818236,-0.2225209339563146,0.0004370095298997,0,0,0,0,0,0
38,2011-02-21,787.7362187414125,0.7799125224167177,0.6258885343075018,0.976276611086932,-0.2165270852448143,0.0,1.0,0.0005199757432558,0,0,0,0,0,0
39,2011-02-23,683.9612185725823,0.8009803309782905,0.5986906625177214,0.9590788900341132,-0.2831389812281835,0.9749279121818236,-0.2225209339563143,0.0006174721799374,0,0,0,0,0,0
40,2011-02-24,787.7977762585009,0.8111602420785621,0.5848239578463322,0.9487718864399473,-0.3159618766579029,0.4338837391175582,-0.900968867902419,0.0006723770032408,0,0,0,0,0,0
41,2011-02-25,696.7491173725136,0.8211001178128892,0.5707841943569036,0.9373419384643772,-0.3484108069446808,-0.433883739117558,-0.9009688679024191,0.0007318024188804,0,0,0,0,0,0
42,2011-02-26,796.7594741780525,0.8307970168121247,0.5565755266413303,0.9248025743285088,-0.3804473662878516,-0.9749279121818236,-0.2225209339563146,0.0007960866914957,0,0,0,0,0,0
43,2011-02-28,816.6210007932311,0.8494504794814806,0.527668345562516,0.8964562582905575,-0.4431322341826345,0.0,1.0,0.0009406975448679,0,0,0,0,0,0
44,2011-03-01,776.1669538490197,0.8584015232918917,0.512978386299228,0.8806828564301475,-0.47370635037968,0.7818314824680298,0.6234898018587336,0.0010218170249252,0,0,0,0,0,0
45,2011-03-02,869.5554428557406,0.8670985522812081,0.4981366284784055,0.8638670987837349,-0.503719798736334,0.9749279121818236,-0.2225209339563143,0.0011093837286151,0,0,0,0,0,0
46,2011-03-03,742.5745295457269,0.8755389928586302,0.4831474640149687,0.8460288880917339,-0.533137056031809,0.4338837391175582,-0.900968867902419,0.0012038599948282,0,0,0,0,0,0
47,2011-03-04,793.4382015708585,0.8837203473619977,0.4680153284438345,0.8271893372462497,-0.5619233046832195,-0.433883739117558,-0.9009688679024191,0.0013057369899986,0,0,0,0,0,0
48,2011-03-05,777.5134195464257,0.8916401947968874,0.452744699607371,0.8073707443023492,-0.5900444739548627,-0.9749279121818236,-0.2225209339563146,0.0014155361520939,0,0,0,0,0,0
49,2011-03-07,728.0462333481214,0.9066860720977984,0.4218060770826634,0.7648913904341226,-0.6441592666722685,0.0,1.0,0.0016611470627641,0,0,0,0,0,0
50,2011-03-08,747.9162304769945,0.9138076496466616,0.4061472386305788,0.742280907086982,-0.6700888411055113,0.7818314824680298,0.6234898018587336,0.0017981666618475,0,0,0,0,0,0
51,2011-03-09,822.6377155546668,0.9206588168102428,0.3903682146763026,0.7187918772884232,-0.6952253139408722,0.9749279121818236,-0.2225209339563143,0.0019455273214659,0,0,0,0,0,0
52,2011-03-10,788.8430232875739,0.9272375462179536,0.374473674486883,0.6944521021088763,-0.719538934232584,0.4338837391175582,-0.900968867902419,0.0021039250291307,0,0,0,0,0,0
53,2011-03-11,787.9731187310718,0.9335418911179212,0.3584683215124808,0.6692903895412567,-0.7430009249440493,-0.433883739117558,-0.9009688679024191,0.0022740956104016,0,0,0,0,0,0
54,2011-03-12,832.151251000369,0.9395699859530622,0.342356891994542,0.6433365204044917,-0.765583517007675,-0.9749279121818236,-0.2225209339563146,0.0024568164604892,0,0,0,0,0,0
55,2011-03-14,795.8193286952277,0.9507903724625832,0.3098349038318025,0.5891760872322963,-0.8080046647350754,0.0,1.0,0.0028632370196305,0,0,0,0,0,0
56,2011-03-15,794.1500321739425,0.9559793438440766,0.2934339689665273,0.5610336262283677,-0.8277930117131022,0.7818314824680298,0.6234898018587336,0.0030887154082367,0,0,0,0,0,0
57,2011-03-16,754.4670393355846,0.9608854255574976,0.2769462022689364,0.5322271388474397,-0.8466016020976267,0.9749279121818236,-0.2225209339563143,0.0033303050984696,0,0,0,0,0,0
58,2011-03-17,759.8739929908144,0.9655071658143364,0.2603764827344581,0.5027907197793043,-0.8644081744776648,0.4338837391175582,-0.900968867902419,0.0035890183886718,0,0,0,0,0,0
59,2011-03-18,731.0871987052401,0.969843196967294,0.2437297136096838,0.4727592092862775,-0.881191653407483,-0.433883739117558,-0.9009688679024191,0.0038659201394728,0,0,0,0,0,0
60,2011-03-19,715.3019306259031,0.9738922359149924,0.2270108209414184,0.442168151967072,-0.8969321743510065,-0.9749279121818236,-0.2225209339563146,0.0041621296730796,0,0,0,0,0,0
61,2011-03-21,791.6989707224952,0.981124629771712,0.1933764744102058,0.3794528437245443,-0.925211078289358,0.0,1.0,0.0048172331281061,0,0,0,0,0,0
62,2011-03-22,679.252819755825,0.984305844499033,0.1764709734915216,0.3474028211842774,-0.9377159910299092,0.7818314824680298,0.6234898018587336,0.0051786551677508,0,0,0,0,0,0
63,2011-03-23,648.8474710977833,0.9871957872910084,0.1595132519726365,0.3149416207289519,-0.9491110448902284,0.9749279121818236,-0.2225209339563143,0.0055644450277938,0,0,0,0,0,0
64,2011-03-24,694.3123850317654,0.9897936029670716,0.1425083279161708,0.2821076626819194,-0.9593827529490744,0.4338837391175582,-0.900968867902419,0.0059760228950059,0,0,0,0,0,0
65,2011-03-25,696.809229923542,0.992098522791769,0.1254612333527364,0.2489398085537665,-0.9685189578512204,-0.433883739117558,-0.9009688679024191,0.0064148747704495,0,0,0,0,0,0
66,2011-03-26,658.5319789810464,0.9941098647022418,0.108377012791876,0.2154773150467301,-0.976508846196619,-0.9749279121818236,-0.2225209339563146,0.0068825542952156,0,0,0,0,0,0
67,2011-03-28,702.8489098433653,0.9972495210773452,0.0741174251509443,0.1478271334705304,-0.9890132145779884,0.0,1.0,0.0079109597339302,0,0,0,0,0,0
68,2011-03-29,662.3728427832218,0.998376906467142,0.0569521960340397,0.1137195145859496,-0.9935128947338008,0.7818314824680298,0.6234898018587336,0.0084751469727328,0,0,0,0,0,0
69,2011-03-31,705.846579220421,0.9997451236925734,0.0225762630415454,0.0451410177739719,-0.998980624694158,0.4338837391175582,-0.900968867902419,0.0097126998429016,0,0,0,0,0,0
70,2011-04-01,639.3424903846375,0.9999855506507186,0.0053757315575838,0.0107513077635219,-0.9999422030204416,-0.433883739117558,-0.9009688679024191,0.0103899781147773,0,0,0,0,0,0
71,2011-04-02,663.9601649868031,0.9999300657962056,-0.0118263906918325,-0.0236511272452315,-0.9997202729664084,-0.9749279121818236,-0.2225209339563146,0.0111089965382423,0,0,0,0,0,0
72,2011-04-04,683.4663789379703,0.9989315138848576,-0.0462150469837083,-0.0923313336953912,-0.9957283388645872,0.0,1.0,0.0126809511496068,0,0,0,0,0,0
73,2011-04-05,607.3856435017253,0.9979887423155984,-0.0633914048695103,-0.1265278168386831,-0.9919630595773395,0.7818314824680298,0.6234898018587336,0.0135384401366523,0,0,0,0,0,0
74,2011-04-06,589.9138606439342,0.9967506498213928,-0.0805490042187416,-0.1605745445949937,-0.9870237158387384,0.9749279121818236,-0.2225209339563143,0.0144467767640457,0,0,0,0,0,0
75,2011-04-07,582.1040047625366,0.9952176027737294,-0.0976827678217159,-0.1944312200476619,-0.9809161537413774,0.4338837391175582,-0.900968867902419,0.0154084455711887,0,0,0,0,0,0
76,2011-04-08,575.7750581086688,0.9933900548258936,-0.114787625522127,-0.2280577712215198,-0.9736476020539838,-0.433883739117558,-0.9009688679024191,0.0164260155188855,0,0,0,0,0,0
77,2011-04-09,560.2469899702907,0.9912685467787256,-0.1318585157173911,-0.2614143985111562,-0.965226663665613,-0.9749279121818236,-0.2225209339563146,0.0175021403684067,0,0,0,0,0,0
78,2011-04-11,541.2885959214556,0.986146248341595,-0.1658781989346314,-0.3271603271220951,-0.9449688462364056,0.0,1.0,0.0198410947443702,1,0,0,0,0,0
79,2011-04-12,431.9622686080296,0.98314697372215,-0.1828169249850199,-0.3594718130884232,-0.9331559438780432,0.7818314824680298,0.6234898018587336,0.021109656453671,1,0,0,0,0,0
80,2011-04-13,442.7173297325781,0.9798567700958664,-0.1997015525660636,-0.3913578365610259,-0.9202385798054076,0.9749279121818236,-0.2225209339563143,0.0224482367321429,1,0,0,0,0,0
81,2011-04-14,360.5080013787832,0.976276611086932,-0.2165270852448143,-0.4227806579826773,-0.9062320427107696,0.4338837391175582,-0.900968867902419,0.0238599118793802,1,0,0,0,0,0
82,2011-04-15,341.19149282413883,0.9724075561219968,-0.2332885440754551,-0.4537030860313442,-0.8911529104063088,-0.433883739117558,-0.9009688679024191,0.0253478407929008,1,0,0,0,0,0
83,2011-04-16,350.11661206983894,0.9682507501166718,-0.2499809690726521,-0.4840885216389758,-0.8750190302029955,-0.9749279121818236,-0.2225209339563146,0.0269152637299154,1,0,0,0,0,0
84,2011-04-18,401.2088344491681,0.9590788900341132,-0.2831389812281835,-0.5431052396834317,-0.8396646346181327,0.0,1.0,0.0303019500674343,1,0,0,0,0,0
85,2011-04-19,390.51829744125774,0.9540665500578388,-0.2995947563972602,-0.5716666713027052,-0.8204859638785327,0.7818314824680298,0.6234898018587336,0.0321280855748041,1,0,0,0,0,0
86,2011-04-20,405.8762350348144,0.9487718864399473,-0.3159618766579029,-0.5995514915196489,-0.8003361849976323,0.9749279121818236,-0.2225209339563143,0.0340474547345993,1,0,0,0,0,0
87,2011-04-21,355.0688861553113,0.9431964659565866,-0.3322354987159043,-0.6267266965083301,-0.7792391467859886,0.4338837391175582,-0.900968867902419,0.0360636756174023,1,0,0,0,0,0
88,2011-04-22,347.65778724529986,0.9373419384643772,-0.3484108069446808,-0.65316012232693,-0.7572198192083127,-0.433883739117558,-0.9009688679024191,0.0381804338005357,1,0,0,0,0,0
89,2011-04-23,393.2704108586988,0.9312100364121948,-0.3644830148102912,-0.6788204829862355,-0.734304263829602,-0.9749279121818236,-0.2225209339563146,0.0404014788741632,1,0,0,0,0,0
90,2011-04-25,345.3542009610154,0.9181214482844364,-0.3962991372689181,-0.7277014757264236,-0.6858939875998223,0.0,1.0,0.0451717245647246,1,0,0,0,0,0
91,2011-04-26,300.53023914133223,0.9111686353326632,-0.4120336369594263,-0.7508642533989489,-0.6604565640279754,0.7818314824680298,0.6234898018587336,0.0477287077631641,1,0,0,0,0,0
92,2011-04-27,263.3785249512536,0.9039461929224012,-0.4276462092677746,-0.7731383255706026,-0.6342374393978054,0.9749279121818236,-0.2225209339563143,0.0504055333627536,1,0,0,0,0,0
93,2011-04-28,249.2608208643657,0.8964562582905575,-0.4431322341826345,-0.7944973291665992,-0.6072676460566135,0.4338837391175582,-0.900968867902419,0.0532062053822325,1,0,0,0,0,0
94,2011-04-29,209.11524413183548,0.8887010478292915,-0.4584871291400876,-0.8149159841660791,-0.5795791048257612,-0.433883739117558,-0.9009688679024191,0.0561347628341337,1,0,0,0,0,0
95,2011-04-30,237.5606956658874,0.8806828564301475,-0.47370635037968,-0.8343701235229537,-0.5512045872199277,-0.9749279121818236,-0.2225209339563146,0.0591952734739325,1,0,0,0,0,0
96,2011-05-02,231.31520363863137,0.8638670987837349,-0.503719798736334,-0.8702939222685674,-0.4925327287220543,0.0,1.0,0.0657285286165304,1,0,0,0,0,0
97,2011-05-03,208.89028925348336,0.8550745085896932,-0.518505144391157,-0.886721063082993,-0.4623048304798108,0.7818314824680298,0.6234898018587336,0.0692094902133194,1,0,0,0,0,0
98,2011-05-04,333.640810141553,0.8460288880917339,-0.533137056031809,-0.9020987014301836,-0.4315297589714714,0.9749279121818236,-0.2225209339563143,0.0728388237369676,1,0,0,0,0,0
99,2011-05-05,190.2123896715159,0.8367329140344921,-0.5476112038402312,-0.9164086366943458,-0.4002439388573056,0.4338837391175582,-0.900968867902419,0.0766206321804935,1,0,0,0,0,0
100,2011-05-06,172.81367840772702,0.8271893372462497,-0.5619233046832195,-0.9296339319682696,-0.3684843993077793,-0.433883739117558,-0.9009688679024191,0.080559000939185,1,0,0,0,0,0
101,2011-05-07,193.16025544919847,0.8174009818249189,-0.5760691233798758,-0.9417589340994617,-0.3362887301766828,-0.9749279121818236,-0.2225209339563146,0.0846579886225299,1,0,0,0,0,0
102,2011-05-09,215.75849508012573,0.7971015927871943,-0.6038452208771035,-0.9626519747161488,-0.2707418984477642,0.0,1.0,0.093353863304629,1,0,0,0,0,0
103,2011-05-10,178.9747295741433,0.7865965660866021,-0.6174672802835514,-0.97139528468375,-0.2374683155584684,0.7818314824680298,0.6234898018587336,0.0979586452573397,1,0,0,0,0,0
104,2011-05-11,212.91806613304848,0.7758587728069828,-0.6309066211876704,-0.978988873740932,-0.2039136706831147,0.9749279121818236,-0.2225209339563143,0.1027398149024943,1,0,0,0,0,0
105,2011-05-12,200.69501931900507,0.7648913904341226,-0.6441592666722685,-0.9854237542919524,-0.1701176783204905,0.4338837391175582,-0.900968867902419,0.1077011451900321,1,0,0,0,0,0
106,2011-05-13,166.65671354578515,0.753697664392914,-0.6572212950663319,-0.9906923101615608,-0.136120338622667,-0.433883739117558,-0.9009688679024191,0.1128463189671638,1,0,0,0,0,0
107,2011-05-14,180.1452084800816,0.742280907086982,-0.6700888411055113,-0.994788305609327,-0.1019618900517457,-0.9749279121818236,-0.2225209339563146,0.1181789171817805,1,0,0,0,0,0
108,2011-05-16,234.2767985565252,0.7187918772884232,-0.6952253139408722,-0.9994446170919858,-0.0333235257116313,0.0,1.0,0.1294201282977755,1,0,0,0,0,0
109,2011-05-17,248.9178369897067,0.7067265555776158,-0.7074868024503348,-0.9999994220246924,0.0010751512827982,0.7818314824680298,0.6234898018587336,0.1353352832366127,1,0,0,0,0,0
110,2011-05-18,197.7570204410036,0.6944521021088763,-0.719538934232584,-0.9993706508539968,0.0354725557531255,0.9749279121818236,-0.2225209339563143,0.1414509211393686,1,0,0,0,0,0
111,2011-05-19,180.320187523202,0.6819721490904629,-0.7313781428679254,-0.9975590477788612,0.0698279757298708,0.4338837391175582,-0.900968867902419,0.1477699265043177,1,0,0,0,0,0
112,2011-05-20,203.3383630148685,0.6692903895412567,-0.7430009249440493,-0.9945667569706336,0.1041007489354256,-0.433883739117558,-0.9009688679024191,0.1542950055015683,1,0,0,0,0,0
113,2011-05-21,207.4468787688336,0.6564105761979381,-0.7544038410927472,-0.9903973200352558,0.1382503109109819,-0.9749279121818236,-0.2225209339563146,0.1610286725459804,0,1,0,0,0,0
114,2011-05-23,234.39852962510105,0.6300720909843687,-0.7765366444428655,-0.9785481345802032,0.2060183203251708,0.0,1.0,0.1751307883451509,0,1,0,0,0,0
115,2011-05-24,243.01248969071293,0.6166212130956382,-0.7872599821916922,-0.9708824104813836,0.239556559120927,0.7818314824680298,0.6234898018587336,0.1825031849518363,0,1,0,0,0,0
116,2011-05-25,163.00983372351908,0.6029878670694714,-0.7977503570459932,-0.9620675724981452,0.2728112643340191,0.9749279121818236,-0.2225209339563143,0.1900920380007587,0,1,0,0,0,0
117,2011-05-26,168.73079242196894,0.5891760872322963,-0.8080046647350754,-0.9521140536681102,0.3057430764672831,0.4338837391175582,-0.900968867902419,0.1978986990836146,0,1,0,0,0,0
118,2011-05-27,240.8881664018916,0.5751899607119775,-0.8180198708443175,-0.9410336347451196,0.3383130181923076,-0.433883739117558,-0.9009688679024191,0.2059242464341987,0,1,0,0,0,0
119,2011-05-28,195.7364794355213,0.5610336262283677,-0.8277930117131022,-0.9288394302558068,0.3704825404820963,-0.9749279121818236,-0.2225209339563146,0.2141694715316088,0,1,0,0,0,0
120,2011-05-30,189.991274845932,0.5322271388474397,-0.8466016020976267,-0.9011686968561567,0.4334685453485363,0.0,1.0,0.2313206080041767,0,1,0,0,0,0
121,2011-05-31,177.2914363746682,0.5175855102531889,-0.8556314858488706,-0.8857249183835637,0.4642104791518923,0.7818314824680298,0.6234898018587336,0.2402265507324824,0,1,0,0,0,0
122,2011-06-01,184.9848054449442,0.5027907197793043,-0.8644081744776648,-0.8692328164574792,0.4944029842076181,0.9749279121818236,-0.2225209339563143,0.2493522087772961,0,1,0,0,0,0
123,2011-06-02,162.2259461521286,0.4878471454423119,-0.8729290708206411,-0.8517119107469189,0.5240103253675756,0.4338837391175582,-0.900968867902419,0.258696746701885,0,1,0,0,0,0
124,2011-06-03,189.35108351424915,0.4727592092862775,-0.881191653407483,-0.8331829385891785,0.5529974600700271,-0.433883739117558,-0.9009688679024191,0.2682589673008851,0,1,0,0,0,0
125,2011-06-04,213.6354098269369,0.4575313760742512,-0.8891934772070711,-0.8136678304455991,0.5813300798152042,-0.9749279121818236,-0.2225209339563146,0.2780373004531941,0,1,0,0,0,0
126,2011-06-06,213.8543989399624,0.4266740831899246,-0.9044054548343,-0.7717727365467837,0.6358984534680745,0.0,1.0,0.2982340961814215,0,1,0,0,0,0
127,2011-06-07,189.55994326653143,0.4110537546870351,-0.911611107193024,-0.7494423368521953,0.6620696215153815,0.7818314824680298,0.6234898018587336,0.3086474612366189,0,1,0,0,0,0
128,2011-06-08,164.06409885282497,0.3953117887649151,-0.9185469991587164,-0.7262249146041543,0.6874571793269664,0.9749279121818236,-0.2225209339563143,0.3192667256288431,0,1,0,0,0,0
129,2011-06-09,165.16386812993744,0.3794528437245443,-0.925211078289358,-0.7021479494046978,0.7120310787787131,0.4338837391175582,-0.900968867902419,0.3300883075351398,0,1,0,0,0,0
130,2011-06-10,167.85439545438484,0.3634816124829063,-0.9316013725767188,-0.6772399381909491,0.7357622347736527,-0.433883739117558,-0.9009688679024191,0.3411081980965921,0,1,0,0,0,0
131,2011-06-11,232.17106256324388,0.3474028211842774,-0.9377159910299092,-0.6515303615068021,0.75862255966641,-0.9749279121818236,-0.2225209339563146,0.3523219549954969,0,1,0,0,0,0
132,2011-06-13,268.2746217671127,0.3149416207289519,-0.9491110448902284,-0.5978291414589552,0.801623551065242,0.0,1.0,0.3753110988513995,0,1,0,0,0,0
133,2011-06-14,222.06612577030776,0.2985688173637202,-0.9543881083175908,-0.5699010576127624,0.821713322596059,0.7818314824680298,0.6234898018587336,0.3870753885499897,0,1,0,0,0,0
134,2011-06-15,224.9941420998665,0.2821076626819194,-0.9593827529490744,-0.5412984521036173,0.8408305333122887,0.9749279121818236,-0.2225209339563143,0.39901134372866,0,1,0,0,0,0
135,2011-06-16,187.59600579532903,0.2655630278040559,-0.9640935007889756,-0.5120551783114646,0.8589525565270845,0.4338837391175582,-0.900968867902419,0.4111122905071874,0,1,0,0,0,0
136,2011-06-17,189.62461056680385,0.2489398085537665,-0.9685189578512204,-0.4822058478963526,0.8760579434344281,-0.433883739117558,-0.9009688679024191,0.4233711028530494,0,1,0,0,0,0
137,2011-06-18,168.7953016642987,0.2322429240090701,-0.9726578145718654,-0.451785789832884,0.8921264484954345,-0.9749279121818236,-0.2225209339563146,0.4357802031543156,0,1,0,0,0,0
138,2011-06-20,185.2367500970474,0.1986479428801711,-0.9800709131432666,-0.3893781415452015,0.9210779895789526,0.0,1.0,0.4610167107835354,0,1,0,0,0,0
139,2011-06-21,167.72812507664295,0.1817597875913753,-0.9833429613388902,-0.3574644155648614,0.9339267592294762,0.7818314824680298,0.6234898018587336,0.473826726395364,0,1,0,0,0,0
140,2011-06-22,187.58638760691065,0.1648178466571979,-0.9863240225317866,-0.3251276029999093,0.9456701548465688,0.9749279121818236,-0.2225209339563143,0.4867522559599717,0,1,0,0,0,0
141,2011-06-23,211.32110885706064,0.1478271334705304,-0.9890132145779884,-0.2924059769510773,0.956294277219772,0.4338837391175582,-0.900968867902419,0.4997835137030315,0,1,0,0,0,0
142,2011-06-24,177.38834389817208,0.1307926758567592,-0.9914097417023038,-0.2593382659754056,0.9657865518844574,-0.433883739117558,-0.9009688679024191,0.5129102907232946,0,1,0,0,0,0
143,2011-06-25,237.41457080738672,0.1137195145859496,-0.9935128947338008,-0.225963608248019,0.974135744004672,-0.9749279121818236,-0.2225209339563146,0.5261219640934566,0,1,0,0,0,0
144,2011-06-27,235.26134499989573,0.0794772999236209,-0.9968366760893436,-0.1584517749608363,0.9873667175937016,0.0,1.0,0.5527555015877842,0,1,0,0,0,0
145,2011-06-28,194.6729361260496,0.062318379354325,-0.998056320853012,-0.1243945048397999,0.9922328391893008,0.7818314824680298,0.6234898018587336,0.5661541495171976,0,1,0,0,0,0
146,2011-06-29,193.1538326869209,0.0451410177739719,-0.998980624694158,-0.0901900042703451,0.99592457702866,0.9749279121818236,-0.2225209339563143,0.5795912885442627,0,1,0,0,0,0
147,2011-06-30,199.0428358638114,0.0279502982402103,-0.999609314096404,-0.0558787569053731,0.9984375616565666,0.4338837391175582,-0.900968867902419,0.5930544067956073,0,1,0,0,0,0
148,2011-07-01,298.1686276276663,0.0107513077635219,-0.9999422030204416,-0.0215013727408137,0.999768818762748,-0.433883739117558,-0.9009688679024191,0.6065306597126334,0,0,1,0,0,0
149,2011-07-02,252.55013068859685,-0.0064508641981051,-0.9999791929590824,0.0129014599494196,0.9999167727021951,-0.9749279121818236,-0.2225209339563146,0.6200068879809458,0,0,1,0,0,0
150,2011-07-04,245.9047686172996,-0.0408443915432961,-0.9991655196610107,0.0816206154031905,0.996663471358916,0.0,1.0,0.6469051754643523,0,0,1,0,0,0
151,2011-07-05,346.4395058822271,-0.0580255693287803,-0.9983150972033183,0.1158556037694784,0.9932660666081418,0.7818314824680298,0.6234898018587336,0.6602995202173131,0,0,1,0,0,0
152,2011-07-06,341.8279872827708,-0.0751895764147585,-0.9971692572470178,0.1499534681324453,0.9886930551971383,0.9749279121818236,-0.2225209339563143,0.6736384553447267,0,0,1,0,0,0
153,2011-07-07,312.3198878970313,-0.0923313336953912,-0.9957283388645872,0.1838738510513275,0.9829498496360606,0.4338837391175582,-0.900968867902419,0.6869075574573877,0,0,1,0,0,0
154,2011-07-08,341.8562929114864,-0.1094457686489155,-0.993992768446958,0.2175766051482817,0.976043247449696,-0.433883739117558,-0.9009688679024191,0.7000922199176512,0,0,1,0,0,0
155,2011-07-09,448.85617546367706,-0.1265278168386831,-0.9919630595773395,0.2510218406258827,0.9679814231320734,-0.9749279121818236,-0.2225209339563146,0.71317767835549,0,0,1,0,0,0
156,2011-07-11,401.9670257679429,-0.1605745445949937,-0.9870237158387384,0.3169817673505278,0.9484316312562208,0.0,1.0,0.7389912962803088,0,0,0,1,0,0
157,2011-07-12,357.69995307017075,-0.1775291491870349,-0.984115542601034,0.3494183899593976,0.936966802377855,0.7818314824680298,0.6234898018587336,0.751689380082437,0,0,0,1,0,0
158,2011-07-13,356.17752884542506,-0.1944312200476619,-0.9809161537413774,0.3814414490727919,0.9243930013415552,0.9749279121818236,-0.2225209339563143,0.7642281651714905,0,0,0,1,0,0
159,2011-07-14,611.6805179570474,-0.2112757555821793,-0.9774264960104057,0.4130130429412807,0.9107251102063584,0.4338837391175582,-0.900968867902419,0.7765925101265281,0,0,0,1,0,0
160,2011-07-15,427.6832715916706,-0.2280577712215198,-0.9736476020539838,0.4440958041592176,0.8959793059709459,-0.433883739117558,-0.9009688679024191,0.7887672852587113,0,0,0,1,0,0
161,2011-07-16,435.30220852303256,-0.2447723008972595,-0.9695805901076308,0.4746529438919349,0.8801730414269229,-0.9749279121818236,-0.2225209339563146,0.8007374029168081,0,0,0,1,0,0
162,2011-07-18,418.51480850153007,-0.2779791393987801,-0.9605871111248128,0.5340463569360717,0.8454551961182272,0.0,1.0,0.8240037097874371,0,0,0,1,0,0
163,2011-07-19,406.1102373909978,-0.2944616217868012,-0.9556633054034704,0.5628123335824821,0.8265847065893737,0.7818314824680298,0.6234898018587336,0.835270211411272,0,0,0,1,0,0
164,2011-07-20,617.2723555277456,-0.3108569682435036,-0.9504567035349152,0.5909121786151564,0.8067358905889147,0.9749279121818236,-0.2225209339563143,0.8462727428586204,0,0,0,1,0,0
165,2011-07-21,550.7754518756941,-0.3271603271220951,-0.9449688462364056,0.6183126337097825,0.7859322407147274,0.4338837391175582,-0.900968867902419,0.8569968914352789,0,0,0,1,0,0
166,2011-07-22,479.3972311842801,-0.343366873996388,-0.939201357453208,0.6449812683237445,0.7641983796838971,-0.433883739117558,-0.9009688679024191,0.8674284731834108,0,0,0,1,0,0
167,2011-07-23,905.487116795881,-0.3594718130884232,-0.9331559438780432,0.6708865180801582,0.7415600311898435,-0.9749279121818236,-0.2225209339563146,0.8775535639640376,0,0,0,1,0,0
168,2011-07-25,818.9161671101095,-0.3913578365610259,-0.9202385798054076,0.7202851594252706,0.6936780875245466,0.0,1.0,0.8968300597468688,0,0,0,1,0,0
169,2011-07-26,654.9389177919576,-0.4071294853542516,-0.9133704517637858,0.7437200839287408,0.6684911643103645,0.7818314824680298,0.6234898018587336,0.9059551911095096,0,0,0,1,0,0
170,2011-07-27,580.0784801908636,-0.4227806579826773,-0.9062320427107696,0.7662747586044899,0.6425130304714689,0.9749279121818236,-0.2225209339563143,0.914721343722234,0,0,0,1,0,0
171,2011-07-28,440.3478419499581,-0.4383067230125192,-0.898825465016444,0.7879224882631226,0.6157744331240536,0.4338837391175582,-0.900968867902419,0.9231163463866358,0,0,0,1,0,0
172,2011-07-29,745.589122297089,-0.4537030860313442,-0.8911529104063088,0.8086376511543126,0.5883070194512693,-0.433883739117558,-0.9009688679024191,0.9311284654622024,0,0,0,1,0,0
173,2011-07-30,666.94041486219,-0.4689651910076318,-0.8832166493127127,0.8283957292921138,0.5601432992463508,-0.9749279121818236,-0.2225209339563146,0.938746432156527,0,0,0,1,0,0
174,2011-08-01,651.1742560176209,-0.4990686026885319,-0.8665624788845385,0.8649482509584342,0.5018610596210326,0.0,1.0,0.9527573147659876,0,0,0,1,0,0
175,2011-08-02,597.604616312009,-0.5139010013093103,-0.8578494977869301,0.8816994317707848,0.4718115217065765,0.7818314824680298,0.6234898018587336,0.9591302497107984,0,0,0,1,0,0
176,2011-08-03,594.0708141220482,-0.5285813283559292,-0.8488826652214553,0.8974070536021568,0.4412035586269627,0.9749279121818236,-0.2225209339563143,0.9650691177896804,0,0,0,1,0,0
177,2011-08-04,623.9812884059886,-0.5431052396834317,-0.8396646346181327,0.912052525275964,0.4100733972568043,0.4338837391175582,-0.900968867902419,0.9705653490349352,0,0,0,1,0,0
178,2011-08-05,896.1712564861153,-0.5574684374327892,-0.8301981337405212,0.9256185127518922,0.3784578825324888,-0.433883739117558,-0.9009688679024191,0.975610980064846,0,0,0,1,0,0
179,2011-08-06,541.9662168141593,-0.5716666713027052,-0.8204859638785327,0.9380889596420648,0.3463944338433696,-0.9749279121818236,-0.2225209339563146,0.9801986733067553,0,0,0,1,0,0
180,2011-08-08,745.4558543284944,-0.5995514915196489,-0.8003361849976323,0.9596855068649522,0.2810760180331286,0.0,1.0,0.987974130351234,0,0,0,1,0,0
181,2011-08-09,704.0605882063289,-0.6132298262997502,-0.7899045386224707,0.968786046025684,0.2478983602727564,0.7818314824680298,0.6234898018587336,0.9911505004882848,0,0,0,1,0,0
182,2011-08-10,696.1017731992213,-0.6267266965083301,-0.7792391467859886,0.9767399525103048,0.214427295767511,0.9749279121818236,-0.2225209339563143,0.9938461733264412,0,0,0,1,0,0
183,2011-08-11,707.2778434586569,-0.6400381082043503,-0.7683431655492202,0.9835378122597296,0.1807024400923929,0.4338837391175582,-0.900968867902419,0.9960571761381908,0,0,0,1,0,0
184,2011-08-12,785.0002803197852,-0.65316012232693,-0.7572198192083127,0.9891715794849548,0.1467637092037396,-0.433883739117558,-0.9009688679024191,0.9977802450856064,0,0,0,1,0,0
185,2011-08-13,824.5087665913175,-0.666088855860977,-0.7458723993404063,0.993634586189866,0.112651272195629,-0.9749279121818236,-0.2225209339563146,0.9990128332490112,0,0,0,1,0,0
186,2011-08-15,818.8570997710788,-0.6913512362094071,-0.722518835873311,0.9990285807311906,0.0440669363834491,0.0,1.0,1.0,0,0,0,1,0,0
187,2011-08-16,775.6058485863515,-0.7036774074790128,-0.7105196029692745,0.999953184360873,0.0096762124072308,0.7818314824680298,0.6234898018587336,0.9997531169004024,0,0,0,1,0,0
188,2011-08-17,720.5507668585464,-0.7157953492826642,-0.6983101158835584,0.9996942666129788,-0.0247259641093823,0.9749279121818236,-0.2225209339563143,0.9990128332490112,0,0,0,1,0,0
189,2011-08-18,865.8828919744831,-0.7277014757264236,-0.6858939875998223,0.998252133936544,-0.0590988755488295,0.4338837391175582,-0.900968867902419,0.9977802450856064,0,0,0,1,0,0
190,2011-08-19,779.8008991221662,-0.7393922635959241,-0.673274892250183,0.9956284932063294,-0.093401838931009,-0.433883739117558,-0.9009688679024191,0.9960571761381908,0,0,0,1,0,0
191,2011-08-20,868.6615915802226,-0.7508642533989489,-0.6604565640279754,0.9918264497026016,-0.1275942540647218,-0.9749279121818236,-0.2225209339563146,0.9938461733264412,0,0,0,1,0,0
192,2011-08-22,844.5447167457434,-0.7731383255706026,-0.6342374393978054,0.9807065438204116,-0.1954857409322303,0.0,1.0,0.987974130351234,0,0,0,1,0,0
193,2011-08-23,847.877279894891,-0.7839338166829201,-0.620844401650647,0.973401842704431,-0.2291044578781002,0.7818314824680298,0.6234898018587336,0.9843217347761178,0,0,0,1,0,0
194,2011-08-24,885.8215041869272,-0.7944973291665992,-0.6072676460566135,0.9649450457625344,-0.2624520121057191,0.9749279121818236,-0.2225209339563143,0.9801986733067553,0,0,0,1,0,0
195,2011-08-25,921.7738029588623,-0.8048257371083452,-0.593511190196115,0.9553461622632788,-0.2954889342239821,0.4338837391175582,-0.900968867902419,0.975610980064846,0,0,0,1,0,0
196,2011-08-26,934.778290320762,-0.8149159841660791,-0.5795791048257612,0.9446165532223606,-0.3281761224987386,-0.433883739117558,-0.9009688679024191,0.9705653490349352,0,0,0,1,0,0
197,2011-08-27,1252.0771902740255,-0.8247650844733614,-0.5654755126737576,0.9327689179559782,-0.3604748891327019,-0.9749279121818236,-0.2225209339563146,0.9650691177896804,0,0,0,1,0,0
198,2011-08-29,937.892623728413,-0.8437282590292712,-0.5367705514607103,0.905776965764254,-0.4237547501691298,0.0,1.0,0.9527573147659876,0,0,0,1,0,0
199,2011-08-30,877.3425818718277,-0.8528367217694595,-0.522177676659508,0.8906645958869751,-0.4546609479969567,0.7818314824680298,0.6234898018587336,0.9459594689067654,0,0,0,1,0,0
200,2011-08-31,872.9242221067037,-0.8616928164028521,-0.5074302810827518,0.8744980560685747,-0.4850290196805589,0.9749279121818236,-0.2225209339563143,0.938746432156527,0,0,0,1,0,0
201,2011-09-01,761.3160718019066,-0.8702939222685674,-0.4925327287220543,0.8572964806503138,-0.5148230222752145,0.4338837391175582,-0.900968867902419,0.9311284654622024,0,0,0,1,0,0
202,2011-09-02,790.7734743238118,-0.8786374941610001,-0.4774894280028391,0.8390802290175676,-0.5440076922910431,-0.433883739117558,-0.9009688679024191,0.9231163463866358,0,0,0,1,0,0
203,2011-09-03,678.200640842231,-0.886721063082993,-0.4623048304798108,0.8198708615029215,-0.5725484874300667,-0.9749279121818236,-0.2225209339563146,0.914721343722234,0,0,0,1,0,0
204,2011-09-05,717.9314986267267,-0.9020987014301836,-0.4315297589714714,0.7785648703932891,-0.6275641342440474,0.0,1.0,0.8968300597468688,0,0,0,1,0,0
205,2011-09-06,777.525370318138,-0.9093882203647924,-0.4159483918249421,0.756517135610563,-0.6539738706764888,0.7818314824680298,0.6234898018587336,0.8873585302803527,0,0,0,1,0,0
206,2011-09-07,752.401578398472,-0.9164086366943458,-0.4002439388573056,0.733574004706797,-0.6796095788159788,0.9749279121818236,-0.2225209339563143,0.8775535639640376,0,0,0,1,0,0
207,2011-09-08,734.5388074148675,-0.923157872964704,-0.3844210472688554,0.709762632639161,-0.7044409168334328,0.4338837391175582,-0.900968867902419,0.8674284731834108,0,0,0,1,0,0
208,2011-09-09,677.4512467981965,-0.9296339319682696,-0.3684843993077793,0.6851112019949135,-0.72843849493357,-0.433883739117558,-0.9009688679024191,0.8569968914352789,0,0,0,1,0,0
209,2011-09-10,554.2660063500175,-0.935834897334994,-0.3524387108846032,0.6596488896351408,-0.7515739101399981,-0.9749279121818236,-0.2225209339563146,0.8462727428586204,0,0,0,1,0,0
210,2011-09-15,701.2519910755448,-0.9626519747161488,-0.2707418984477642,0.5212604463582784,-0.8533976488498011,0.4338837391175582,-0.900968867902419,0.7887672852587113,0,0,0,1,0,0
211,2011-09-16,505.8614953438442,-0.9671667297977312,-0.2541427094613622,0.4915967464233612,-0.8708229664552752,-0.433883739117558,-0.9009688679024191,0.7765925101265281,0,0,0,1,0,0
212,2011-09-17,353.47370809405834,-0.97139528468375,-0.2374683155584684,0.461351203990578,-0.8872175982116474,-0.9749279121818236,-0.2225209339563146,0.7642281651714905,0,0,0,1,0,0
213,2011-09-19,356.93321078695,-0.978988873740932,-0.2039136706831147,0.3992584296048835,-0.9168384298170764,0.0,1.0,0.7389912962803088,0,0,0,1,0,0
214,2011-09-20,364.638505656746,-0.9823516608469236,-0.1870433490699165,0.3674846892184069,-0.9300295711374188,0.7818314824680298,0.6234898018587336,0.7261490370736908,0,0,0,1,0,0
215,2011-09-21,360.17427714882103,-0.9854237542919524,-0.1701176783204905,0.3352760024840169,-0.9421199510456922,0.9749279121818236,-0.2225209339563143,0.71317767835549,0,0,0,1,0,0
216,2011-09-22,310.9800507688036,-0.9882042449941422,-0.15314166701312,0.3026704908556892,-0.9530952596488852,0.4338837391175582,-0.900968867902419,0.7000922199176512,0,0,0,1,0,0
217,2011-09-23,385.4743260737421,-0.9906923101615608,-0.136120338622667,0.2697067454601279,-0.962942506826501,-0.433883739117558,-0.9009688679024191,0.6869075574573877,0,0,0,1,0,0
218,2011-09-24,360.7458769906896,-0.9928872135356962,-0.1190587300340498,0.2364237814212129,-0.9716500376053584,-0.9749279121818236,-0.2225209339563146,0.6736384553447267,0,0,0,1,0,0
219,2011-09-26,410.70887997858506,-0.9963950238187232,-0.0848348779057653,0.1690581003831471,-0.9856060869814276,0.0,1.0,0.6469051754643523,0,0,0,1,0,0
220,2011-09-27,404.39395794070936,-0.9977068927101168,-0.0676827617545516,0.1350551158403456,-0.9908380875225532,0.7818314824680298,0.6234898018587336,0.6334696366573507,0,0,0,1,0,0
221,2011-09-28,382.2851021968862,-0.9987235240803972,-0.0505106171852228,0.1008922831974033,-0.9948973551031356,0.9749279121818236,-0.2225209339563143,0.6200068879809458,0,0,0,1,0,0
222,2011-09-29,374.80696279455503,-0.9994446170919858,-0.0333235257116313,0.0666100367900326,-0.9977790852682924,0.4338837391175582,-0.900968867902419,0.6065306597126334,0,0,0,1,0,0
223,2011-09-30,359.7288320542237,-0.9998699583618592,-0.0161265732706577,0.0322489522893041,-0.9994798672690922,-0.433883739117558,-0.9009688679024191,0.5930544067956073,0,0,0,1,0,0
224,2011-10-01,367.4337707607136,-0.9999994220246924,0.0010751512827982,-0.0021503013227746,-0.9999976880994382,-0.9749279121818236,-0.2225209339563146,0.5795912885442627,0,0,0,0,1,0
225,2011-10-03,425.265192286861,-0.9993706508539968,0.0354725557531255,-0.0709004622609115,-0.9974833955766828,0.0,1.0,0.5527555015877842,0,0,0,0,1,0
226,2011-10-04,425.6882638251888,-0.9986126020839734,0.052658056924614,-0.1051699984923495,-0.9944542580818482,0.7818314824680298,0.6234898018587336,0.5394075072376265,0,0,0,0,1,0
227,2011-10-05,413.7614184160505,-0.9975590477788612,0.0698279757298708,-0.1393150579548309,-0.9902481076109372,0.9749279121818236,-0.2225209339563143,0.5261219640934566,0,0,0,0,1,0
228,2011-10-06,417.1439450932926,-0.9962102997023295,0.0869772313136861,-0.1732952273485721,-0.9848699224660112,0.4338837391175582,-0.900968867902419,0.5129102907232946,0,0,0,0,1,0
229,2011-10-07,369.6191877354197,-0.9945667569706336,0.1041007489354256,-0.2070702885338407,-0.9783260681421668,-0.433883739117558,-0.9009688679024191,0.4997835137030315,0,0,0,0,1,0
230,2011-10-08,397.0927546430351,-0.9926289059345096,0.121193461470736,-0.2406002661322256,-0.9706242897934824,-0.9749279121818236,-0.2225209339563146,0.4867522559599717,0,0,0,0,1,0
231,2011-10-10,409.46563949264186,-0.9878726596350428,0.1552662498599956,-0.3067665664015059,-0.9517847833088268,0.0,1.0,0.4610167107835354,0,0,0,0,1,0
232,2011-10-11,391.0218996367476,-0.9850556718215012,0.172236243027682,-0.3393245761752893,-0.9406693531754186,0.7818314824680298,0.6234898018587336,0.448331563940943,0,0,0,0,1,0
233,2011-10-12,412.20232652389217,-0.981947190186646,0.1891552687200409,-0.3714809692572883,-0.9284405686308982,0.9749279121818236,-0.2225209339563143,0.4357802031543156,0,0,0,0,1,0
234,2011-10-13,426.0704681817169,-0.9785481345802032,0.2060183203251708,-0.4031976860870853,-0.9151129033807908,0.4338837391175582,-0.900968867902419,0.4233711028530494,0,0,0,0,1,0
235,2011-10-14,423.7093238398476,-0.9748595108374124,0.2228204077947995,-0.4344371874948622,-0.9007021317403184,-0.433883739117558,-0.9009688679024191,0.4111122905071874,0,0,0,0,1,0
236,2011-10-15,448.0985868814533,-0.9708824104813836,0.239556559120927,-0.4651624991319035,-0.8852253099642835,-0.9749279121818236,-0.2225209339563146,0.39901134372866,0,0,0,0,1,0
237,2011-10-17,428.4142840294941,-0.9620675724981452,0.2728112643340191,-0.5249257416559593,-0.8511480281049478,0.0,1.0,0.3753110988513995,0,0,0,0,1,0
238,2011-10-18,397.2212825639644,-0.957232443323312,0.2893199776186952,-0.5538929381563792,-0.8325879011014353,0.7818314824680298,0.6234898018587336,0.3637246969042016,0,0,0,0,1,0
239,2011-10-19,404.6761649204026,-0.9521140536681102,0.3057430764672831,-0.5822045598324479,-0.8130423423846421,0.9749279121818236,-0.2225209339563143,0.3523219549954969,0,0,0,0,1,0
240,2011-10-20,374.7843839818074,-0.9467139181463862,0.3220757010206104,-0.6098270977059321,-0.7925344856241648,0.4338837391175582,-0.900968867902419,0.3411081980965921,0,0,0,0,1,0
241,2011-10-21,378.23531200296384,-0.9410336347451196,0.3383130181923076,-0.6367278583821979,-0.7710886034432227,-0.433883739117558,-0.9009688679024191,0.3300883075351398,0,0,0,0,0,1
242,2011-10-22,321.8344317189761,-0.9350748843515574,0.3544502230989869,-0.6628750027453377,-0.7487300786901568,-0.9749279121818236,-0.2225209339563146,0.3192667256288431,0,0,0,0,0,1
243,2011-10-24,409.4473965276263,-0.9223291176290545,0.3864052261209853,-0.7127855825108473,-0.7013820024527804,0.0,1.0,0.2982340961814215,0,0,0,0,0,1
244,2011-10-25,307.33332752934786,-0.9155458729775467,0.4022135682368036,-0.7364899449095569,-0.6764484910524362,0.7818314824680298,0.6234898018587336,0.2880297924974456,0,0,0,0,0,1
245,2011-10-26,277.9574866535389,-0.9084917035725082,0.4179028888867866,-0.7593226149052589,-0.6507143509201561,0.9749279121818236,-0.2225209339563143,0.2780373004531941,0,0,0,0,0,1
246,2011-10-27,259.7123634906322,-0.9011686968561567,0.4334685453485363,-0.7812565682797488,-0.6242100403868479,0.4338837391175582,-0.900968867902419,0.2682589673008851,0,0,0,0,0,1
247,2011-10-28,270.7927675496169,-0.8935790198239952,0.4489059314938798,-0.8022658445149573,-0.5969669293392242,-0.433883739117558,-0.9009688679024191,0.258696746701885,0,0,0,0,0,1
248,2011-10-29,241.4959393677481,-0.8857249183835637,0.4642104791518923,-0.8223255775192096,-0.5690172620911411,-0.9749279121818236,-0.2225209339563146,0.2493522087772961,0,0,0,0,0,1
249,2011-10-31,305.38310331874555,-0.8692328164574792,0.4944029842076181,-0.8595025968555411,-0.5111313784132033,0.0,1.0,0.2313206080041767,0,0,0,0,0,1
250,2011-11-01,239.60078361825416,-0.8605996962501181,0.5092820071573356,-0.876575881330507,-0.4812636743715911,0.7818314824680298,0.6234898018587336,0.2226348658788909,0,0,0,0,0,1
251,2011-11-02,239.5903999875668,-0.8517119107469189,0.5240103253675756,-0.8926116709398649,-0.4508263578163351,0.9749279121818236,-0.2225209339563143,0.2141694715316088,0,0,0,0,0,1
252,2011-11-03,244.8311595574088,-0.8425720899866032,0.5385835804920232,-0.9075909860952636,-0.4198554536487849,0.4338837391175582,-0.900968867902419,0.2059242464341987,0,0,0,0,0,1
253,2011-11-04,226.7963966088651,-0.8331829385891785,0.5529974600700271,-0.9214960976269942,-0.3883876183121974,-0.433883739117558,-0.9009688679024191,0.1978986990836146,0,0,0,0,0,1
254,2011-11-05,225.5377476347,-0.8235472349556007,0.5672476988027229,-0.9343105477678196,-0.3564600964060307,-0.9749279121818236,-0.2225209339563146,0.1900920380007587,0,0,0,0,0,1
255,2011-11-07,273.8592015108454,-0.8035476485339116,0.5952404359043674,-0.9566081051665098,-0.2913776469287574,0.0,1.0,0.1751307883451509,0,0,0,0,0,1
256,2011-11-08,188.90945694140245,-0.7931896839451843,0.6089746507720486,-0.9660648215530204,-0.2582997494341228,0.7818314824680298,0.6234898018587336,0.1679732367575336,0,0,0,0,0,1
257,2011-11-09,194.214599184334,-0.7825970017677834,0.6225286602431057,-0.9743781260415392,-0.2249161343518477,0.9749279121818236,-0.2225209339563143,0.1610286725459804,0,0,0,0,0,1
258,2011-11-10,191.79122257198625,-0.7717727365467837,0.6358984534680745,-0.9815381791978468,-0.1912663137538222,0.4338837391175582,-0.900968867902419,0.1542950055015683,0,0,0,0,0,1
259,2011-11-11,213.46488846072228,-0.7607200913564104,0.6490800741100398,-0.98753650654923,-0.1573901147866107,-0.433883739117558,-0.9009688679024191,0.1477699265043177,0,0,0,0,0,1
260,2011-11-12,275.361699512638,-0.7494423368521953,0.6620696215153815,-0.992366008614672,-0.1233276325329588,-0.9749279121818236,-0.2225209339563146,0.1414509211393686,0,0,0,0,0,1
261,2011-11-14,196.2048892886504,-0.7262249146041543,0.6874571793269664,-0.998497062701478,-0.0548052531836224,0.0,1.0,0.1294201282977755,0,0,0,0,0,1
262,2011-11-15,214.6343782325725,-0.7142921172691032,0.699847677146407,-0.999791358149542,-0.0204264575855568,0.7818314824680298,0.6234898018587336,0.1237024067768548,0,0,0,0,0,1
263,2011-11-16,191.15377460419435,-0.7021479494046978,0.7120310787787131,-0.9999023237537764,0.0139765142935557,0.9749279121818236,-0.2225209339563143,0.1181789171817805,0,0,0,0,0,1
264,2011-11-17,278.21806222491705,-0.6897960046655887,0.7240037789593305,-0.9988298281778684,0.0483629438947822,0.4338837391175582,-0.900968867902419,0.1128463189671638,0,0,0,0,0,1
265,2011-11-18,336.7872457816933,-0.6772399381909491,0.7357622347736527,-0.996575140802686,0.082692132238239,-0.433883739117558,-0.9009688679024191,0.1077011451900321,0,0,0,0,0,1
266,2011-11-19,321.1482533030487,-0.6644834655228552,0.7473029667054297,-0.9931409302238696,0.116923448093473,-0.9749279121818236,-0.2225209339563146,0.1027398149024943,0,0,0,0,0,1
267,2011-11-21,208.94587446241383,-0.6383844591746642,0.769717664006921,-0.9827515893084884,0.1849305645685428,0.0,1.0,0.093353863304629,0,0,0,0,0,1
268,2011-11-22,192.33220801787263,-0.6250496486104377,0.7805849965070866,-0.9758087555546684,0.2186258735439368,0.7818314824680298,0.6234898018587336,0.0889216174593863,0,0,0,0,0,1
269,2011-11-23,222.3175160918906,-0.6115298757991053,0.7912213413483807,-0.9677109772087537,0.2520624220102616,0.9749279121818236,-0.2225209339563143,0.0846579886225299,0,0,0,0,0,1
270,2011-11-24,237.4830914105718,-0.5978291414589552,0.801623551065242,-0.9584678386132248,0.2852006352448972,0.4338837391175582,-0.900968867902419,0.080559000939185,0,0,0,0,0,1
271,2011-11-25,277.85884992434967,-0.5839514998576998,0.8117885474764613,-0.948090279732366,0.3180012916278857,-0.433883739117558,-0.9009688679024191,0.0766206321804935,0,0,0,0,0,1
272,2011-11-26,196.93030208602283,-0.5699010576127624,0.821713322596059,-0.936590583203982,0.3504255690637097,-0.9749279121818236,-0.2225209339563146,0.0728388237369676,0,0,0,0,0,1
273,2011-11-28,225.5719905686596,-0.5412984521036173,0.8408305333122887,-0.9102805323268018,0.4139919715004559,0.0,1.0,0.0657285286165304,0,0,0,0,0,1
274,2011-11-29,174.32316251657582,-0.5267547528105542,0.8500173118187018,-0.895501317943504,0.4450588607829839,0.7818314824680298,0.6234898018587336,0.0623918271307013,0,0,0,0,0,1
275,2011-11-30,204.31112516250275,-0.5120551783114646,0.8589525565270845,-0.8796622089871292,0.4755989887288283,0.9749279121818236,-0.2225209339563143,0.0591952734739325,0,0,0,0,0,1
276,2011-12-01,269.7355116342909,-0.4972040784469378,0.8676336233547726,-0.8627819522593745,0.5055762087514626,0.4338837391175582,-0.900968867902419,0.0561347628341337,0,0,0,0,0,1
277,2011-12-02,236.284334103988,-0.4822058478963526,0.8760579434344281,-0.8448805268402667,0.5349550405091192,-0.433883739117558,-0.9009688679024191,0.0532062053822325,0,0,0,0,0,1
278,2011-12-03,249.75638771370416,-0.4670649248774303,0.8842230238742036,-0.8259791204413983,0.5637007118984807,-0.9749279121818236,-0.2225209339563146,0.0504055333627536,0,0,0,0,0,1
279,2011-12-05,256.16920548149045,-0.4363729641045924,0.8997658785476209,-0.7852670068439961,0.6191572723971441,0.0,1.0,0.0451717245647246,0,0,0,0,0,1
280,2011-12-06,235.3589620338444,-0.4208310085956556,0.9071390534005044,-0.7635044855580851,0.6458025244087264,0.7818314824680298,0.6234898018587336,0.0427306205788496,0,0,0,0,0,1
281,2011-12-07,209.1084692086185,-0.4051645224207563,0.9142437912130223,-0.7408382980859317,0.6716834195431209,0.9749279121818236,-0.2225209339563143,0.0404014788741632,0,0,0,0,0,1
282,2011-12-08,218.43552760739087,-0.3893781415452015,0.9210779895789526,-0.717295271600886,0.6967693257736101,0.4338837391175582,-0.900968867902419,0.0381804338005357,0,0,0,0,0,1
283,2011-12-09,205.82065184166285,-0.3734765374130707,0.9276396261490468,-0.6929032710826029,0.7210305520038863,-0.433883739117558,-0.9009688679024191,0.0360636756174023,0,0,0,0,0,1
284,2011-12-10,184.32092256920745,-0.3574644155648614,0.9339267592294762,-0.6676911663366994,0.7444383832097442,-0.9749279121818236,-0.2225209339563146,0.0340474547345993,0,0,0,0,0,1
285,2011-12-12,230.58044335578688,-0.3251276029999093,0.9456701548465688,-0.6149269413476359,0.7885840835350667,0.0,1.0,0.0303019500674343,0,0,0,0,0,1
286,2011-12-13,215.0687845083753,-0.3088124812662537,0.9511229423235356,-0.587437271616382,0.8092697028283593,0.7818314824680298,0.6234898018587336,0.0285655007845503,0,0,0,0,0,1
287,2011-12-14,217.1986668098555,-0.2924059769510773,0.956294277219772,-0.5592523247663436,0.828997489286572,0.9749279121818236,-0.2225209339563143,0.0269152637299154,0,0,0,0,0,1
288,2011-12-15,238.1713847885165,-0.2759129450029604,0.9611826292540836,-0.5304054598463659,0.8477440935595867,0.4338837391175582,-0.900968867902419,0.0253478407929008,0,0,0,0,0,1
289,2011-12-16,226.28889709460816,-0.2593382659754056,0.9657865518844574,-0.5009308193361626,0.8654873276017396,-0.433883739117558,-0.9009688679024191,0.0238599118793802,0,0,0,0,0,1
290,2011-12-17,265.18703738750105,-0.2426868445825954,0.9701046827361176,-0.4708632887360563,0.8822061909330864,-0.9749279121818236,-0.2225209339563146,0.0224482367321429,0,0,0,0,0,1
291,2011-12-19,281.5306989957077,-0.2091735056463563,0.9778785428342386,-0.4090925658019766,0.9124928890712274,0.0,1.0,0.0198410947443702,0,0,0,0,0,1
292,2011-12-20,246.4835812798036,-0.1923215052390948,0.9813319716704276,-0.3774624838618108,0.9260248772451376,0.7818314824680298,0.6234898018587336,0.0186395588695301,0,0,0,0,0,1
293,2011-12-21,265.6183786920868,-0.1754125938042784,0.9844950085880858,-0.345385646087603,0.9384608438697104,0.9749279121818236,-0.2225209339563143,0.0175021403684067,0,0,0,0,0,1
294,2011-12-22,242.6269181985792,-0.1584517749608363,0.9873667175937016,-0.3129000178799537,0.949786070023521,0.4338837391175582,-0.900968867902419,0.0164260155188855,0,0,0,0,0,1
295,2011-12-23,198.41886646394084,-0.141444067687942,0.989946248902378,-0.2800440484743445,0.9599871514317776,-0.433883739117558,-0.9009688679024191,0.0154084455711887,0,0,0,0,0,1
296,2011-12-24,260.4018589982174,-0.1243945048397999,0.9922328391893008,-0.2468566254334839,0.969052014331322,-0.9749279121818236,-0.2225209339563146,0.0144467767640457,0,0,0,0,0,1
297,2011-12-26,264.1060597361138,-0.0901900042703451,0.99592457702866,-0.179644883710313,0.9837315262594304,0.0,1.0,0.0126809511496068,0,0,0,0,0,1
298,2011-12-27,347.6178282702376,-0.0730451882110474,0.9973286321364752,-0.1457001152853506,0.9893288009584252,0.7818314824680298,0.6234898018587336,0.0118719091278277,0,0,0,0,0,1
299,2011-12-28,289.2860142505614,-0.0558787569053731,0.9984375616565666,-0.1115828995860015,0.9937551290534204,0.9749279121818236,-0.2225209339563143,0.0111089965382423,0,0,0,0,0,1
300,2011-12-29,291.62992977997425,-0.0386957901765268,0.999251037438848,-0.0773336169568209,0.9970052716452285,0.4338837391175582,-0.900968867902419,0.0103899781147773,0,0,0,0,0,1
301,2011-12-30,268.29246364519906,-0.0215013727408137,0.999768818762748,-0.0429928040537219,0.9990753819405211,-0.433883739117558,-0.9009688679024191,0.0097126998429016,0,0,0,0,0,1
302,2011-12-31,250.2704671866383,-0.0043005927029819,0.9999907524084426,-0.0086011058657144,0.999963009804806,-0.9749279121818236,-0.2225209339563146,0.0090750878156515,0,0,0,0,0,1
303,2012-01-03,271.20552296373126,0.0515843668694083,0.9986686402879996,0.1030313790431787,0.9946781061893646,0.7818314824680298,0.6234898018587336,0.0072532058010343,0,0,0,0,0,0
304,2012-01-04,343.8093397695178,0.0687554084811394,0.9976335468520452,0.1371854040566005,0.9905453876091832,0.9749279121818236,-0.2225209339563143,0.0067628442633904,0,0,0,0,0,0
305,2012-01-05,350.6937339978679,0.0859061042613327,0.9963032375991964,0.1711770596101998,0.985240282501282,0.4338837391175582,-0.900968867902419,0.0063025210714774,0,0,0,0,0,0
306,2012-01-06,283.67694119516784,0.1030313790431787,0.9946781061893646,0.2049661139694953,0.9787690698649216,-0.433883739117558,-0.9009688679024191,0.0058706306788869,0,0,0,0,0,0
307,2012-01-07,242.00942199901635,0.1201261651823505,0.9927586335250792,0.2385125751940764,0.9711394088771652,-0.9749279121818236,-0.2225209339563146,0.0054656365237319,0,0,0,0,0,0
308,2012-01-09,250.03498485008933,0.1542040475626894,0.988039023376751,0.3047192331091634,0.9524422234305676,0.0,1.0,0.0047305247785057,0,0,0,0,0,0
309,2012-01-10,273.2163513633284,0.1711770596101998,0.985240282501282,0.3373010691361842,0.9413968285264122,0.7818314824680298,0.6234898018587336,0.0043976626339341,0,0,0,0,0,0
310,2012-01-11,264.63501439347823,0.1880994176117975,0.9821499931752292,0.3694836834473831,0.9292372181882051,0.9749279121818236,-0.2225209339563143,0.0040862038707351,0,0,0,0,0,0
311,2012-01-12,270.10679761642024,0.2049661139694953,0.9787690698649216,0.4012289854475009,0.9159777842484876,0.4338837391175582,-0.900968867902419,0.0037949292693038,0,0,0,0,0,0
312,2012-01-13,323.6488562598686,0.2217721575564818,0.975098513039961,0.4324994021339788,0.901634220265486,-0.433883739117558,-0.9009688679024191,0.0035226774101574,0,0,0,0,0,0
313,2012-01-14,252.8911292581615,0.2385125751940764,0.9711394088771652,0.4632579225674917,0.88622350294858,-0.9749279121818236,-0.2225209339563146,0.0032683427650369,0,0,0,0,0,0
314,2012-01-16,232.2755227237404,0.2717767384711357,0.9623603298276544,0.5230943033491326,0.8522748088519838,0.0,1.0,0.0028092710364807,0,0,0,0,0,0
315,2012-01-17,252.1331525346584,0.2882906407095177,0.957542952811672,0.5521013427459208,0.8337770129585915,0.7818314824680298,0.6234898018587336,0.0026025852527254,0,0,0,0,0,0
316,2012-01-18,176.52962383211857,0.3047192331091634,0.9524422234305676,0.580454927809098,0.8142923779467267,0.9749279121818236,-0.2225209339563143,0.0024099155339509,0,0,0,0,0,0
317,2012-01-19,303.9038060081069,0.321057654185271,0.9470596510722284,0.6081214998935418,0.7938439653781019,0.4338837391175582,-0.900968867902419,0.0022304074712809,0,0,0,0,0,0
318,2012-01-20,261.955206135662,0.3373010691361842,0.9413968285264122,0.6350683134867438,0.7724559775191742,-0.433883739117558,-0.9009688679024191,0.0020632513354787,0,0,0,0,0,0
319,2012-01-21,509.60875953086605,0.3534446712740877,0.9354554315134164,0.6612634749656386,0.7501537286959042,-0.9749279121818236,-0.2225209339563146,0.0019076802879754,0,0,0,0,0,0
320,2012-01-26,365.896250989872,0.4324994021339788,0.901634220265486,0.7799125224167177,0.6258885343075018,0.4338837391175582,-0.900968867902419,0.0012795459378999,0,0,0,0,0,0
321,2012-01-27,283.10224977546056,0.4479449394078911,0.8940611451454876,0.8009803309782905,0.5986906625177214,-0.433883739117558,-0.9009688679024191,0.0011795668021961,0,0,0,0,0,0
322,2012-01-28,402.56160767919226,0.4632579225674917,0.88622350294858,0.8211001178128892,0.5707841943569036,-0.9749279121818236,-0.2225209339563146,0.0010868628230603,0,0,0,0,0,0
323,2012-01-30,279.1628136663796,0.4934681416772373,0.8697638720650646,0.8584015232918917,0.512978386299228,0.0,1.0,0.0009213735043575,0,0,0,0,0,0
324,2012-01-31,294.3668751679268,0.5083564379375122,0.8611467540480452,0.8755389928586302,0.4831474640149687,0.7818314824680298,0.6234898018587336,0.0008477045464715,0,0,0,0,0,0
325,2012-02-01,333.8992932098252,0.5230943033491326,0.8522748088519838,0.8916401947968874,0.452744699607371,0.9749279121818236,-0.2225209339563143,0.0007795407797602,0,0,0,0,0,0
326,2012-02-02,342.95622908463395,0.5376773767406141,0.8431506618282,0.9066860720977984,0.4218060770826634,0.4338837391175582,-0.900968867902419,0.0007165041324157,0,0,0,0,0,0
327,2012-02-03,370.3658012347784,0.5521013427459208,0.8337770129585915,0.9206588168102428,0.3903682146763026,-0.433883739117558,-0.9009688679024191,0.000658239732409,0,0,0,0,0,0
328,2012-02-04,412.4720012576639,0.5663619330814524,0.8241566360566663,0.9335418911179212,0.3584683215124808,-0.9749279121818236,-0.2225209339563146,0.0006044147037595,0,0,0,0,0,0
329,2012-02-06,323.2532833197018,0.5943761565849831,0.804187157621448,0.9559793438440766,0.2934339689665273,0.0,1.0,0.0005088543328223,0,0,0,0,0,0
330,2012-02-07,485.28695360989326,0.6081214998935418,0.7938439653781019,0.9655071658143364,0.2603764827344581,0.7818314824680298,0.6234898018587336,0.0004665530201723,0,0,0,0,0,0
331,2012-02-08,286.6427775745411,0.6216868902665479,0.7832658619336791,0.9738922359149924,0.2270108209414184,0.9749279121818236,-0.2225209339563143,0.0004275570451654,0,0,0,0,0,0
332,2012-02-09,340.5663416964203,0.6350683134867438,0.7724559775191742,0.981124629771712,0.1933764744102058,0.4338837391175582,-0.900968867902419,0.0003916270330904,0,0,0,0,0,0
333,2012-02-10,425.1905418619239,0.6482618097757122,0.7614175109532997,0.9871957872910084,0.1595132519726365,-0.433883739117558,-0.9009688679024191,0.0003585393208955,0,0,0,0,0,0
334,2012-02-11,365.0657181658127,0.6612634749656386,0.7501537286959042,0.992098522791769,0.1254612333527364,-0.9749279121818236,-0.2225209339563146,0.0003280850598723,0,0,0,0,0,0
335,2012-02-13,373.001047255247,0.6866759803451553,0.726963615332308,0.998376906467142,0.0569521960340397,0.0,1.0,0.0002743104674934,0,0,0,0,0,0
336,2012-02-14,311.9446656015556,0.6990793005655562,0.7150441465537444,0.9997451236925734,0.0225762630415454,0.7818314824680298,0.6234898018587336,0.0002805480820737,0,0,0,0,0,0
337,2012-02-15,493.542221431281,0.7112757519738152,0.7029130847082615,0.9999300657962056,-0.0118263906918325,0.9749279121818236,-0.2225209339563143,0.0003068548257635,0,0,0,0,0,0
338,2012-02-16,372.5070325338023,0.7232617254437388,0.6905740195722294,0.9989315138848576,-0.0462150469837083,0.4338837391175582,-0.900968867902419,0.0003354626279025,0,0,0,0,0,0
339,2012-02-17,380.81882106932,0.7350336741329412,0.6780306024735382,0.9967506498213928,-0.0805490042187416,-0.433883739117558,-0.9009688679024191,0.0003665564497251,0,0,0,0,0,0
340,2012-02-18,382.2074788068573,0.746588114532413,0.6652865452111116,0.9933900548258936,-0.114787625522127,-0.9749279121818236,-0.2225209339563146,0.0004003345935883,0,0,0,0,0,0
341,2012-02-20,530.1015037212621,0.7690308592589181,0.6392116531380588,0.98314697372215,-0.1828169249850199,0.0,1.0,0.0004768087638956,0,0,0,0,0,0
342,2012-02-21,500.7922453390205,0.7799125224167177,0.6258885343075018,0.976276611086932,-0.2165270852448143,0.7818314824680298,0.6234898018587336,0.0005199757432558,0,0,0,0,0,0
343,2012-02-22,500.8009383162763,0.7905633969115482,0.612380204990065,0.9682507501166718,-0.2499809690726521,0.9749279121818236,-0.2225209339563143,0.0005667708074866,0,0,0,0,0,0
344,2012-02-23,559.3504869873306,0.8009803309782905,0.5986906625177214,0.9590788900341132,-0.2831389812281835,0.4338837391175582,-0.900968867902419,0.0006174721799374,0,0,0,0,0,0
345,2012-02-24,405.3685858762947,0.8111602420785621,0.5848239578463322,0.9487718864399473,-0.3159618766579029,-0.433883739117558,-0.9009688679024191,0.0006723770032408,0,0,0,0,0,0
346,2012-02-25,393.6252344399774,0.8211001178128892,0.5707841943569036,0.9373419384643772,-0.3484108069446808,-0.9749279121818236,-0.2225209339563146,0.0007318024188804,0,0,0,0,0,0
347,2012-02-27,535.616967402126,0.8402480696078469,0.5422021592729844,0.9111686353326632,-0.4120336369594263,0.0,1.0,0.0008655903784247,0,0,0,0,0,0
348,2012-02-28,551.4570901525747,0.8494504794814806,0.527668345562516,0.8964562582905575,-0.4431322341826345,0.7818314824680298,0.6234898018587336,0.0009406975448679,0,0,0,0,0,0
349,2012-02-29,468.3301632463786,0.8584015232918917,0.512978386299228,0.8806828564301475,-0.47370635037968,0.9749279121818236,-0.2225209339563143,0.0010218170249252,0,0,0,0,0,0
350,2012-03-01,409.9926361088636,0.8670985522812081,0.4981366284784055,0.8638670987837349,-0.503719798736334,0.4338837391175582,-0.900968867902419,0.0011093837286151,0,0,0,0,0,0
351,2012-03-02,489.0496485838036,0.8755389928586302,0.4831474640149687,0.8460288880917339,-0.533137056031809,-0.433883739117558,-0.9009688679024191,0.0012038599948282,0,0,0,0,0,0
352,2012-03-03,580.2371393698155,0.8837203473619977,0.4680153284438345,0.8271893372462497,-0.5619233046832195,-0.9749279121818236,-0.2225209339563146,0.0013057369899986,0,0,0,0,0,0
353,2012-03-05,538.9448415521621,0.8992961915530253,0.4373400963303323,0.7865965660866021,-0.6174672802835514,0.0,1.0,0.0015338106793244,0,0,0,0,0,0
354,2012-03-06,655.9387501535039,0.9066860720977984,0.4218060770826634,0.7648913904341226,-0.6441592666722685,0.7818314824680298,0.6234898018587336,0.0016611470627641,0,0,0,0,0,0
355,2012-03-07,567.7958607402113,0.9138076496466616,0.4061472386305788,0.742280907086982,-0.6700888411055113,0.9749279121818236,-0.2225209339563143,0.0017981666618475,0,0,0,0,0,0
356,2012-03-08,610.0437741226926,0.9206588168102428,0.3903682146763026,0.7187918772884232,-0.6952253139408722,0.4338837391175582,-0.900968867902419,0.0019455273214659,0,0,0,0,0,0
357,2012-03-09,550.90210515809,0.9272375462179536,0.374473674486883,0.6944521021088763,-0.719538934232584,-0.433883739117558,-0.9009688679024191,0.0021039250291307,0,0,0,0,0,0
358,2012-03-10,576.2391742389948,0.9335418911179212,0.3584683215124808,0.6692903895412567,-0.7430009249440493,-0.9749279121818236,-0.2225209339563146,0.0022740956104016,0,0,0,0,0,0
359,2012-03-12,561.3624446039679,0.945320046913132,0.3261441535642696,0.6166212130956382,-0.7872599821916922,0.0,1.0,0.0026529083096449,0,0,0,0,0,0
360,2012-03-13,635.5957943618738,0.9507903724625832,0.3098349038318025,0.5891760872322963,-0.8080046647350754,0.7818314824680298,0.6234898018587336,0.0028632370196305,0,0,0,0,0,0
361,2012-03-14,637.7106794618777,0.9559793438440766,0.2934339689665273,0.5610336262283677,-0.8277930117131022,0.9749279121818236,-0.2225209339563143,0.0030887154082367,0,0,0,0,0,0
362,2012-03-15,592.8633308696724,0.9608854255574976,0.2769462022689364,0.5322271388474397,-0.8466016020976267,0.4338837391175582,-0.900968867902419,0.0033303050984696,0,0,0,0,0,0
363,2012-03-16,561.9130206660242,0.9655071658143364,0.2603764827344581,0.5027907197793043,-0.8644081744776648,-0.433883739117558,-0.9009688679024191,0.0035890183886718,0,0,0,0,0,0
364,2012-03-17,803.5736053719008,0.969843196967294,0.2437297136096838,0.4727592092862775,-0.881191653407483,-0.9749279121818236,-0.2225209339563146,0.0038659201394728,0,0,0,0,0,0
365,2012-03-19,583.4191979622547,0.977653084481664,0.2102247521189836,0.4110537546870351,-0.911611107193024,0.0,1.0,0.004478822680028,0,0,0,0,0,0
366,2012-03-20,554.7155693987424,0.981124629771712,0.1933764744102058,0.3794528437245443,-0.925211078289358,0.7818314824680298,0.6234898018587336,0.0048172331281061,0,0,0,0,0,0
367,2012-03-21,551.6482636605315,0.984305844499033,0.1764709734915216,0.3474028211842774,-0.9377159910299092,0.9749279121818236,-0.2225209339563143,0.0051786551677508,0,0,0,0,0,0
368,2012-03-22,530.3524799809169,0.9871957872910084,0.1595132519726365,0.3149416207289519,-0.9491110448902284,0.4338837391175582,-0.900968867902419,0.0055644450277938,0,0,0,0,0,0
369,2012-03-23,570.4626860333597,0.9897936029670716,0.1425083279161708,0.2821076626819194,-0.9593827529490744,-0.433883739117558,-0.9009688679024191,0.0059760228950059,0,0,0,0,0,0
370,2012-03-24,660.0012683478041,0.992098522791769,0.1254612333527364,0.2489398085537665,-0.9685189578512204,-0.9749279121818236,-0.2225209339563146,0.0064148747704495,0,0,0,0,0,0
371,2012-03-26,509.3345754458148,0.9958270335100596,0.0912607217293118,0.1817597875913753,-0.9833429613388902,0.0,1.0,0.0073806845376742,0,0,0,0,0,0
372,2012-03-27,584.168072219058,0.9972495210773452,0.0741174251509443,0.1478271334705304,-0.9890132145779884,0.7818314824680298,0.6234898018587336,0.0079109597339302,0,0,0,0,0,0
373,2012-03-28,588.2082463076234,0.998376906467142,0.0569521960340397,0.1137195145859496,-0.9935128947338008,0.9749279121818236,-0.2225209339563143,0.0084751469727328,0,0,0,0,0,0
374,2012-03-29,558.3858324608874,0.9992088560679752,0.0397701138460557,0.0794772999236209,-0.9968366760893436,0.4338837391175582,-0.900968867902419,0.0090750878156515,0,0,0,0,0,0
375,2012-03-30,639.060630144763,0.9997451236925734,0.0225762630415454,0.0451410177739719,-0.998980624694158,-0.433883739117558,-0.9009688679024191,0.0097126998429016,0,0,0,0,0,0
376,2012-03-31,654.011277668269,0.9999855506507186,0.0053757315575838,0.0107513077635219,-0.9999422030204416,-0.9749279121818236,-0.2225209339563146,0.0103899781147773,0,0,0,0,0,0
377,2012-04-02,589.4647315207401,0.9995786855478958,-0.0290250133219752,-0.0580255693287803,-0.9983150972033183,0.0,1.0,0.0118719091278277,0,0,0,0,0,0
378,2012-04-03,654.0946909202235,0.9989315138848576,-0.0462150469837083,-0.0923313336953912,-0.9957283388645872,0.7818314824680298,0.6234898018587336,0.0126809511496068,0,0,0,0,0,0
379,2012-04-04,749.1535132346814,0.9979887423155984,-0.0633914048695103,-0.1265278168386831,-0.9919630595773395,0.9749279121818236,-0.2225209339563143,0.0135384401366523,0,0,0,0,0,0
380,2012-04-05,703.7113996261912,0.9967506498213928,-0.0805490042187416,-0.1605745445949937,-0.9870237158387384,0.4338837391175582,-0.900968867902419,0.0144467767640457,0,0,0,0,0,0
381,2012-04-06,659.8306833986597,0.9952176027737294,-0.0976827678217159,-0.1944312200476619,-0.9809161537413774,-0.433883739117558,-0.9009688679024191,0.0154084455711887,0,0,0,0,0,0
382,2012-04-07,657.9779728840439,0.9933900548258936,-0.114787625522127,-0.2280577712215198,-0.9736476020539838,-0.9749279121818236,-0.2225209339563146,0.0164260155188855,0,0,0,0,0,0
383,2012-04-09,612.1940161710869,0.9888537064205885,-0.1488903868564548,-0.2944616217868012,-0.9556633054034704,0.0,1.0,0.0186395588695301,0,0,0,0,0,0
384,2012-04-10,968.6646628985416,0.986146248341595,-0.1658781989346314,-0.3271603271220951,-0.9449688462364056,0.7818314824680298,0.6234898018587336,0.0198410947443702,0,0,0,0,0,0
385,2012-04-11,928.4555821317458,0.98314697372215,-0.1828169249850199,-0.3594718130884232,-0.9331559438780432,0.9749279121818236,-0.2225209339563143,0.021109656453671,1,0,0,0,0,0
386,2012-04-12,1104.3831098868145,0.9798567700958664,-0.1997015525660636,-0.3913578365610259,-0.9202385798054076,0.4338837391175582,-0.900968867902419,0.0224482367321429,1,0,0,0,0,0
387,2012-04-13,775.1545101046796,0.976276611086932,-0.2165270852448143,-0.4227806579826773,-0.9062320427107696,-0.433883739117558,-0.9009688679024191,0.0238599118793802,1,0,0,0,0,0
388,2012-04-14,813.9730488873688,0.9724075561219968,-0.2332885440754551,-0.4537030860313442,-0.8911529104063088,-0.9749279121818236,-0.2225209339563146,0.0253478407929008,1,0,0,0,0,0
389,2012-04-16,709.4453375334747,0.9638074231367308,-0.2665994206792935,-0.5139010013093103,-0.8578494977869301,0.0,1.0,0.0285655007845503,1,0,0,0,0,0
390,2012-04-17,1326.1671953390517,0.9590788900341132,-0.2831389812281835,-0.5431052396834317,-0.8396646346181327,0.7818314824680298,0.6234898018587336,0.0303019500674343,1,0,0,0,0,0
391,2012-04-18,691.1226516942985,0.9540665500578388,-0.2995947563972602,-0.5716666713027052,-0.8204859638785327,0.9749279121818236,-0.2225209339563143,0.0321280855748041,1,0,0,0,0,0
392,2012-04-19,731.1091984447625,0.9487718864399473,-0.3159618766579029,-0.5995514915196489,-0.8003361849976323,0.4338837391175582,-0.900968867902419,0.0340474547345993,1,0,0,0,0,0
393,2012-04-20,771.8899526039556,0.9431964659565866,-0.3322354987159043,-0.6267266965083301,-0.7792391467859886,-0.433883739117558,-0.9009688679024191,0.0360636756174023,1,0,0,0,0,0
394,2012-04-21,687.2825696873475,0.9373419384643772,-0.3484108069446808,-0.65316012232693,-0.7572198192083127,-0.9749279121818236,-0.2225209339563146,0.0381804338005357,1,0,0,0,0,0
395,2012-04-23,892.4724736630727,0.9248025743285088,-0.3804473662878516,-0.7036774074790128,-0.7105196029692745,0.0,1.0,0.0427306205788496,1,0,0,0,0,0
396,2012-04-24,1235.6028638163907,0.9181214482844364,-0.3962991372689181,-0.7277014757264236,-0.6858939875998223,0.7818314824680298,0.6234898018587336,0.0451717245647246,1,0,0,0,0,0
397,2012-04-25,920.2821978864724,0.9111686353326632,-0.4120336369594263,-0.7508642533989489,-0.6604565640279754,0.9749279121818236,-0.2225209339563143,0.0477287077631641,1,0,0,0,0,0
398,2012-04-26,1449.583730051798,0.9039461929224012,-0.4276462092677746,-0.7731383255706026,-0.6342374393978054,0.4338837391175582,-0.900968867902419,0.0504055333627536,1,0,0,0,0,0
399,2012-04-27,874.4754028730637,0.8964562582905575,-0.4431322341826345,-0.7944973291665992,-0.6072676460566135,-0.433883739117558,-0.9009688679024191,0.0532062053822325,1,0,0,0,0,0
400,2012-04-28,853.1311643807131,0.8887010478292915,-0.4584871291400876,-0.8149159841660791,-0.5795791048257612,-0.9749279121818236,-0.2225209339563146,0.0561347628341337,1,0,0,0,0,0
401,2012-04-30,728.0253460957657,0.8724040568049612,-0.4887853942889926,-0.8528367217694595,-0.522177676659508,0.0,1.0,0.0623918271307013,1,0,0,0,0,0
402,2012-05-01,633.2581911486589,0.8638670987837349,-0.503719798736334,-0.8702939222685674,-0.4925327287220543,0.7818314824680298,0.6234898018587336,0.0657285286165304,1,0,0,0,0,0
403,2012-05-02,600.2436234236441,0.8550745085896932,-0.518505144391157,-0.886721063082993,-0.4623048304798108,0.9749279121818236,-0.2225209339563143,0.0692094902133194,1,0,0,0,0,0
404,2012-05-03,469.42747152819686,0.8460288880917339,-0.533137056031809,-0.9020987014301836,-0.4315297589714714,0.4338837391175582,-0.900968867902419,0.0728388237369676,1,0,0,0,0,0
405,2012-05-04,422.62025620145874,0.8367329140344921,-0.5476112038402312,-0.9164086366943458,-0.4002439388573056,-0.433883739117558,-0.9009688679024191,0.0766206321804935,1,0,0,0,0,0
406,2012-05-05,375.4797102611545,0.8271893372462497,-0.5619233046832195,-0.9296339319682696,-0.3684843993077793,-0.9749279121818236,-0.2225209339563146,0.080559000939185,1,0,0,0,0,0
407,2012-05-08,877.3374115789793,0.7971015927871943,-0.6038452208771035,-0.9626519747161488,-0.2707418984477642,0.7818314824680298,0.6234898018587336,0.093353863304629,1,0,0,0,0,0
408,2012-05-09,709.367314118784,0.7865965660866021,-0.6174672802835514,-0.97139528468375,-0.2374683155584684,0.9749279121818236,-0.2225209339563143,0.0979586452573397,1,0,0,0,0,0
409,2012-05-10,822.0803630299034,0.7758587728069828,-0.6309066211876704,-0.978988873740932,-0.2039136706831147,0.4338837391175582,-0.900968867902419,0.1027398149024943,1,0,0,0,0,0
410,2012-05-11,755.5168358449224,0.7648913904341226,-0.6441592666722685,-0.9854237542919524,-0.1701176783204905,-0.433883739117558,-0.9009688679024191,0.1077011451900321,1,0,0,0,0,0
411,2012-05-12,521.0273014543517,0.753697664392914,-0.6572212950663319,-0.9906923101615608,-0.136120338622667,-0.9749279121818236,-0.2225209339563146,0.1128463189671638,1,0,0,0,0,0
412,2012-05-14,457.6131519758055,0.7306444969184916,-0.6827580970759147,-0.9977068927101168,-0.0676827617545516,0.0,1.0,0.1237024067768548,1,0,0,0,0,0
413,2012-05-15,493.3626201902908,0.7187918772884232,-0.6952253139408722,-0.9994446170919858,-0.0333235257116313,0.7818314824680298,0.6234898018587336,0.1294201282977755,1,0,0,0,0,0
414,2012-05-16,714.1264780356355,0.7067265555776158,-0.7074868024503348,-0.9999994220246924,0.0010751512827982,0.9749279121818236,-0.2225209339563143,0.1353352832366127,1,0,0,0,0,0
415,2012-05-17,614.9400537134942,0.6944521021088763,-0.719538934232584,-0.9993706508539968,0.0354725557531255,0.4338837391175582,-0.900968867902419,0.1414509211393686,1,0,0,0,0,0
416,2012-05-18,370.4971627553166,0.6819721490904629,-0.7313781428679254,-0.9975590477788612,0.0698279757298708,-0.433883739117558,-0.9009688679024191,0.1477699265043177,1,0,0,0,0,0
417,2012-05-19,288.40141809229533,0.6692903895412567,-0.7430009249440493,-0.9945667569706336,0.1041007489354256,-0.9749279121818236,-0.2225209339563146,0.1542950055015683,1,0,0,0,0,0
418,2012-05-21,596.0626350256549,0.6433365204044917,-0.765583517007675,-0.9850556718215012,0.172236243027682,0.0,1.0,0.1679732367575336,0,1,0,0,0,0
419,2012-05-22,734.452473580715,0.6300720909843687,-0.7765366444428655,-0.9785481345802032,0.2060183203251708,0.7818314824680298,0.6234898018587336,0.1751307883451509,0,1,0,0,0,0
420,2012-05-24,961.074074074074,0.6029878670694714,-0.7977503570459932,-0.9620675724981452,0.2728112643340191,0.4338837391175582,-0.900968867902419,0.1900920380007587,0,1,0,0,0,0
421,2012-05-25,335.5134621839529,0.5891760872322963,-0.8080046647350754,-0.9521140536681102,0.3057430764672831,-0.433883739117558,-0.9009688679024191,0.1978986990836146,0,1,0,0,0,0
422,2012-05-26,304.7130940533319,0.5751899607119775,-0.8180198708443175,-0.9410336347451196,0.3383130181923076,-0.9749279121818236,-0.2225209339563146,0.2059242464341987,0,1,0,0,0,0
423,2012-05-28,315.37241573112,0.5467112728685939,-0.8373211953118121,-0.9155458729775467,0.4022135682368036,0.0,1.0,0.2226348658788909,0,1,0,0,0,0
424,2012-05-29,310.8876436565336,0.5322271388474397,-0.8466016020976267,-0.9011686968561567,0.4334685453485363,0.7818314824680298,0.6234898018587336,0.2313206080041767,0,1,0,0,0,0
425,2012-05-30,234.7858058638288,0.5175855102531889,-0.8556314858488706,-0.8857249183835637,0.4642104791518923,0.9749279121818236,-0.2225209339563143,0.2402265507324824,0,1,0,0,0,0
426,2012-05-31,399.4592708942139,0.5027907197793043,-0.8644081744776648,-0.8692328164574792,0.4944029842076181,0.4338837391175582,-0.900968867902419,0.2493522087772961,0,1,0,0,0,0
427,2012-06-01,259.7853996966794,0.4878471454423119,-0.8729290708206411,-0.8517119107469189,0.5240103253675756,-0.433883739117558,-0.9009688679024191,0.258696746701885,0,1,0,0,0,0
428,2012-06-02,263.4684978081246,0.4727592092862775,-0.881191653407483,-0.8331829385891785,0.5529974600700271,-0.9749279121818236,-0.2225209339563146,0.2682589673008851,0,1,0,0,0,0
429,2012-06-04,286.575952398305,0.442168151967072,-0.8969321743510065,-0.7931896839451843,0.6089746507720486,0.0,1.0,0.2880297924974456,0,1,0,0,0,0
430,2012-06-05,277.410262411568,0.4266740831899246,-0.9044054548343,-0.7717727365467837,0.6358984534680745,0.7818314824680298,0.6234898018587336,0.2982340961814215,0,1,0,0,0,0
431,2012-06-06,258.8007401202131,0.4110537546870351,-0.911611107193024,-0.7494423368521953,0.6620696215153815,0.9749279121818236,-0.2225209339563143,0.3086474612366189,0,1,0,0,0,0
432,2012-06-07,301.35725811479347,0.3953117887649151,-0.9185469991587164,-0.7262249146041543,0.6874571793269664,0.4338837391175582,-0.900968867902419,0.3192667256288431,0,1,0,0,0,0
433,2012-06-08,272.2610421474875,0.3794528437245443,-0.925211078289358,-0.7021479494046978,0.7120310787787131,-0.433883739117558,-0.9009688679024191,0.3300883075351398,0,1,0,0,0,0
434,2012-06-09,279.28335659294834,0.3634816124829063,-0.9316013725767188,-0.6772399381909491,0.7357622347736527,-0.9749279121818236,-0.2225209339563146,0.3411081980965921,0,1,0,0,0,0
435,2012-06-11,191.80395414825583,0.3312212278016865,-0.9435531242349544,-0.6250496486104377,0.7805849965070866,0.0,1.0,0.3637246969042016,0,1,0,0,0,0
436,2012-06-12,243.20075699568423,0.3149416207289519,-0.9491110448902284,-0.5978291414589552,0.801623551065242,0.7818314824680298,0.6234898018587336,0.3753110988513995,0,1,0,0,0,0
437,2012-06-13,219.05975006982985,0.2985688173637202,-0.9543881083175908,-0.5699010576127624,0.821713322596059,0.9749279121818236,-0.2225209339563143,0.3870753885499897,0,1,0,0,0,0
438,2012-06-14,314.60132598107583,0.2821076626819194,-0.9593827529490744,-0.5412984521036173,0.8408305333122887,0.4338837391175582,-0.900968867902419,0.39901134372866,0,1,0,0,0,0
439,2012-06-15,405.57127332720825,0.2655630278040559,-0.9640935007889756,-0.5120551783114646,0.8589525565270845,-0.433883739117558,-0.9009688679024191,0.4111122905071874,0,1,0,0,0,0
440,2012-06-16,281.2185233927347,0.2489398085537665,-0.9685189578512204,-0.4822058478963526,0.8760579434344281,-0.9749279121818236,-0.2225209339563146,0.4233711028530494,0,1,0,0,0,0
441,2012-06-18,431.1854483950654,0.2154773150467301,-0.976508846196619,-0.4208310085956556,0.9071390534005044,0.0,1.0,0.448331563940943,0,1,0,0,0,0
442,2012-06-19,301.3352267231586,0.1986479428801711,-0.9800709131432666,-0.3893781415452015,0.9210779895789526,0.7818314824680298,0.6234898018587336,0.4610167107835354,0,1,0,0,0,0
443,2012-06-20,247.33215463460607,0.1817597875913753,-0.9833429613388902,-0.3574644155648614,0.9339267592294762,0.9749279121818236,-0.2225209339563143,0.473826726395364,0,1,0,0,0,0
444,2012-06-21,411.8687828212712,0.1648178466571979,-0.9863240225317866,-0.3251276029999093,0.9456701548465688,0.4338837391175582,-0.900968867902419,0.4867522559599717,0,1,0,0,0,0
445,2012-06-22,975.5261676517824,0.1478271334705304,-0.9890132145779884,-0.2924059769510773,0.956294277219772,-0.433883739117558,-0.9009688679024191,0.4997835137030315,0,1,0,0,0,0
446,2012-06-23,420.44764201538106,0.1307926758567592,-0.9914097417023038,-0.2593382659754056,0.9657865518844574,-0.9749279121818236,-0.2225209339563146,0.5129102907232946,0,1,0,0,0,0
447,2012-06-25,549.1289025924077,0.0966127018812031,-0.9953220513156602,-0.1923215052390948,0.9813319716704276,0.0,1.0,0.5394075072376265,0,1,0,0,0,0
448,2012-06-26,623.2441048793938,0.0794772999236209,-0.9968366760893436,-0.1584517749608363,0.9873667175937016,0.7818314824680298,0.6234898018587336,0.5527555015877842,0,1,0,0,0,0
449,2012-06-27,511.2003183831672,0.062318379354325,-0.998056320853012,-0.1243945048397999,0.9922328391893008,0.9749279121818236,-0.2225209339563143,0.5661541495171976,0,1,0,0,0,0
450,2012-06-28,689.160401970139,0.0451410177739719,-0.998980624694158,-0.0901900042703451,0.99592457702866,0.4338837391175582,-0.900968867902419,0.5795912885442627,0,1,0,0,0,0
451,2012-06-29,845.9339299815741,0.0279502982402103,-0.999609314096404,-0.0558787569053731,0.9984375616565666,-0.433883739117558,-0.9009688679024191,0.5930544067956073,0,1,0,0,0,0
452,2012-06-30,697.0223394663147,0.0107513077635219,-0.9999422030204416,-0.0215013727408137,0.999768818762748,-0.9749279121818236,-0.2225209339563146,0.6065306597126334,0,1,0,0,0,0
453,2012-07-02,670.9255855476387,-0.0236511272452315,-0.9997202729664084,0.0472890227711323,0.9988812483600598,0.0,1.0,0.6334696366573507,0,0,1,0,0,0
454,2012-07-03,532.4940396812352,-0.0408443915432961,-0.9991655196610107,0.0816206154031905,0.996663471358916,0.7818314824680298,0.6234898018587336,0.6469051754643523,0,0,1,0,0,0
455,2012-07-04,485.46476870133085,-0.0580255693287803,-0.9983150972033183,0.1158556037694784,0.9932660666081418,0.9749279121818236,-0.2225209339563143,0.6602995202173131,0,0,1,0,0,0
456,2012-07-05,861.7489941538666,-0.0751895764147585,-0.9971692572470178,0.1499534681324453,0.9886930551971383,0.4338837391175582,-0.900968867902419,0.6736384553447267,0,0,1,0,0,0
457,2012-07-06,416.27119062756896,-0.0923313336953912,-0.9957283388645872,0.1838738510513275,0.9829498496360606,-0.433883739117558,-0.9009688679024191,0.6869075574573877,0,0,1,0,0,0
458,2012-07-07,1033.6497029104703,-0.1094457686489155,-0.993992768446958,0.2175766051482817,0.976043247449696,-0.9749279121818236,-0.2225209339563146,0.7000922199176512,0,0,1,0,0,0
459,2012-07-09,471.64809485046896,-0.1435724234118113,-0.9896398128792412,0.2841699724797683,0.9587739184713192,0.0,1.0,0.7261490370736908,0,0,1,0,0,0
460,2012-07-10,475.1631758909139,-0.1605745445949937,-0.9870237158387384,0.3169817673505278,0.9484316312562208,0.7818314824680298,0.6234898018587336,0.7389912962803088,0,0,1,0,0,0
461,2012-07-11,483.6011146247535,-0.1775291491870349,-0.984115542601034,0.3494183899593976,0.936966802377855,0.9749279121818236,-0.2225209339563143,0.751689380082437,0,0,0,1,0,0
462,2012-07-12,381.08112349865416,-0.1944312200476619,-0.9809161537413774,0.3814414490727919,0.9243930013415552,0.4338837391175582,-0.900968867902419,0.7642281651714905,0,0,0,1,0,0
463,2012-07-13,363.2517446245871,-0.2112757555821793,-0.9774264960104057,0.4130130429412807,0.9107251102063584,-0.433883739117558,-0.9009688679024191,0.7765925101265281,0,0,0,1,0,0
464,2012-07-14,387.9080584820771,-0.2280577712215198,-0.9736476020539838,0.4440958041592176,0.8959793059709459,-0.9749279121818236,-0.2225209339563146,0.7887672852587113,0,0,0,1,0,0
465,2012-07-16,514.607185997134,-0.2614143985111562,-0.965226663665613,0.5046482954181526,0.8633250245021008,0.0,1.0,0.8124878481707274,0,0,0,1,0,0
466,2012-07-17,315.457379310023,-0.2779791393987801,-0.9605871111248128,0.5340463569360717,0.8454551961182272,0.7818314824680298,0.6234898018587336,0.8240037097874371,0,0,0,1,0,0
467,2012-07-18,858.4771071357695,-0.2944616217868012,-0.9556633054034704,0.5628123335824821,0.8265847065893737,0.9749279121818236,-0.2225209339563143,0.835270211411272,0,0,0,1,0,0
468,2012-07-19,786.7090115408208,-0.3108569682435036,-0.9504567035349152,0.5909121786151564,0.8067358905889147,0.4338837391175582,-0.900968867902419,0.8462727428586204,0,0,0,1,0,0
469,2012-07-20,763.2809193031964,-0.3271603271220951,-0.9449688462364056,0.6183126337097825,0.7859322407147274,-0.433883739117558,-0.9009688679024191,0.8569968914352789,0,0,0,1,0,0
470,2012-07-21,384.3772899213515,-0.343366873996388,-0.939201357453208,0.6449812683237445,0.7641983796838971,-0.9749279121818236,-0.2225209339563146,0.8674284731834108,0,0,0,1,0,0
471,2012-07-23,1383.6510862860669,-0.3754703786876202,-0.9268343944460494,0.6959977221267386,0.7180439894563502,0.0,1.0,0.8873585302803527,0,0,0,1,0,0
472,2012-07-24,388.8032054452175,-0.3913578365610259,-0.9202385798054076,0.7202851594252706,0.6936780875245466,0.7818314824680298,0.6234898018587336,0.8968300597468688,0,0,0,1,0,0
473,2012-07-25,370.4092473800981,-0.4071294853542516,-0.9133704517637858,0.7437200839287408,0.6684911643103645,0.9749279121818236,-0.2225209339563143,0.9059551911095096,0,0,0,1,0,0
474,2012-07-26,316.3623381908094,-0.4227806579826773,-0.9062320427107696,0.7662747586044899,0.6425130304714689,0.4338837391175582,-0.900968867902419,0.914721343722234,0,0,0,1,0,0
475,2012-07-27,364.9087880010442,-0.4383067230125192,-0.898825465016444,0.7879224882631226,0.6157744331240536,-0.433883739117558,-0.9009688679024191,0.9231163463866358,0,0,0,1,0,0
476,2012-07-28,404.90521032596354,-0.4537030860313442,-0.8911529104063088,0.8086376511543126,0.5883070194512693,-0.9749279121818236,-0.2225209339563146,0.9311284654622024,0,0,0,1,0,0
477,2012-07-30,431.0632329818877,-0.4840885216389758,-0.8750190302029955,0.847173337473877,0.5313166064347815,0.0,1.0,0.9459594689067654,0,0,0,1,0,0
478,2012-07-31,476.6730560524683,-0.4990686026885319,-0.8665624788845385,0.8649482509584342,0.5018610596210326,0.7818314824680298,0.6234898018587336,0.9527573147659876,0,0,0,1,0,0
479,2012-08-01,362.69648044852073,-0.5139010013093103,-0.8578494977869301,0.8816994317707848,0.4718115217065765,0.9749279121818236,-0.2225209339563143,0.9591302497107984,0,0,0,1,0,0
480,2012-08-02,396.1797396998764,-0.5285813283559292,-0.8488826652214553,0.8974070536021568,0.4412035586269627,0.4338837391175582,-0.900968867902419,0.9650691177896804,0,0,0,1,0,0
481,2012-08-03,515.3629598991173,-0.5431052396834317,-0.8396646346181327,0.912052525275964,0.4100733972568043,-0.433883739117558,-0.9009688679024191,0.9705653490349352,0,0,0,1,0,0
482,2012-08-04,548.4158039337402,-0.5574684374327892,-0.8301981337405212,0.9256185127518922,0.3784578825324888,-0.9749279121818236,-0.2225209339563146,0.975610980064846,0,0,0,1,0,0
483,2012-08-06,488.9250869754885,-0.5856957398073508,-0.8105309990194823,0.9494491062150135,0.3139210007430401,0.0,1.0,0.9843217347761178,0,0,0,1,0,0
484,2012-08-07,453.82149773706175,-0.5995514915196489,-0.8003361849976323,0.9596855068649522,0.2810760180331286,0.7818314824680298,0.6234898018587336,0.987974130351234,0,0,0,1,0,0
485,2012-08-08,483.5336711875569,-0.6132298262997502,-0.7899045386224707,0.968786046025684,0.2478983602727564,0.9749279121818236,-0.2225209339563143,0.9911505004882848,0,0,0,1,0,0
486,2012-08-09,835.5484067608755,-0.6267266965083301,-0.7792391467859886,0.9767399525103048,0.214427295767511,0.4338837391175582,-0.900968867902419,0.9938461733264412,0,0,0,1,0,0
487,2012-08-10,574.1265682618923,-0.6400381082043503,-0.7683431655492202,0.9835378122597296,0.1807024400923929,-0.433883739117558,-0.9009688679024191,0.9960571761381908,0,0,0,1,0,0
488,2012-08-11,613.4387962038923,-0.65316012232693,-0.7572198192083127,0.9891715794849548,0.1467637092037396,-0.9749279121818236,-0.2225209339563146,0.9977802450856064,0,0,0,1,0,0
489,2012-08-13,556.6323278615122,-0.6788204829862355,-0.734304263829602,0.9969215500633252,0.0784055037566676,0.0,1.0,0.9997531169004024,0,0,0,1,0,0
490,2012-08-14,637.8748227817159,-0.6913512362094071,-0.722518835873311,0.9990285807311906,0.0440669363834491,0.7818314824680298,0.6234898018587336,1.0,0,0,0,1,0,0
491,2012-08-15,1023.9842503963828,-0.7036774074790128,-0.7105196029692745,0.999953184360873,0.0096762124072308,0.9749279121818236,-0.2225209339563143,0.9997531169004024,0,0,0,1,0,0
492,2012-08-16,1128.7843368313772,-0.7157953492826642,-0.6983101158835584,0.9996942666129788,-0.0247259641093823,0.4338837391175582,-0.900968867902419,0.9990128332490112,0,0,0,1,0,0
493,2012-08-17,595.2564502164502,-0.7277014757264236,-0.6858939875998223,0.998252133936544,-0.0590988755488295,-0.433883739117558,-0.9009688679024191,0.9977802450856064,0,0,0,1,0,0
494,2012-08-18,492.82908599210816,-0.7393922635959241,-0.673274892250183,0.9956284932063294,-0.093401838931009,-0.9749279121818236,-0.2225209339563146,0.9960571761381908,0,0,0,1,0,0
495,2012-08-20,451.1235314853606,-0.7621140503891487,-0.6474427960827475,0.9868505034357966,-0.1616356516011078,0.0,1.0,0.9911505004882848,0,0,0,1,0,0
496,2012-08-21,475.8681834835935,-0.7731383255706026,-0.6342374393978054,0.9807065438204116,-0.1954857409322303,0.7818314824680298,0.6234898018587336,0.987974130351234,0,0,0,1,0,0
497,2012-08-22,512.3652966525777,-0.7839338166829201,-0.620844401650647,0.973401842704431,-0.2291044578781002,0.9749279121818236,-0.2225209339563143,0.9843217347761178,0,0,0,1,0,0
498,2012-08-23,550.6368584551149,-0.7944973291665992,-0.6072676460566135,0.9649450457625344,-0.2624520121057191,0.4338837391175582,-0.900968867902419,0.9801986733067553,0,0,0,1,0,0
499,2012-08-24,647.3911627178811,-0.8048257371083452,-0.593511190196115,0.9553461622632788,-0.2954889342239821,-0.433883739117558,-0.9009688679024191,0.975610980064846,0,0,0,1,0,0
500,2012-08-25,529.9818986742307,-0.8149159841660791,-0.5795791048257612,0.9446165532223606,-0.3281761224987386,-0.9749279121818236,-0.2225209339563146,0.9705653490349352,0,0,0,1,0,0
501,2012-08-27,533.3501010491939,-0.8343701235229537,-0.5512045872199277,0.9198172790502196,-0.3923470060554182,0.0,1.0,0.9591302497107984,0,0,0,1,0,0
502,2012-08-28,699.2497434525154,-0.8437282590292712,-0.5367705514607103,0.905776965764254,-0.4237547501691298,0.7818314824680298,0.6234898018587336,0.9527573147659876,0,0,0,1,0,0
503,2012-08-29,752.7836455430794,-0.8528367217694595,-0.522177676659508,0.8906645958869751,-0.4546609479969567,0.9749279121818236,-0.2225209339563143,0.9459594689067654,0,0,0,1,0,0
504,2012-08-30,538.7642553646019,-0.8616928164028521,-0.5074302810827518,0.8744980560685747,-0.4850290196805589,0.4338837391175582,-0.900968867902419,0.938746432156527,0,0,0,1,0,0
505,2012-08-31,1287.1588444081674,-0.8702939222685674,-0.4925327287220543,0.8572964806503138,-0.5148230222752145,-0.433883739117558,-0.9009688679024191,0.9311284654622024,0,0,0,1,0,0
506,2012-09-01,827.6186868370944,-0.8786374941610001,-0.4774894280028391,0.8390802290175676,-0.5440076922910431,-0.9749279121818236,-0.2225209339563146,0.9231163463866358,0,0,0,1,0,0
507,2012-09-03,603.9996356892098,-0.8945422369764496,-0.4469834295196741,0.7996911138678691,-0.600411627469661,0.0,1.0,0.9059551911095096,0,0,0,1,0,0
508,2012-09-04,915.7304625356956,-0.9020987014301836,-0.4315297589714714,0.7785648703932891,-0.6275641342440474,0.7818314824680298,0.6234898018587336,0.8968300597468688,0,0,0,1,0,0
509,2012-09-05,707.6639892569118,-0.9093882203647924,-0.4159483918249421,0.756517135610563,-0.6539738706764888,0.9749279121818236,-0.2225209339563143,0.8873585302803527,0,0,0,1,0,0
510,2012-09-06,905.4581198390852,-0.9164086366943458,-0.4002439388573056,0.733574004706797,-0.6796095788159788,0.4338837391175582,-0.900968867902419,0.8775535639640376,0,0,0,1,0,0
511,2012-09-07,692.9396366451298,-0.923157872964704,-0.3844210472688554,0.709762632639161,-0.7044409168334328,-0.433883739117558,-0.9009688679024191,0.8674284731834108,0,0,0,1,0,0
512,2012-09-08,851.156651243718,-0.9296339319682696,-0.3684843993077793,0.6851112019949135,-0.72843849493357,-0.9749279121818236,-0.2225209339563146,0.8569968914352789,0,0,0,1,0,0
513,2012-09-10,973.5463552955364,-0.9417589340994617,-0.3362887301766828,0.6334058321617086,-0.7738197799123084,0.0,1.0,0.835270211411272,0,0,0,1,0,0
514,2012-09-11,1424.821644322811,-0.9474042892438844,-0.3200392362231385,0.6064130902482765,-0.7951497745554202,0.7818314824680298,0.6234898018587336,0.8240037097874371,0,0,0,1,0,0
515,2012-09-12,692.5568141466194,-0.9527692922168512,-0.3036950375106588,0.578702611877601,-0.8155386483827991,0.9749279121818236,-0.2225209339563143,0.8124878481707274,0,0,0,1,0,0
516,2012-09-13,966.3383997705764,-0.9578523554276668,-0.2872609705505963,0.5503071945286527,-0.8349622695966589,0.4338837391175582,-0.900968867902419,0.8007374029168081,0,0,0,1,0,0
517,2012-09-14,811.7183294330724,-0.9626519747161488,-0.2707418984477642,0.5212604463582784,-0.8533976488498011,-0.433883739117558,-0.9009688679024191,0.7887672852587113,0,0,0,1,0,0
518,2012-09-15,818.2999431305947,-0.9671667297977312,-0.2541427094613622,0.4915967464233612,-0.8708229664552752,-0.9749279121818236,-0.2225209339563146,0.7765925101265281,0,0,0,1,0,0
519,2012-09-17,1266.1533879911851,-0.9753363880767836,-0.2207236509605022,0.4305596169818739,-0.9025621398133328,0.0,1.0,0.751689380082437,0,0,0,1,0,0
520,2012-09-18,933.3556516964136,-0.978988873740932,-0.2039136706831147,0.3992584296048835,-0.9168384298170764,0.7818314824680298,0.6234898018587336,0.7389912962803088,0,0,0,1,0,0
521,2012-09-19,1320.963923717753,-0.9823516608469236,-0.1870433490699165,0.3674846892184069,-0.9300295711374188,0.9749279121818236,-0.2225209339563143,0.7261490370736908,0,0,0,1,0,0
522,2012-09-20,357.89279172009526,-0.9854237542919524,-0.1701176783204905,0.3352760024840169,-0.9421199510456922,0.4338837391175582,-0.900968867902419,0.71317767835549,0,0,0,1,0,0
523,2012-09-21,1198.072086559004,-0.9882042449941422,-0.15314166701312,0.3026704908556892,-0.9530952596488852,-0.433883739117558,-0.9009688679024191,0.7000922199176512,0,0,0,1,0,0
524,2012-09-22,850.6012701826724,-0.9906923101615608,-0.136120338622667,0.2697067454601279,-0.962942506826501,-0.9749279121818236,-0.2225209339563146,0.6869075574573877,0,0,0,1,0,0
525,2012-09-24,826.790947468739,-0.994788305609327,-0.1019618900517457,0.2028609916826013,-0.9792075459541514,0.0,1.0,0.6602995202173131,0,0,0,1,0,0
526,2012-09-25,819.4745805801593,-0.9963950238187232,-0.0848348779057653,0.1690581003831471,-0.9856060869814276,0.7818314824680298,0.6234898018587336,0.6469051754643523,0,0,0,1,0,0
527,2012-09-26,1403.9276905603376,-0.9977068927101168,-0.0676827617545516,0.1350551158403456,-0.9908380875225532,0.9749279121818236,-0.2225209339563143,0.6334696366573507,0,0,0,1,0,0
528,2012-09-27,885.2996032802749,-0.9987235240803972,-0.0505106171852228,0.1008922831974033,-0.9948973551031356,0.4338837391175582,-0.900968867902419,0.6200068879809458,0,0,0,1,0,0
529,2012-09-28,1728.235918397139,-0.9994446170919858,-0.0333235257116313,0.0666100367900326,-0.9977790852682924,-0.433883739117558,-0.9009688679024191,0.6065306597126334,0,0,0,1,0,0
530,2012-09-29,722.5021409482933,-0.9998699583618592,-0.0161265732706577,0.0322489522893041,-0.9994798672690922,-0.9749279121818236,-0.2225209339563146,0.5930544067956073,0,0,0,1,0,0
531,2012-10-03,1230.196592187751,-0.9986126020839734,0.052658056924614,-0.1051699984923495,-0.9944542580818482,0.9749279121818236,-0.2225209339563143,0.5394075072376265,0,0,0,0,1,0
532,2012-10-04,1020.5583802005548,-0.9975590477788612,0.0698279757298708,-0.1393150579548309,-0.9902481076109372,0.4338837391175582,-0.900968867902419,0.5261219640934566,0,0,0,0,1,0
533,2012-10-05,910.8181703534544,-0.9962102997023295,0.0869772313136861,-0.1732952273485721,-0.9848699224660112,-0.433883739117558,-0.9009688679024191,0.5129102907232946,0,0,0,0,1,0
534,2012-10-06,709.3086835141349,-0.9945667569706336,0.1041007489354256,-0.2070702885338407,-0.9783260681421668,-0.9749279121818236,-0.2225209339563146,0.4997835137030315,0,0,0,0,1,0
535,2012-10-08,962.8825365737856,-0.9903973200352558,0.1382503109109819,-0.2738454748405547,-0.9617737030660336,0.0,1.0,0.473826726395364,0,0,0,0,1,0
536,2012-10-09,689.3153651053283,-0.9878726596350428,0.1552662498599956,-0.3067665664015059,-0.9517847833088268,0.7818314824680298,0.6234898018587336,0.4610167107835354,0,0,0,0,1,0
537,2012-10-10,692.2296129129537,-0.9850556718215012,0.172236243027682,-0.3393245761752893,-0.9406693531754186,0.9749279121818236,-0.2225209339563143,0.448331563940943,0,0,0,0,1,0
538,2012-10-11,615.4814711001037,-0.981947190186646,0.1891552687200409,-0.3714809692572883,-0.9284405686308982,0.4338837391175582,-0.900968867902419,0.4357802031543156,0,0,0,0,1,0
539,2012-10-12,610.6699089164015,-0.9785481345802032,0.2060183203251708,-0.4031976860870853,-0.9151129033807908,-0.433883739117558,-0.9009688679024191,0.4233711028530494,0,0,0,0,1,0
540,2012-10-13,1095.8599992128154,-0.9748595108374124,0.2228204077947995,-0.4344371874948622,-0.9007021317403184,-0.9749279121818236,-0.2225209339563146,0.4111122905071874,0,0,0,0,1,0
541,2012-10-15,840.2398026611681,-0.9666180104000972,0.2562218218071163,-0.4953372552325659,-0.8687007560596847,0.0,1.0,0.3870753885499897,0,0,0,0,1,0
542,2012-10-16,577.2165254936822,-0.9620675724981452,0.2728112643340191,-0.5249257416559593,-0.8511480281049478,0.7818314824680298,0.6234898018587336,0.3753110988513995,0,0,0,0,1,0
543,2012-10-17,541.4054794856066,-0.957232443323312,0.2893199776186952,-0.5538929381563792,-0.8325879011014353,0.9749279121818236,-0.2225209339563143,0.3637246969042016,0,0,0,0,1,0
544,2012-10-18,523.7870836429755,-0.9521140536681102,0.3057430764672831,-0.5822045598324479,-0.8130423423846421,0.4338837391175582,-0.900968867902419,0.3523219549954969,0,0,0,0,1,0
545,2012-10-22,852.0745693869876,-0.9288394302558068,0.3704825404820963,-0.6882375836422284,-0.7254853743958638,0.0,1.0,0.3086474612366189,0,0,0,0,0,1
546,2012-10-24,555.8291567688337,-0.9155458729775467,0.4022135682368036,-0.7364899449095569,-0.6764484910524362,0.9749279121818236,-0.2225209339563143,0.2880297924974456,0,0,0,0,0,1
547,2012-10-25,783.3514233504326,-0.9084917035725082,0.4179028888867866,-0.7593226149052589,-0.6507143509201561,0.4338837391175582,-0.900968867902419,0.2780373004531941,0,0,0,0,0,1
548,2012-10-26,522.2307911130222,-0.9011686968561567,0.4334685453485363,-0.7812565682797488,-0.6242100403868479,-0.433883739117558,-0.9009688679024191,0.2682589673008851,0,0,0,0,0,1
549,2012-10-27,529.7456960097472,-0.8935790198239952,0.4489059314938798,-0.8022658445149573,-0.5969669293392242,-0.9749279121818236,-0.2225209339563146,0.258696746701885,0,0,0,0,0,1
550,2012-10-29,1199.3656009309027,-0.8776087166898392,0.4793776594606945,-0.8414120250581577,-0.5403941192199728,0.0,1.0,0.2402265507324824,0,0,0,0,0,1
551,2012-10-30,882.7727580512955,-0.8692328164574792,0.4944029842076181,-0.8595025968555411,-0.5111313784132033,0.7818314824680298,0.6234898018587336,0.2313206080041767,0,0,0,0,0,1
552,2012-10-31,858.8134047637401,-0.8605996962501181,0.5092820071573356,-0.876575881330507,-0.4812636743715911,0.9749279121818236,-0.2225209339563143,0.2226348658788909,0,0,0,0,0,1
553,2012-11-01,465.6560121844117,-0.8517119107469189,0.5240103253675756,-0.8926116709398649,-0.4508263578163351,0.4338837391175582,-0.900968867902419,0.2141694715316088,0,0,0,0,0,1
554,2012-11-02,527.6284616609089,-0.8425720899866032,0.5385835804920232,-0.9075909860952636,-0.4198554536487849,-0.433883739117558,-0.9009688679024191,0.2059242464341987,0,0,0,0,0,1
555,2012-11-03,739.8792299476386,-0.8331829385891785,0.5529974600700271,-0.9214960976269942,-0.3883876183121974,-0.9749279121818236,-0.2225209339563146,0.1978986990836146,0,0,0,0,0,1
556,2012-11-05,598.3458085359429,-0.8136678304455991,0.5813300798152042,-0.9460191696320084,-0.3241106766040965,0.0,1.0,0.1825031849518363,0,0,0,0,0,1
557,2012-11-06,832.5826137870233,-0.8035476485339116,0.5952404359043674,-0.9566081051665098,-0.2913776469287574,0.7818314824680298,0.6234898018587336,0.1751307883451509,0,0,0,0,0,1
558,2012-11-07,893.6045972180059,-0.7931896839451843,0.6089746507720486,-0.9660648215530204,-0.2582997494341228,0.9749279121818236,-0.2225209339563143,0.1679732367575336,0,0,0,0,0,1
559,2012-11-08,720.9161564857673,-0.7825970017677834,0.6225286602431057,-0.9743781260415392,-0.2249161343518477,0.4338837391175582,-0.900968867902419,0.1610286725459804,0,0,0,0,0,1
560,2012-11-09,950.5236608198522,-0.7717727365467837,0.6358984534680745,-0.9815381791978468,-0.1912663137538222,-0.433883739117558,-0.9009688679024191,0.1542950055015683,0,0,0,0,0,1
561,2012-11-10,540.8718480274307,-0.7607200913564104,0.6490800741100398,-0.98753650654923,-0.1573901147866107,-0.9749279121818236,-0.2225209339563146,0.1477699265043177,0,0,0,0,0,1
562,2012-11-12,619.3191336063189,-0.7379428103031386,0.6748632518680403,-0.9960209693076332,-0.0891191825561879,0.0,1.0,0.1353352832366127,0,0,0,0,0,1
563,2012-11-13,780.1686778705904,-0.7262249146041543,0.6874571793269664,-0.998497062701478,-0.0548052531836224,0.7818314824680298,0.6234898018587336,0.1294201282977755,0,0,0,0,0,1
564,2012-11-14,1119.0747313109018,-0.7142921172691032,0.699847677146407,-0.999791358149542,-0.0204264575855568,0.9749279121818236,-0.2225209339563143,0.1237024067768548,0,0,0,0,0,1
565,2012-11-15,641.0880428402344,-0.7021479494046978,0.7120310787787131,-0.9999023237537764,0.0139765142935557,0.4338837391175582,-0.900968867902419,0.1181789171817805,0,0,0,0,0,1
566,2012-11-16,619.244884610705,-0.6897960046655887,0.7240037789593305,-0.9988298281778684,0.0483629438947822,-0.433883739117558,-0.9009688679024191,0.1128463189671638,0,0,0,0,0,1
567,2012-11-17,668.6479040839184,-0.6772399381909491,0.7357622347736527,-0.996575140802686,0.082692132238239,-0.9749279121818236,-0.2225209339563146,0.1077011451900321,0,0,0,0,0,1
568,2012-11-19,573.7879505764205,-0.6515303615068021,0.75862255966641,-0.9885312610933432,0.1510163760696315,0.0,1.0,0.0979586452573397,0,0,0,0,0,1
569,2012-11-20,667.0898223876274,-0.6383844591746642,0.769717664006921,-0.9827515893084884,0.1849305645685428,0.7818314824680298,0.6234898018587336,0.093353863304629,0,0,0,0,0,1
570,2012-11-21,713.294209936496,-0.6250496486104377,0.7805849965070866,-0.9758087555546684,0.2186258735439368,0.9749279121818236,-0.2225209339563143,0.0889216174593863,0,0,0,0,0,1
571,2012-11-22,694.9285627039058,-0.6115298757991053,0.7912213413483807,-0.9677109772087537,0.2520624220102616,0.4338837391175582,-0.900968867902419,0.0846579886225299,0,0,0,0,0,1
572,2012-11-23,678.541487209705,-0.5978291414589552,0.801623551065242,-0.9584678386132248,0.2852006352448972,-0.433883739117558,-0.9009688679024191,0.080559000939185,0,0,0,0,0,1
573,2012-11-24,717.1284060170218,-0.5839514998576998,0.8117885474764613,-0.948090279732366,0.3180012916278857,-0.9749279121818236,-0.2225209339563146,0.0766206321804935,0,0,0,0,0,1
574,2012-11-26,645.7943912186098,-0.5556819724760489,0.8313949395234058,-0.9239823598019432,0.3824350909302552,0.0,1.0,0.0692094902133194,0,0,0,0,0,1
575,2012-11-27,520.6079642717458,-0.5412984521036173,0.8408305333122887,-0.9102805323268018,0.4139919715004559,0.7818314824680298,0.6234898018587336,0.0657285286165304,0,0,0,0,0,1
576,2012-11-28,507.9792773311618,-0.5267547528105542,0.8500173118187018,-0.895501317943504,0.4450588607829839,0.9749279121818236,-0.2225209339563143,0.0623918271307013,0,0,0,0,0,1
577,2012-11-29,506.3186640449879,-0.5120551783114646,0.8589525565270845,-0.8796622089871292,0.4755989887288283,0.4338837391175582,-0.900968867902419,0.0591952734739325,0,0,0,0,0,1
578,2012-11-30,635.7961871337059,-0.4972040784469378,0.8676336233547726,-0.8627819522593745,0.5055762087514626,-0.433883739117558,-0.9009688679024191,0.0561347628341337,0,0,0,0,0,1
579,2012-12-01,582.5816175402288,-0.4822058478963526,0.8760579434344281,-0.8448805268402667,0.5349550405091192,-0.9749279121818236,-0.2225209339563146,0.0532062053822325,0,0,0,0,0,1
580,2012-12-03,568.4868842837149,-0.451785789832884,0.8921264484954345,-0.8061001043286311,0.5917792002101544,0.0,1.0,0.0477287077631641,0,0,0,0,0,1
581,2012-12-04,830.5386259853968,-0.4363729641045924,0.8997658785476209,-0.7852670068439961,0.6191572723971441,0.7818314824680298,0.6234898018587336,0.0451717245647246,0,0,0,0,0,1
582,2012-12-05,562.7362438965421,-0.4208310085956556,0.9071390534005044,-0.7635044855580851,0.6458025244087264,0.9749279121818236,-0.2225209339563143,0.0427306205788496,0,0,0,0,0,1
583,2012-12-06,686.4318940513326,-0.4051645224207563,0.9142437912130223,-0.7408382980859317,0.6716834195431209,0.4338837391175582,-0.900968867902419,0.0404014788741632,0,0,0,0,0,1
584,2012-12-07,827.2160146235293,-0.3893781415452015,0.9210779895789526,-0.717295271600886,0.6967693257736101,-0.433883739117558,-0.9009688679024191,0.0381804338005357,0,0,0,0,0,1
585,2012-12-08,789.6396939665918,-0.3734765374130707,0.9276396261490468,-0.6929032710826029,0.7210305520038863,-0.9749279121818236,-0.2225209339563146,0.0360636756174023,0,0,0,0,0,1
586,2012-12-10,807.5065102966,-0.3413465142450361,0.9399375283564132,-0.641688797825113,0.7669651144255266,0.0,1.0,0.0321280855748041,0,0,0,0,0,1
587,2012-12-11,876.0333985491446,-0.3251276029999093,0.9456701548465688,-0.6149269413476359,0.7885840835350667,0.7818314824680298,0.6234898018587336,0.0303019500674343,0,0,0,0,0,1
588,2012-12-12,916.150626289686,-0.3088124812662537,0.9511229423235356,-0.587437271616382,0.8092697028283593,0.9749279121818236,-0.2225209339563143,0.0285655007845503,0,0,0,0,0,1
589,2012-12-13,731.9658971133249,-0.2924059769510773,0.956294277219772,-0.5592523247663436,0.828997489286572,0.4338837391175582,-0.900968867902419,0.0269152637299154,0,0,0,0,0,1
590,2012-12-14,735.3973440210564,-0.2759129450029604,0.9611826292540836,-0.5304054598463659,0.8477440935595867,-0.433883739117558,-0.9009688679024191,0.0253478407929008,0,0,0,0,0,1
591,2012-12-15,2371.801429944725,-0.2593382659754056,0.9657865518844574,-0.5009308193361626,0.8654873276017396,-0.9749279121818236,-0.2225209339563146,0.0238599118793802,0,0,0,0,0,1
592,2012-12-17,755.1655713796836,-0.225963608248019,0.974135744004672,-0.4402384552773285,0.8978808954950716,0.0,1.0,0.021109656453671,0,0,0,0,0,1
593,2012-12-18,733.5957450749752,-0.2091735056463563,0.9778785428342386,-0.4090925658019766,0.9124928890712274,0.7818314824680298,0.6234898018587336,0.0198410947443702,0,0,0,0,0,1
594,2012-12-19,1453.4232580254295,-0.1923215052390948,0.9813319716704276,-0.3774624838618108,0.9260248772451376,0.9749279121818236,-0.2225209339563143,0.0186395588695301,0,0,0,0,0,1
595,2012-12-20,685.3433964248358,-0.1754125938042784,0.9844950085880858,-0.345385646087603,0.9384608438697104,0.4338837391175582,-0.900968867902419,0.0175021403684067,0,0,0,0,0,1
596,2012-12-21,711.5056296343669,-0.1584517749608363,0.9873667175937016,-0.3129000178799537,0.949786070023521,-0.433883739117558,-0.9009688679024191,0.0164260155188855,0,0,0,0,0,1
597,2012-12-22,630.2399286226031,-0.141444067687942,0.989946248902378,-0.2800440484743445,0.9599871514317776,-0.9749279121818236,-0.2225209339563146,0.0154084455711887,0,0,0,0,0,1
598,2012-12-24,746.0096936627427,-0.1073081316563624,0.994225811815616,-0.2133770286209279,0.9769699297608416,0.0,1.0,0.0135384401366523,0,0,0,0,0,1
599,2012-12-25,739.373759481646,-0.0901900042703451,0.99592457702866,-0.179644883710313,0.9837315262594304,0.7818314824680298,0.6234898018587336,0.0126809511496068,0,0,0,0,0,1
600,2012-12-26,740.8568561916632,-0.0730451882110474,0.9973286321364752,-0.1457001152853506,0.9893288009584252,0.9749279121818236,-0.2225209339563143,0.0118719091278277,0,0,0,0,0,1
601,2012-12-27,939.5049737727528,-0.0558787569053731,0.9984375616565666,-0.1115828995860015,0.9937551290534204,0.4338837391175582,-0.900968867902419,0.0111089965382423,0,0,0,0,0,1
602,2012-12-28,751.3756320465213,-0.0386957901765268,0.999251037438848,-0.0773336169568209,0.9970052716452285,-0.433883739117558,-0.9009688679024191,0.0103899781147773,0,0,0,0,0,1
603,2012-12-29,1329.703425091352,-0.0215013727408137,0.999768818762748,-0.0429928040537219,0.9990753819405211,-0.9749279121818236,-0.2225209339563146,0.0097126998429016,0,0,0,0,0,1
604,2012-12-31,1002.0546039099568,0.0129014599494196,0.9999167727021951,0.0258007723915406,0.9996671046623472,0.0,1.0,0.0084751469727328,0,0,0,0,0,1
605,2013-01-03,924.8269853245396,0.0515843668694083,0.9986686402879996,0.1030313790431787,0.9946781061893646,0.4338837391175582,-0.900968867902419,0.0072532058010343,0,0,0,0,0,0
606,2013-01-04,1590.3293795377783,0.0687554084811394,0.9976335468520452,0.1371854040566005,0.9905453876091832,-0.433883739117558,-0.9009688679024191,0.0067628442633904,0,0,0,0,0,0
607,2013-01-05,780.8609530881998,0.0859061042613327,0.9963032375991964,0.1711770596101998,0.985240282501282,-0.9749279121818236,-0.2225209339563146,0.0063025210714774,0,0,0,0,0,0
608,2013-01-07,1080.0904555919906,0.1201261651823505,0.9927586335250792,0.2385125751940764,0.9711394088771652,0.0,1.0,0.0054656365237319,0,0,0,0,0,0
609,2013-01-08,1677.2547647088095,0.1371854040566005,0.9905453876091832,0.2717767384711357,0.9623603298276544,0.7818314824680298,0.6234898018587336,0.0050860692310127,0,0,0,0,0,0
610,2013-01-09,1500.020972310538,0.1542040475626894,0.988039023376751,0.3047192331091634,0.9524422234305676,0.9749279121818236,-0.2225209339563143,0.0047305247785057,0,0,0,0,0,0
611,2013-01-10,843.706205062912,0.1711770596101998,0.985240282501282,0.3373010691361842,0.9413968285264122,0.4338837391175582,-0.900968867902419,0.0043976626339341,0,0,0,0,0,0
612,2013-01-11,835.2059156941866,0.1880994176117975,0.9821499931752292,0.3694836834473831,0.9292372181882051,-0.433883739117558,-0.9009688679024191,0.0040862038707351,0,0,0,0,0,0
613,2013-01-12,863.035053545219,0.2049661139694953,0.9787690698649216,0.4012289854475009,0.9159777842484876,-0.9749279121818236,-0.2225209339563146,0.0037949292693038,0,0,0,0,0,0
614,2013-01-14,823.3188989050703,0.2385125751940764,0.9711394088771652,0.4632579225674917,0.88622350294858,0.0,1.0,0.0032683427650369,0,0,0,0,0,0
615,2013-01-15,1422.194214466313,0.2551824131233728,0.966892928939152,0.4934681416772373,0.8697638720650646,0.7818314824680298,0.6234898018587336,0.0030308737915416,0,0,0,0,0,0
616,2013-01-16,773.0688463136676,0.2717767384711357,0.9623603298276544,0.5230943033491326,0.8522748088519838,0.9749279121818236,-0.2225209339563143,0.0028092710364807,0,0,0,0,0,0
617,2013-01-17,759.3359442652885,0.2882906407095177,0.957542952811672,0.5521013427459208,0.8337770129585915,0.4338837391175582,-0.900968867902419,0.0026025852527254,0,0,0,0,0,0
618,2013-01-18,626.8556265935076,0.3047192331091634,0.9524422234305676,0.580454927809098,0.8142923779467267,-0.433883739117558,-0.9009688679024191,0.0024099155339509,0,0,0,0,0,0
619,2013-01-19,742.5576752424296,0.321057654185271,0.9470596510722284,0.6081214998935418,0.7938439653781019,-0.9749279121818236,-0.2225209339563146,0.0022304074712809,0,0,0,0,0,0
620,2013-01-21,1026.421101387575,0.3534446712740877,0.9354554315134164,0.6612634749656386,0.7501537286959042,0.0,1.0,0.0019076802879754,0,0,0,0,0,0
621,2013-01-22,792.5683508058929,0.3694836834473831,0.9292372181882051,0.6866759803451553,0.726963615332308,0.7818314824680298,0.6234898018587336,0.0017629686236867,0,0,0,0,0,0
622,2013-01-23,772.6178911453134,0.3854133594543256,0.9227440286201428,0.7112757519738152,0.7029130847082615,0.9749279121818236,-0.2225209339563143,0.0016284300482412,0,0,0,0,0,0
623,2013-01-24,1217.1903702775514,0.4012289854475009,0.9159777842484876,0.7350336741329412,0.6780306024735382,0.4338837391175582,-0.900968867902419,0.0015034159919344,0,0,0,0,0,0
624,2013-01-25,816.3041715220204,0.4169258813287287,0.908940487313808,0.7579216274973472,0.6523456189565257,-0.433883739117558,-0.9009688679024191,0.0013873139624241,0,0,0,0,0,0
625,2013-01-26,689.9129912539668,0.4324994021339788,0.901634220265486,0.7799125224167177,0.6258885343075018,-0.9749279121818236,-0.2225209339563146,0.0012795459378999,0,0,0,0,0,0
626,2013-01-28,1546.9813575362302,0.4632579225674917,0.88622350294858,0.8211001178128892,0.5707841943569036,0.0,1.0,0.0010868628230603,0,0,0,0,0,0
627,2013-01-29,1672.054129362324,0.4784338202547012,0.8781236129591848,0.8402480696078469,0.5422021592729844,0.7818314824680298,0.6234898018587336,0.0010009501745566,0,0,0,0,0,0
628,2013-01-30,792.1636400427674,0.4934681416772373,0.8697638720650646,0.8584015232918917,0.512978386299228,0.9749279121818236,-0.2225209339563143,0.0009213735043575,0,0,0,0,0,0
629,2013-01-31,782.6243346483813,0.5083564379375122,0.8611467540480452,0.8755389928586302,0.4831474640149687,0.4338837391175582,-0.900968867902419,0.0008477045464715,0,0,0,0,0,0
630,2013-02-01,756.7133459352118,0.5230943033491326,0.8522748088519838,0.8916401947968874,0.452744699607371,-0.433883739117558,-0.9009688679024191,0.0007795407797602,0,0,0,0,0,0
631,2013-02-02,764.5073850340136,0.5376773767406141,0.8431506618282,0.9066860720977984,0.4218060770826634,-0.9749279121818236,-0.2225209339563146,0.0007165041324157,0,0,0,0,0,0
632,2013-02-04,756.7936786865223,0.5663619330814524,0.8241566360566663,0.9335418911179212,0.3584683215124808,0.0,1.0,0.0006044147037595,0,0,0,0,0,0
633,2013-02-05,794.4261389405785,0.580454927809098,0.8142923779467267,0.945320046913132,0.3261441535642696,0.7818314824680298,0.6234898018587336,0.000554717008343,0,0,0,0,0,0
634,2013-02-06,1451.3078714203634,0.5943761565849831,0.804187157621448,0.9559793438440766,0.2934339689665273,0.9749279121818236,-0.2225209339563143,0.0005088543328223,0,0,0,0,0,0
635,2013-02-07,852.0617118431351,0.6081214998935418,0.7938439653781019,0.9655071658143364,0.2603764827344581,0.4338837391175582,-0.900968867902419,0.0004665530201723,0,0,0,0,0,0
636,2013-02-08,878.451855128115,0.6216868902665479,0.7832658619336791,0.9738922359149924,0.2270108209414184,-0.433883739117558,-0.9009688679024191,0.0004275570451654,0,0,0,0,0,0
637,2013-02-09,941.80014012962,0.6350683134867438,0.7724559775191742,0.981124629771712,0.1933764744102058,-0.9749279121818236,-0.2225209339563146,0.0003916270330904,0,0,0,0,0,0
638,2013-02-13,732.3458377807407,0.6866759803451553,0.726963615332308,0.998376906467142,0.0569521960340397,0.9749279121818236,-0.2225209339563143,0.0002743104674934,0,0,0,0,0,0
639,2013-02-14,1823.8522741574168,0.6990793005655562,0.7150441465537444,0.9997451236925734,0.0225762630415454,0.4338837391175582,-0.900968867902419,0.0002805480820737,0,0,0,0,0,0
640,2013-02-15,825.2122616249919,0.7112757519738152,0.7029130847082615,0.9999300657962056,-0.0118263906918325,-0.433883739117558,-0.9009688679024191,0.0003068548257635,0,0,0,0,0,0
641,2013-02-16,722.3478283507349,0.7232617254437388,0.6905740195722294,0.9989315138848576,-0.0462150469837083,-0.9749279121818236,-0.2225209339563146,0.0003354626279025,0,0,0,0,0,0
642,2013-02-18,1298.0588242150166,0.746588114532413,0.6652865452111116,0.9933900548258936,-0.114787625522127,0.0,1.0,0.0004003345935883,0,0,0,0,0,0
643,2013-02-19,1189.7161488159013,0.7579216274973472,0.6523456189565257,0.9888537064205885,-0.1488903868564548,0.7818314824680298,0.6234898018587336,0.0004370095298997,0,0,0,0,0,0
644,2013-02-20,797.6208946053332,0.7690308592589181,0.6392116531380588,0.98314697372215,-0.1828169249850199,0.9749279121818236,-0.2225209339563143,0.0004768087638956,0,0,0,0,0,0
645,2013-02-21,700.3434001538801,0.7799125224167177,0.6258885343075018,0.976276611086932,-0.2165270852448143,0.4338837391175582,-0.900968867902419,0.0005199757432558,0,0,0,0,0,0
646,2013-02-22,1191.4313696271277,0.7905633969115482,0.612380204990065,0.9682507501166718,-0.2499809690726521,-0.433883739117558,-0.9009688679024191,0.0005667708074866,0,0,0,0,0,0
647,2013-02-23,717.8414149308505,0.8009803309782905,0.5986906625177214,0.9590788900341132,-0.2831389812281835,-0.9749279121818236,-0.2225209339563146,0.0006174721799374,0,0,0,0,0,0
648,2013-02-25,730.950958620779,0.8211001178128892,0.5707841943569036,0.9373419384643772,-0.3484108069446808,0.0,1.0,0.0007318024188804,0,0,0,0,0,0
649,2013-02-26,845.5412203028027,0.8307970168121247,0.5565755266413303,0.9248025743285088,-0.3804473662878516,0.7818314824680298,0.6234898018587336,0.0007960866914957,0,0,0,0,0,0
650,2013-02-27,1645.2065285624608,0.8402480696078469,0.5422021592729844,0.9111686353326632,-0.4120336369594263,0.9749279121818236,-0.2225209339563143,0.0008655903784247,0,0,0,0,0,0
651,2013-02-28,1335.6607840642664,0.8494504794814806,0.527668345562516,0.8964562582905575,-0.4431322341826345,0.4338837391175582,-0.900968867902419,0.0009406975448679,0,0,0,0,0,0
652,2013-03-01,1032.9382953444017,0.8584015232918917,0.512978386299228,0.8806828564301475,-0.47370635037968,-0.433883739117558,-0.9009688679024191,0.0010218170249252,0,0,0,0,0,0
653,2013-03-02,983.8277380467456,0.8670985522812081,0.4981366284784055,0.8638670987837349,-0.503719798736334,-0.9749279121818236,-0.2225209339563146,0.0011093837286151,0,0,0,0,0,0
654,2013-03-04,1468.3619171883,0.8837203473619977,0.4680153284438345,0.8271893372462497,-0.5619233046832195,0.0,1.0,0.0013057369899986,0,0,0,0,0,0
655,2013-03-05,793.8482476283776,0.8916401947968874,0.452744699607371,0.8073707443023492,-0.5900444739548627,0.7818314824680298,0.6234898018587336,0.0014155361520939,0,0,0,0,0,0
656,2013-03-06,732.6340300670784,0.8992961915530253,0.4373400963303323,0.7865965660866021,-0.6174672802835514,0.9749279121818236,-0.2225209339563143,0.0015338106793244,0,0,0,0,0,0
657,2013-03-07,772.2316739140527,0.9066860720977984,0.4218060770826634,0.7648913904341226,-0.6441592666722685,0.4338837391175582,-0.900968867902419,0.0016611470627641,0,0,0,0,0,0
658,2013-03-08,1283.6243169687125,0.9138076496466616,0.4061472386305788,0.742280907086982,-0.6700888411055113,-0.433883739117558,-0.9009688679024191,0.0017981666618475,0,0,0,0,0,0
659,2013-03-09,2163.7778389863856,0.9206588168102428,0.3903682146763026,0.7187918772884232,-0.6952253139408722,-0.9749279121818236,-0.2225209339563146,0.0019455273214659,0,0,0,0,0,0
660,2013-03-11,735.8887349933532,0.9335418911179212,0.3584683215124808,0.6692903895412567,-0.7430009249440493,0.0,1.0,0.0022740956104016,0,0,0,0,0,0
661,2013-03-12,964.0067036165468,0.9395699859530622,0.342356891994542,0.6433365204044917,-0.765583517007675,0.7818314824680298,0.6234898018587336,0.0024568164604892,0,0,0,0,0,0
662,2013-03-13,1195.4378095298307,0.945320046913132,0.3261441535642696,0.6166212130956382,-0.7872599821916922,0.9749279121818236,-0.2225209339563143,0.0026529083096449,0,0,0,0,0,0
663,2013-03-14,649.766724741189,0.9507903724625832,0.3098349038318025,0.5891760872322963,-0.8080046647350754,0.4338837391175582,-0.900968867902419,0.0028632370196305,0,0,0,0,0,0
664,2013-03-15,1556.0244980659422,0.9559793438440766,0.2934339689665273,0.5610336262283677,-0.8277930117131022,-0.433883739117558,-0.9009688679024191,0.0030887154082367,0,0,0,0,0,0
665,2013-03-16,587.734021935587,0.9608854255574976,0.2769462022689364,0.5322271388474397,-0.8466016020976267,-0.9749279121818236,-0.2225209339563146,0.0033303050984696,0,0,0,0,0,0
666,2013-03-18,1799.5157976403864,0.969843196967294,0.2437297136096838,0.4727592092862775,-0.881191653407483,0.0,1.0,0.0038659201394728,0,0,0,0,0,0
667,2013-03-19,628.590048198507,0.9738922359149924,0.2270108209414184,0.442168151967072,-0.8969321743510065,0.7818314824680298,0.6234898018587336,0.0041621296730796,0,0,0,0,0,0
668,2013-03-20,702.0113845679616,0.977653084481664,0.2102247521189836,0.4110537546870351,-0.911611107193024,0.9749279121818236,-0.2225209339563143,0.004478822680028,0,0,0,0,0,0
669,2013-03-21,1100.3092896174862,0.981124629771712,0.1933764744102058,0.3794528437245443,-0.925211078289358,0.4338837391175582,-0.900968867902419,0.0048172331281061,0,0,0,0,0,0
670,2013-03-22,704.0348857579619,0.984305844499033,0.1764709734915216,0.3474028211842774,-0.9377159910299092,-0.433883739117558,-0.9009688679024191,0.0051786551677508,0,0,0,0,0,0
671,2013-03-23,1075.4356556702485,0.9871957872910084,0.1595132519726365,0.3149416207289519,-0.9491110448902284,-0.9749279121818236,-0.2225209339563146,0.0055644450277938,0,0,0,0,0,0
672,2013-03-25,1592.2750754307306,0.992098522791769,0.1254612333527364,0.2489398085537665,-0.9685189578512204,0.0,1.0,0.0064148747704495,0,0,0,0,0,0
673,2013-03-26,1478.1599035423249,0.9941098647022418,0.108377012791876,0.2154773150467301,-0.976508846196619,0.7818314824680298,0.6234898018587336,0.0068825542952156,0,0,0,0,0,0
674,2013-03-27,705.2715372298474,0.9958270335100596,0.0912607217293118,0.1817597875913753,-0.9833429613388902,0.9749279121818236,-0.2225209339563143,0.0073806845376742,0,0,0,0,0,0
675,2013-03-28,1583.6736106561852,0.9972495210773452,0.0741174251509443,0.1478271334705304,-0.9890132145779884,0.4338837391175582,-0.900968867902419,0.0079109597339302,0,0,0,0,0,0
676,2013-03-29,673.1699574709745,0.998376906467142,0.0569521960340397,0.1137195145859496,-0.9935128947338008,-0.433883739117558,-0.9009688679024191,0.0084751469727328,0,0,0,0,0,0
677,2013-03-30,640.6635269392434,0.9992088560679752,0.0397701138460557,0.0794772999236209,-0.9968366760893436,-0.9749279121818236,-0.2225209339563146,0.0090750878156515,0,0,0,0,0,0
678,2013-04-01,695.1754724125531,0.9999855506507186,0.0053757315575838,0.0107513077635219,-0.9999422030204416,0.0,1.0,0.0103899781147773,0,0,0,0,0,0
679,2013-04-02,1886.6593741345887,0.9999300657962056,-0.0118263906918325,-0.0236511272452315,-0.9997202729664084,0.7818314824680298,0.6234898018587336,0.0111089965382423,0,0,0,0,0,0
680,2013-04-03,1972.7702702702704,0.9995786855478958,-0.0290250133219752,-0.0580255693287803,-0.9983150972033183,0.9749279121818236,-0.2225209339563143,0.0118719091278277,0,0,0,0,0,0
681,2013-04-04,1228.0146470342845,0.9989315138848576,-0.0462150469837083,-0.0923313336953912,-0.9957283388645872,0.4338837391175582,-0.900968867902419,0.0126809511496068,0,0,0,0,0,0
682,2013-04-05,702.6842134599505,0.9979887423155984,-0.0633914048695103,-0.1265278168386831,-0.9919630595773395,-0.433883739117558,-0.9009688679024191,0.0135384401366523,0,0,0,0,0,0
683,2013-04-06,664.6125458760172,0.9967506498213928,-0.0805490042187416,-0.1605745445949937,-0.9870237158387384,-0.9749279121818236,-0.2225209339563146,0.0144467767640457,0,0,0,0,0,0
684,2013-04-08,1279.4685246450078,0.9933900548258936,-0.114787625522127,-0.2280577712215198,-0.9736476020539838,0.0,1.0,0.0164260155188855,0,0,0,0,0,0
685,2013-04-09,918.2455886606884,0.9912685467787256,-0.1318585157173911,-0.2614143985111562,-0.965226663665613,0.7818314824680298,0.6234898018587336,0.0175021403684067,0,0,0,0,0,0
686,2013-04-10,767.8126879332066,0.9888537064205885,-0.1488903868564548,-0.2944616217868012,-0.9556633054034704,0.9749279121818236,-0.2225209339563143,0.0186395588695301,0,0,0,0,0,0
687,2013-04-11,706.8589321091786,0.986146248341595,-0.1658781989346314,-0.3271603271220951,-0.9449688462364056,0.4338837391175582,-0.900968867902419,0.0198410947443702,1,0,0,0,0,0
688,2013-04-12,691.9553987499058,0.98314697372215,-0.1828169249850199,-0.3594718130884232,-0.9331559438780432,-0.433883739117558,-0.9009688679024191,0.021109656453671,1,0,0,0,0,0
689,2013-04-13,1348.5716623453905,0.9798567700958664,-0.1997015525660636,-0.3913578365610259,-0.9202385798054076,-0.9749279121818236,-0.2225209339563146,0.0224482367321429,1,0,0,0,0,0
690,2013-04-15,717.3646143905978,0.9724075561219968,-0.2332885440754551,-0.4537030860313442,-0.8911529104063088,0.0,1.0,0.0253478407929008,1,0,0,0,0,0
691,2013-04-16,777.5090723547792,0.9682507501166718,-0.2499809690726521,-0.4840885216389758,-0.8750190302029955,0.7818314824680298,0.6234898018587336,0.0269152637299154,1,0,0,0,0,0
692,2013-04-17,682.7179981172453,0.9638074231367308,-0.2665994206792935,-0.5139010013093103,-0.8578494977869301,0.9749279121818236,-0.2225209339563143,0.0285655007845503,1,0,0,0,0,0
693,2013-04-18,1046.470074250862,0.9590788900341132,-0.2831389812281835,-0.5431052396834317,-0.8396646346181327,0.4338837391175582,-0.900968867902419,0.0303019500674343,1,0,0,0,0,0
694,2013-04-19,683.6600795846375,0.9540665500578388,-0.2995947563972602,-0.5716666713027052,-0.8204859638785327,-0.433883739117558,-0.9009688679024191,0.0321280855748041,1,0,0,0,0,0
695,2013-04-20,709.6115854023134,0.9487718864399473,-0.3159618766579029,-0.5995514915196489,-0.8003361849976323,-0.9749279121818236,-0.2225209339563146,0.0340474547345993,1,0,0,0,0,0
696,2013-04-22,733.2612536858819,0.9373419384643772,-0.3484108069446808,-0.65316012232693,-0.7572198192083127,0.0,1.0,0.0381804338005357,1,0,0,0,0,0
697,2013-04-23,1082.335240896448,0.9312100364121948,-0.3644830148102912,-0.6788204829862355,-0.734304263829602,0.7818314824680298,0.6234898018587336,0.0404014788741632,1,0,0,0,0,0
698,2013-04-24,707.4524338043627,0.9248025743285088,-0.3804473662878516,-0.7036774074790128,-0.7105196029692745,0.9749279121818236,-0.2225209339563143,0.0427306205788496,1,0,0,0,0,0
699,2013-04-25,1192.5626621037463,0.9181214482844364,-0.3962991372689181,-0.7277014757264236,-0.6858939875998223,0.4338837391175582,-0.900968867902419,0.0451717245647246,1,0,0,0,0,0
700,2013-04-26,655.015902714417,0.9111686353326632,-0.4120336369594263,-0.7508642533989489,-0.6604565640279754,-0.433883739117558,-0.9009688679024191,0.0477287077631641,1,0,0,0,0,0
701,2013-04-27,1382.1064825760084,0.9039461929224012,-0.4276462092677746,-0.7731383255706026,-0.6342374393978054,-0.9749279121818236,-0.2225209339563146,0.0504055333627536,1,0,0,0,0,0
702,2013-04-29,720.2868198897185,0.8887010478292915,-0.4584871291400876,-0.8149159841660791,-0.5795791048257612,0.0,1.0,0.0561347628341337,1,0,0,0,0,0
703,2013-04-30,607.6640054719105,0.8806828564301475,-0.47370635037968,-0.8343701235229537,-0.5512045872199277,0.7818314824680298,0.6234898018587336,0.0591952734739325,1,0,0,0,0,0
704,2013-05-01,539.2773816553405,0.8724040568049612,-0.4887853942889926,-0.8528367217694595,-0.522177676659508,0.9749279121818236,-0.2225209339563143,0.0623918271307013,1,0,0,0,0,0
705,2013-05-02,511.2089934289594,0.8638670987837349,-0.503719798736334,-0.8702939222685674,-0.4925327287220543,0.4338837391175582,-0.900968867902419,0.0657285286165304,1,0,0,0,0,0
706,2013-05-03,565.9588639470167,0.8550745085896932,-0.518505144391157,-0.886721063082993,-0.4623048304798108,-0.433883739117558,-0.9009688679024191,0.0692094902133194,1,0,0,0,0,0
707,2013-05-04,515.2516371537373,0.8460288880917339,-0.533137056031809,-0.9020987014301836,-0.4315297589714714,-0.9749279121818236,-0.2225209339563146,0.0728388237369676,1,0,0,0,0,0
708,2013-05-06,1189.5537504641663,0.8271893372462497,-0.5619233046832195,-0.9296339319682696,-0.3684843993077793,0.0,1.0,0.080559000939185,1,0,0,0,0,0
709,2013-05-07,510.0214433416927,0.8174009818249189,-0.5760691233798758,-0.9417589340994617,-0.3362887301766828,0.7818314824680298,0.6234898018587336,0.0846579886225299,1,0,0,0,0,0
710,2013-05-08,589.3139770152931,0.8073707443023492,-0.5900444739548627,-0.9527692922168512,-0.3036950375106588,0.9749279121818236,-0.2225209339563143,0.0889216174593863,1,0,0,0,0,0
711,2013-05-09,584.6059326209684,0.7971015927871943,-0.6038452208771035,-0.9626519747161488,-0.2707418984477642,0.4338837391175582,-0.900968867902419,0.093353863304629,1,0,0,0,0,0
712,2013-05-10,687.231372004895,0.7865965660866021,-0.6174672802835514,-0.97139528468375,-0.2374683155584684,-0.433883739117558,-0.9009688679024191,0.0979586452573397,1,0,0,0,0,0
713,2013-05-11,659.6704514415425,0.7758587728069828,-0.6309066211876704,-0.978988873740932,-0.2039136706831147,-0.9749279121818236,-0.2225209339563146,0.1027398149024943,1,0,0,0,0,0
714,2013-05-13,674.3705169124831,0.753697664392914,-0.6572212950663319,-0.9906923101615608,-0.136120338622667,0.0,1.0,0.1128463189671638,1,0,0,0,0,0
715,2013-05-14,632.3000400485073,0.742280907086982,-0.6700888411055113,-0.994788305609327,-0.1019618900517457,0.7818314824680298,0.6234898018587336,0.1181789171817805,1,0,0,0,0,0
716,2013-05-15,580.7325933705702,0.7306444969184916,-0.6827580970759147,-0.9977068927101168,-0.0676827617545516,0.9749279121818236,-0.2225209339563143,0.1237024067768548,1,0,0,0,0,0
717,2013-05-16,663.4124963479277,0.7187918772884232,-0.6952253139408722,-0.9994446170919858,-0.0333235257116313,0.4338837391175582,-0.900968867902419,0.1294201282977755,1,0,0,0,0,0
718,2013-05-17,473.5148842548307,0.7067265555776158,-0.7074868024503348,-0.9999994220246924,0.0010751512827982,-0.433883739117558,-0.9009688679024191,0.1353352832366127,1,0,0,0,0,0
719,2013-05-18,573.9064072417535,0.6944521021088763,-0.719538934232584,-0.9993706508539968,0.0354725557531255,-0.9749279121818236,-0.2225209339563146,0.1414509211393686,1,0,0,0,0,0
720,2013-05-20,818.4240675617606,0.6692903895412567,-0.7430009249440493,-0.9945667569706336,0.1041007489354256,0.0,1.0,0.1542950055015683,1,0,0,0,0,0
721,2013-05-21,746.0946759279134,0.6564105761979381,-0.7544038410927472,-0.9903973200352558,0.1382503109109819,0.7818314824680298,0.6234898018587336,0.1610286725459804,0,1,0,0,0,0
722,2013-05-22,661.1598718539392,0.6433365204044917,-0.765583517007675,-0.9850556718215012,0.172236243027682,0.9749279121818236,-0.2225209339563143,0.1679732367575336,0,1,0,0,0,0
723,2013-05-23,388.3219588400435,0.6300720909843687,-0.7765366444428655,-0.9785481345802032,0.2060183203251708,0.4338837391175582,-0.900968867902419,0.1751307883451509,0,1,0,0,0,0
724,2013-05-24,451.81792654329286,0.6166212130956382,-0.7872599821916922,-0.9708824104813836,0.239556559120927,-0.433883739117558,-0.9009688679024191,0.1825031849518363,0,1,0,0,0,0
725,2013-05-25,385.893478029719,0.6029878670694714,-0.7977503570459932,-0.9620675724981452,0.2728112643340191,-0.9749279121818236,-0.2225209339563146,0.1900920380007587,0,1,0,0,0,0
726,2013-05-27,505.790215856958,0.5751899607119775,-0.8180198708443175,-0.9410336347451196,0.3383130181923076,0.0,1.0,0.2059242464341987,0,1,0,0,0,0
727,2013-05-28,447.6058070293901,0.5610336262283677,-0.8277930117131022,-0.9288394302558068,0.3704825404820963,0.7818314824680298,0.6234898018587336,0.2141694715316088,0,1,0,0,0,0
728,2013-05-29,407.9014927828752,0.5467112728685939,-0.8373211953118121,-0.9155458729775467,0.4022135682368036,0.9749279121818236,-0.2225209339563143,0.2226348658788909,0,1,0,0,0,0
729,2013-05-30,405.427928975321,0.5322271388474397,-0.8466016020976267,-0.9011686968561567,0.4334685453485363,0.4338837391175582,-0.900968867902419,0.2313206080041767,0,1,0,0,0,0
730,2013-05-31,355.3411852003338,0.5175855102531889,-0.8556314858488706,-0.8857249183835637,0.4642104791518923,-0.433883739117558,-0.9009688679024191,0.2402265507324824,0,1,0,0,0,0
731,2013-06-01,303.86051506361355,0.5027907197793043,-0.8644081744776648,-0.8692328164574792,0.4944029842076181,-0.9749279121818236,-0.2225209339563146,0.2493522087772961,0,1,0,0,0,0
732,2013-06-03,539.3506742438836,0.4727592092862775,-0.881191653407483,-0.8331829385891785,0.5529974600700271,0.0,1.0,0.2682589673008851,0,1,0,0,0,0
733,2013-06-04,378.325840191891,0.4575313760742512,-0.8891934772070711,-0.8136678304455991,0.5813300798152042,0.7818314824680298,0.6234898018587336,0.2780373004531941,0,1,0,0,0,0
734,2013-06-05,667.2085594884447,0.442168151967072,-0.8969321743510065,-0.7931896839451843,0.6089746507720486,0.9749279121818236,-0.2225209339563143,0.2880297924974456,0,1,0,0,0,0
735,2013-06-06,607.4551356139082,0.4266740831899246,-0.9044054548343,-0.7717727365467837,0.6358984534680745,0.4338837391175582,-0.900968867902419,0.2982340961814215,0,1,0,0,0,0
736,2013-06-07,329.4313531631337,0.4110537546870351,-0.911611107193024,-0.7494423368521953,0.6620696215153815,-0.433883739117558,-0.9009688679024191,0.3086474612366189,0,1,0,0,0,0
737,2013-06-08,733.2516742630834,0.3953117887649151,-0.9185469991587164,-0.7262249146041543,0.6874571793269664,-0.9749279121818236,-0.2225209339563146,0.3192667256288431,0,1,0,0,0,0
738,2013-06-10,406.3614335065683,0.3634816124829063,-0.9316013725767188,-0.6772399381909491,0.7357622347736527,0.0,1.0,0.3411081980965921,0,1,0,0,0,0
739,2013-06-11,441.81830023231146,0.3474028211842774,-0.9377159910299092,-0.6515303615068021,0.75862255966641,0.7818314824680298,0.6234898018587336,0.3523219549954969,0,1,0,0,0,0
740,2013-06-12,1012.0381365153054,0.3312212278016865,-0.9435531242349544,-0.6250496486104377,0.7805849965070866,0.9749279121818236,-0.2225209339563143,0.3637246969042016,0,1,0,0,0,0
741,2013-06-13,395.5894201078929,0.3149416207289519,-0.9491110448902284,-0.5978291414589552,0.801623551065242,0.4338837391175582,-0.900968867902419,0.3753110988513995,0,1,0,0,0,0
742,2013-06-14,396.9562096541721,0.2985688173637202,-0.9543881083175908,-0.5699010576127624,0.821713322596059,-0.433883739117558,-0.9009688679024191,0.3870753885499897,0,1,0,0,0,0
743,2013-06-15,841.6774038303784,0.2821076626819194,-0.9593827529490744,-0.5412984521036173,0.8408305333122887,-0.9749279121818236,-0.2225209339563146,0.39901134372866,0,1,0,0,0,0
744,2013-06-17,400.3949992434299,0.2489398085537665,-0.9685189578512204,-0.4822058478963526,0.8760579434344281,0.0,1.0,0.4233711028530494,0,1,0,0,0,0
745,2013-06-18,459.0654078184525,0.2322429240090701,-0.9726578145718654,-0.451785789832884,0.8921264484954345,0.7818314824680298,0.6234898018587336,0.4357802031543156,0,1,0,0,0,0
746,2013-06-19,468.2758474138821,0.2154773150467301,-0.976508846196619,-0.4208310085956556,0.9071390534005044,0.9749279121818236,-0.2225209339563143,0.448331563940943,0,1,0,0,0,0
747,2013-06-20,706.9118363427715,0.1986479428801711,-0.9800709131432666,-0.3893781415452015,0.9210779895789526,0.4338837391175582,-0.900968867902419,0.4610167107835354,0,1,0,0,0,0
748,2013-06-21,308.1576228047233,0.1817597875913753,-0.9833429613388902,-0.3574644155648614,0.9339267592294762,-0.433883739117558,-0.9009688679024191,0.473826726395364,0,1,0,0,0,0
749,2013-06-22,498.3435552086125,0.1648178466571979,-0.9863240225317866,-0.3251276029999093,0.9456701548465688,-0.9749279121818236,-0.2225209339563146,0.4867522559599717,0,1,0,0,0,0
750,2013-06-24,486.42521350142334,0.1307926758567592,-0.9914097417023038,-0.2593382659754056,0.9657865518844574,0.0,1.0,0.5129102907232946,0,1,0,0,0,0
751,2013-06-25,367.0516470008687,0.1137195145859496,-0.9935128947338008,-0.225963608248019,0.974135744004672,0.7818314824680298,0.6234898018587336,0.5261219640934566,0,1,0,0,0,0
752,2013-06-26,749.2830490083791,0.0966127018812031,-0.9953220513156602,-0.1923215052390948,0.9813319716704276,0.9749279121818236,-0.2225209339563143,0.5394075072376265,0,1,0,0,0,0
753,2013-06-27,277.53223178374515,0.0794772999236209,-0.9968366760893436,-0.1584517749608363,0.9873667175937016,0.4338837391175582,-0.900968867902419,0.5527555015877842,0,1,0,0,0,0
754,2013-06-28,352.12655154029426,0.062318379354325,-0.998056320853012,-0.1243945048397999,0.9922328391893008,-0.433883739117558,-0.9009688679024191,0.5661541495171976,0,1,0,0,0,0
755,2013-06-29,357.43129183064235,0.0451410177739719,-0.998980624694158,-0.0901900042703451,0.99592457702866,-0.9749279121818236,-0.2225209339563146,0.5795912885442627,0,1,0,0,0,0
756,2013-07-01,392.9403058720788,0.0107513077635219,-0.9999422030204416,-0.0215013727408137,0.999768818762748,0.0,1.0,0.6065306597126334,0,0,1,0,0,0
757,2013-07-02,385.27748238924977,-0.0064508641981051,-0.9999791929590824,0.0129014599494196,0.9999167727021951,0.7818314824680298,0.6234898018587336,0.6200068879809458,0,0,1,0,0,0
758,2013-07-03,337.9292628443783,-0.0236511272452315,-0.9997202729664084,0.0472890227711323,0.9988812483600598,0.9749279121818236,-0.2225209339563143,0.6334696366573507,0,0,1,0,0,0
759,2013-07-04,313.92026651612014,-0.0408443915432961,-0.9991655196610107,0.0816206154031905,0.996663471358916,0.4338837391175582,-0.900968867902419,0.6469051754643523,0,0,1,0,0,0
760,2013-07-05,817.4940920634438,-0.0580255693287803,-0.9983150972033183,0.1158556037694784,0.9932660666081418,-0.433883739117558,-0.9009688679024191,0.6602995202173131,0,0,1,0,0,0
761,2013-07-06,425.7504351167469,-0.0751895764147585,-0.9971692572470178,0.1499534681324453,0.9886930551971383,-0.9749279121818236,-0.2225209339563146,0.6736384553447267,0,0,1,0,0,0
762,2013-07-08,355.0865242267835,-0.1094457686489155,-0.993992768446958,0.2175766051482817,0.976043247449696,0.0,1.0,0.7000922199176512,0,0,1,0,0,0
763,2013-07-09,959.3969382284614,-0.1265278168386831,-0.9919630595773395,0.2510218406258827,0.9679814231320734,0.7818314824680298,0.6234898018587336,0.71317767835549,0,0,1,0,0,0
764,2013-07-10,398.1636598406867,-0.1435724234118113,-0.9896398128792412,0.2841699724797683,0.9587739184713192,0.9749279121818236,-0.2225209339563143,0.7261490370736908,0,0,1,0,0,0
765,2013-07-11,484.6700838769804,-0.1605745445949937,-0.9870237158387384,0.3169817673505278,0.9484316312562208,0.4338837391175582,-0.900968867902419,0.7389912962803088,0,0,0,1,0,0
766,2013-07-12,295.39768208791395,-0.1775291491870349,-0.984115542601034,0.3494183899593976,0.936966802377855,-0.433883739117558,-0.9009688679024191,0.751689380082437,0,0,0,1,0,0
767,2013-07-13,457.7769144235564,-0.1944312200476619,-0.9809161537413774,0.3814414490727919,0.9243930013415552,-0.9749279121818236,-0.2225209339563146,0.7642281651714905,0,0,0,1,0,0
768,2013-07-15,1101.745740655951,-0.2280577712215198,-0.9736476020539838,0.4440958041592176,0.8959793059709459,0.0,1.0,0.7887672852587113,0,0,0,1,0,0
769,2013-07-16,732.0014653013238,-0.2447723008972595,-0.9695805901076308,0.4746529438919349,0.8801730414269229,0.7818314824680298,0.6234898018587336,0.8007374029168081,0,0,0,1,0,0
770,2013-07-17,608.3646003041164,-0.2614143985111562,-0.965226663665613,0.5046482954181526,0.8633250245021008,0.9749279121818236,-0.2225209339563143,0.8124878481707274,0,0,0,1,0,0
771,2013-07-18,363.832295820705,-0.2779791393987801,-0.9605871111248128,0.5340463569360717,0.8454551961182272,0.4338837391175582,-0.900968867902419,0.8240037097874371,0,0,0,1,0,0
772,2013-07-19,370.83167286299,-0.2944616217868012,-0.9556633054034704,0.5628123335824821,0.8265847065893737,-0.433883739117558,-0.9009688679024191,0.835270211411272,0,0,0,1,0,0
773,2013-07-20,497.4107231914996,-0.3108569682435036,-0.9504567035349152,0.5909121786151564,0.8067358905889147,-0.9749279121818236,-0.2225209339563146,0.8462727428586204,0,0,0,1,0,0
774,2013-07-22,634.3685530563782,-0.343366873996388,-0.939201357453208,0.6449812683237445,0.7641983796838971,0.0,1.0,0.8674284731834108,0,0,0,1,0,0
775,2013-07-23,366.54132903513,-0.3594718130884232,-0.9331559438780432,0.6708865180801582,0.7415600311898435,0.7818314824680298,0.6234898018587336,0.8775535639640376,0,0,0,1,0,0
776,2013-07-24,468.1594189636143,-0.3754703786876202,-0.9268343944460494,0.6959977221267386,0.7180439894563502,0.9749279121818236,-0.2225209339563143,0.8873585302803527,0,0,0,1,0,0
777,2013-07-25,555.3589533494826,-0.3913578365610259,-0.9202385798054076,0.7202851594252706,0.6936780875245466,0.4338837391175582,-0.900968867902419,0.8968300597468688,0,0,0,1,0,0
778,2013-07-26,437.94492786059095,-0.4071294853542516,-0.9133704517637858,0.7437200839287408,0.6684911643103645,-0.433883739117558,-0.9009688679024191,0.9059551911095096,0,0,0,1,0,0
779,2013-07-27,485.945002270786,-0.4227806579826773,-0.9062320427107696,0.7662747586044899,0.6425130304714689,-0.9749279121818236,-0.2225209339563146,0.914721343722234,0,0,0,1,0,0
780,2013-07-29,629.2397209863481,-0.4537030860313442,-0.8911529104063088,0.8086376511543126,0.5883070194512693,0.0,1.0,0.9311284654622024,0,0,0,1,0,0
781,2013-07-30,572.3066184969746,-0.4689651910076318,-0.8832166493127127,0.8283957292921138,0.5601432992463508,0.7818314824680298,0.6234898018587336,0.938746432156527,0,0,0,1,0,0
782,2013-07-31,540.6148954883453,-0.4840885216389758,-0.8750190302029955,0.847173337473877,0.5313166064347815,0.9749279121818236,-0.2225209339563143,0.9459594689067654,0,0,0,1,0,0
783,2013-08-01,617.2911278503159,-0.4990686026885319,-0.8665624788845385,0.8649482509584342,0.5018610596210326,0.4338837391175582,-0.900968867902419,0.9527573147659876,0,0,0,1,0,0
784,2013-08-02,611.0362357415668,-0.5139010013093103,-0.8578494977869301,0.8816994317707848,0.4718115217065765,-0.433883739117558,-0.9009688679024191,0.9591302497107984,0,0,0,1,0,0
785,2013-08-03,419.86387910423247,-0.5285813283559292,-0.8488826652214553,0.8974070536021568,0.4412035586269627,-0.9749279121818236,-0.2225209339563146,0.9650691177896804,0,0,0,1,0,0
786,2013-08-05,1689.6995774702484,-0.5574684374327892,-0.8301981337405212,0.9256185127518922,0.3784578825324888,0.0,1.0,0.975610980064846,0,0,0,1,0,0
787,2013-08-06,628.8833273529158,-0.5716666713027052,-0.8204859638785327,0.9380889596420648,0.3463944338433696,0.7818314824680298,0.6234898018587336,0.9801986733067553,0,0,0,1,0,0
788,2013-08-07,1040.440122199593,-0.5856957398073508,-0.8105309990194823,0.9494491062150135,0.3139210007430401,0.9749279121818236,-0.2225209339563143,0.9843217347761178,0,0,0,1,0,0
789,2013-08-08,698.6306607478087,-0.5995514915196489,-0.8003361849976323,0.9596855068649522,0.2810760180331286,0.4338837391175582,-0.900968867902419,0.987974130351234,0,0,0,1,0,0
790,2013-08-09,775.451548272232,-0.6132298262997502,-0.7899045386224707,0.968786046025684,0.2478983602727564,-0.433883739117558,-0.9009688679024191,0.9911505004882848,0,0,0,1,0,0
791,2013-08-10,720.6585522166906,-0.6267266965083301,-0.7792391467859886,0.9767399525103048,0.214427295767511,-0.9749279121818236,-0.2225209339563146,0.9938461733264412,0,0,0,1,0,0
792,2013-08-12,1314.204218116434,-0.65316012232693,-0.7572198192083127,0.9891715794849548,0.1467637092037396,0.0,1.0,0.9977802450856064,0,0,0,1,0,0
793,2013-08-13,772.0976698882616,-0.666088855860977,-0.7458723993404063,0.993634586189866,0.112651272195629,0.7818314824680298,0.6234898018587336,0.9990128332490112,0,0,0,1,0,0
794,2013-08-14,885.2333003935856,-0.6788204829862355,-0.734304263829602,0.9969215500633252,0.0784055037566676,0.9749279121818236,-0.2225209339563143,0.9997531169004024,0,0,0,1,0,0
795,2013-08-15,710.3815972471751,-0.6913512362094071,-0.722518835873311,0.9990285807311906,0.0440669363834491,0.4338837391175582,-0.900968867902419,1.0,0,0,0,1,0,0
796,2013-08-16,722.337873705324,-0.7036774074790128,-0.7105196029692745,0.999953184360873,0.0096762124072308,-0.433883739117558,-0.9009688679024191,0.9997531169004024,0,0,0,1,0,0
797,2013-08-17,999.7544801700304,-0.7157953492826642,-0.6983101158835584,0.9996942666129788,-0.0247259641093823,-0.9749279121818236,-0.2225209339563146,0.9990128332490112,0,0,0,1,0,0
798,2013-08-19,1014.1685843552556,-0.7393922635959241,-0.673274892250183,0.9956284932063294,-0.093401838931009,0.0,1.0,0.9960571761381908,0,0,0,1,0,0
799,2013-08-20,1015.0363213771848,-0.7508642533989489,-0.6604565640279754,0.9918264497026016,-0.1275942540647218,0.7818314824680298,0.6234898018587336,0.9938461733264412,0,0,0,1,0,0
800,2013-08-21,1113.4815456337872,-0.7621140503891487,-0.6474427960827475,0.9868505034357966,-0.1616356516011078,0.9749279121818236,-0.2225209339563143,0.9911505004882848,0,0,0,1,0,0
801,2013-08-22,1667.6226775510204,-0.7731383255706026,-0.6342374393978054,0.9807065438204116,-0.1954857409322303,0.4338837391175582,-0.900968867902419,0.987974130351234,0,0,0,1,0,0
802,2013-08-23,902.208993415772,-0.7839338166829201,-0.620844401650647,0.973401842704431,-0.2291044578781002,-0.433883739117558,-0.9009688679024191,0.9843217347761178,0,0,0,1,0,0
803,2013-08-24,1095.130796097796,-0.7944973291665992,-0.6072676460566135,0.9649450457625344,-0.2624520121057191,-0.9749279121818236,-0.2225209339563146,0.9801986733067553,0,0,0,1,0,0
804,2013-08-26,2073.454329467159,-0.8149159841660791,-0.5795791048257612,0.9446165532223606,-0.3281761224987386,0.0,1.0,0.9705653490349352,0,0,0,1,0,0
805,2013-08-27,1088.0443362686085,-0.8247650844733614,-0.5654755126737576,0.9327689179559782,-0.3604748891327019,0.7818314824680298,0.6234898018587336,0.9650691177896804,0,0,0,1,0,0
806,2013-08-28,985.7273817817272,-0.8343701235229537,-0.5512045872199277,0.9198172790502196,-0.3923470060554182,0.9749279121818236,-0.2225209339563143,0.9591302497107984,0,0,0,1,0,0
807,2013-08-29,1087.7854185506142,-0.8437282590292712,-0.5367705514607103,0.905776965764254,-0.4237547501691298,0.4338837391175582,-0.900968867902419,0.9527573147659876,0,0,0,1,0,0
808,2013-08-30,1051.3483810665869,-0.8528367217694595,-0.522177676659508,0.8906645958869751,-0.4546609479969567,-0.433883739117558,-0.9009688679024191,0.9459594689067654,0,0,0,1,0,0
809,2013-08-31,957.1233915687354,-0.8616928164028521,-0.5074302810827518,0.8744980560685747,-0.4850290196805589,-0.9749279121818236,-0.2225209339563146,0.938746432156527,0,0,0,1,0,0
810,2013-09-02,1189.638682640759,-0.8786374941610001,-0.4774894280028391,0.8390802290175676,-0.5440076922910431,0.0,1.0,0.9231163463866358,0,0,0,1,0,0
811,2013-09-03,1270.756001572005,-0.886721063082993,-0.4623048304798108,0.8198708615029215,-0.5725484874300667,0.7818314824680298,0.6234898018587336,0.914721343722234,0,0,0,1,0,0
812,2013-09-04,756.5779096532192,-0.8945422369764496,-0.4469834295196741,0.7996911138678691,-0.600411627469661,0.9749279121818236,-0.2225209339563143,0.9059551911095096,0,0,0,1,0,0
813,2013-09-05,734.4256379259193,-0.9020987014301836,-0.4315297589714714,0.7785648703932891,-0.6275641342440474,0.4338837391175582,-0.900968867902419,0.8968300597468688,0,0,0,1,0,0
814,2013-09-06,897.4404882765289,-0.9093882203647924,-0.4159483918249421,0.756517135610563,-0.6539738706764888,-0.433883739117558,-0.9009688679024191,0.8873585302803527,0,0,0,1,0,0
815,2013-09-07,2112.760836466457,-0.9164086366943458,-0.4002439388573056,0.733574004706797,-0.6796095788159788,-0.9749279121818236,-0.2225209339563146,0.8775535639640376,0,0,0,1,0,0
816,2013-09-09,1159.5953893776475,-0.9296339319682696,-0.3684843993077793,0.6851112019949135,-0.72843849493357,0.0,1.0,0.8569968914352789,0,0,0,1,0,0
817,2013-09-10,794.2080696832219,-0.935834897334994,-0.3524387108846032,0.6596488896351408,-0.7515739101399981,0.7818314824680298,0.6234898018587336,0.8462727428586204,0,0,0,1,0,0
818,2013-09-11,1197.6796678996932,-0.9417589340994617,-0.3362887301766828,0.6334058321617086,-0.7738197799123084,0.9749279121818236,-0.2225209339563143,0.835270211411272,0,0,0,1,0,0
819,2013-09-12,722.5741360665758,-0.9474042892438844,-0.3200392362231385,0.6064130902482765,-0.7951497745554202,0.4338837391175582,-0.900968867902419,0.8240037097874371,0,0,0,1,0,0
820,2013-09-13,709.9381581376788,-0.9527692922168512,-0.3036950375106588,0.578702611877601,-0.8155386483827991,-0.433883739117558,-0.9009688679024191,0.8124878481707274,0,0,0,1,0,0
821,2013-09-14,1225.096005595395,-0.9578523554276668,-0.2872609705505963,0.5503071945286527,-0.8349622695966589,-0.9749279121818236,-0.2225209339563146,0.8007374029168081,0,0,0,1,0,0
822,2013-09-16,690.2588464691225,-0.9671667297977312,-0.2541427094613622,0.4915967464233612,-0.8708229664552752,0.0,1.0,0.7765925101265281,0,0,0,1,0,0
823,2013-09-17,945.0386868232478,-0.97139528468375,-0.2374683155584684,0.461351203990578,-0.8872175982116474,0.7818314824680298,0.6234898018587336,0.7642281651714905,0,0,0,1,0,0
824,2013-09-18,988.3123628817076,-0.9753363880767836,-0.2207236509605022,0.4305596169818739,-0.9025621398133328,0.9749279121818236,-0.2225209339563143,0.751689380082437,0,0,0,1,0,0
825,2013-09-23,968.0598523949116,-0.9906923101615608,-0.136120338622667,0.2697067454601279,-0.962942506826501,0.0,1.0,0.6869075574573877,0,0,0,1,0,0
826,2013-09-24,594.4337309173919,-0.9928872135356962,-0.1190587300340498,0.2364237814212129,-0.9716500376053584,0.7818314824680298,0.6234898018587336,0.6736384553447267,0,0,0,1,0,0
827,2013-09-25,633.830975828111,-0.994788305609327,-0.1019618900517457,0.2028609916826013,-0.9792075459541514,0.9749279121818236,-0.2225209339563143,0.6602995202173131,0,0,0,1,0,0
828,2013-09-26,604.9029512605604,-0.9963950238187232,-0.0848348779057653,0.1690581003831471,-0.9856060869814276,0.4338837391175582,-0.900968867902419,0.6469051754643523,0,0,0,1,0,0
829,2013-09-27,696.4313425652808,-0.9977068927101168,-0.0676827617545516,0.1350551158403456,-0.9908380875225532,-0.433883739117558,-0.9009688679024191,0.6334696366573507,0,0,0,1,0,0
830,2013-09-28,378.7523643786015,-0.9987235240803972,-0.0505106171852228,0.1008922831974033,-0.9948973551031356,-0.9749279121818236,-0.2225209339563146,0.6200068879809458,0,0,0,1,0,0
831,2013-09-30,575.2970674547408,-0.9998699583618592,-0.0161265732706577,0.0322489522893041,-0.9994798672690922,0.0,1.0,0.5930544067956073,0,0,0,1,0,0
832,2013-10-01,523.1133312817171,-0.9999994220246924,0.0010751512827982,-0.0021503013227746,-0.9999976880994382,0.7818314824680298,0.6234898018587336,0.5795912885442627,0,0,0,0,1,0
833,2013-10-02,514.4787107781322,-0.999832969770105,0.0182765576816912,-0.0365470098881199,-0.9993319348786156,0.9749279121818236,-0.2225209339563143,0.5661541495171976,0,0,0,0,1,0
834,2013-10-03,414.4487614728487,-0.9993706508539968,0.0354725557531255,-0.0709004622609115,-0.9974833955766828,0.4338837391175582,-0.900968867902419,0.5527555015877842,0,0,0,0,1,0
835,2013-10-04,390.16661515635,-0.9986126020839734,0.052658056924614,-0.1051699984923495,-0.9944542580818482,-0.433883739117558,-0.9009688679024191,0.5394075072376265,0,0,0,0,1,0
836,2013-10-05,422.12366580274784,-0.9975590477788612,0.0698279757298708,-0.1393150579548309,-0.9902481076109372,-0.9749279121818236,-0.2225209339563146,0.5261219640934566,0,0,0,0,1,0
837,2013-10-07,368.81115878067146,-0.9945667569706336,0.1041007489354256,-0.2070702885338407,-0.9783260681421668,0.0,1.0,0.4997835137030315,0,0,0,0,1,0
838,2013-10-10,630.6787431097199,-0.9878726596350428,0.1552662498599956,-0.3067665664015059,-0.9517847833088268,0.4338837391175582,-0.900968867902419,0.4610167107835354,0,0,0,0,1,0
839,2013-10-11,316.33702171689373,-0.9850556718215012,0.172236243027682,-0.3393245761752893,-0.9406693531754186,-0.433883739117558,-0.9009688679024191,0.448331563940943,0,0,0,0,1,0
840,2013-10-12,664.2952000093818,-0.981947190186646,0.1891552687200409,-0.3714809692572883,-0.9284405686308982,-0.9749279121818236,-0.2225209339563146,0.4357802031543156,0,0,0,0,1,0
841,2013-10-14,533.9529547637427,-0.9748595108374124,0.2228204077947995,-0.4344371874948622,-0.9007021317403184,0.0,1.0,0.4111122905071874,0,0,0,0,1,0
842,2013-10-15,232.80847601206813,-0.9708824104813836,0.239556559120927,-0.4651624991319035,-0.8852253099642835,0.7818314824680298,0.6234898018587336,0.39901134372866,0,0,0,0,1,0
843,2013-10-16,322.2627671417596,-0.9666180104000972,0.2562218218071163,-0.4953372552325659,-0.8687007560596847,0.9749279121818236,-0.2225209339563143,0.3870753885499897,0,0,0,0,1,0
844,2013-10-17,255.8317729134936,-0.9620675724981452,0.2728112643340191,-0.5249257416559593,-0.8511480281049478,0.4338837391175582,-0.900968867902419,0.3753110988513995,0,0,0,0,1,0
845,2013-10-18,304.9037960409566,-0.957232443323312,0.2893199776186952,-0.5538929381563792,-0.8325879011014353,-0.433883739117558,-0.9009688679024191,0.3637246969042016,0,0,0,0,1,0
846,2013-10-19,651.4639221389417,-0.9521140536681102,0.3057430764672831,-0.5822045598324479,-0.8130423423846421,-0.9749279121818236,-0.2225209339563146,0.3523219549954969,0,0,0,0,1,0
847,2013-10-21,360.802177442946,-0.9410336347451196,0.3383130181923076,-0.6367278583821979,-0.7710886034432227,0.0,1.0,0.3300883075351398,0,0,0,0,0,1
848,2013-10-22,269.3033363980832,-0.9350748843515574,0.3544502230989869,-0.6628750027453377,-0.7487300786901568,0.7818314824680298,0.6234898018587336,0.3192667256288431,0,0,0,0,0,1
849,2013-10-24,565.3575782391424,-0.9223291176290545,0.3864052261209853,-0.7127855825108473,-0.7013820024527804,0.4338837391175582,-0.900968867902419,0.2982340961814215,0,0,0,0,0,1
850,2013-10-25,309.1688198752224,-0.9155458729775467,0.4022135682368036,-0.7364899449095569,-0.6764484910524362,-0.433883739117558,-0.9009688679024191,0.2880297924974456,0,0,0,0,0,1
851,2013-10-26,339.4905502645701,-0.9084917035725082,0.4179028888867866,-0.7593226149052589,-0.6507143509201561,-0.9749279121818236,-0.2225209339563146,0.2780373004531941,0,0,0,0,0,1
852,2013-10-28,346.99690500788114,-0.8935790198239952,0.4489059314938798,-0.8022658445149573,-0.5969669293392242,0.0,1.0,0.258696746701885,0,0,0,0,0,1
853,2013-10-29,347.44516306188643,-0.8857249183835637,0.4642104791518923,-0.8223255775192096,-0.5690172620911411,0.7818314824680298,0.6234898018587336,0.2493522087772961,0,0,0,0,0,1
854,2013-10-30,334.0694217209047,-0.8776087166898392,0.4793776594606945,-0.8414120250581577,-0.5403941192199728,0.9749279121818236,-0.2225209339563143,0.2402265507324824,0,0,0,0,0,1
855,2013-10-31,308.1515702339595,-0.8692328164574792,0.4944029842076181,-0.8595025968555411,-0.5111313784132033,0.4338837391175582,-0.900968867902419,0.2313206080041767,0,0,0,0,0,1
856,2013-11-01,267.4670460464295,-0.8605996962501181,0.5092820071573356,-0.876575881330507,-0.4812636743715911,-0.433883739117558,-0.9009688679024191,0.2226348658788909,0,0,0,0,0,1
857,2013-11-02,291.8145947592932,-0.8517119107469189,0.5240103253675756,-0.8926116709398649,-0.4508263578163351,-0.9749279121818236,-0.2225209339563146,0.2141694715316088,0,0,0,0,0,1
858,2013-11-04,376.76727326353046,-0.8331829385891785,0.5529974600700271,-0.9214960976269942,-0.3883876183121974,0.0,1.0,0.1978986990836146,0,0,0,0,0,1
859,2013-11-05,417.13162182569647,-0.8235472349556007,0.5672476988027229,-0.9343105477678196,-0.3564600964060307,0.7818314824680298,0.6234898018587336,0.1900920380007587,0,0,0,0,0,1
860,2013-11-06,263.7865438710405,-0.8136678304455991,0.5813300798152042,-0.9460191696320084,-0.3241106766040965,0.9749279121818236,-0.2225209339563143,0.1825031849518363,0,0,0,0,0,1
861,2013-11-07,328.7802163841605,-0.8035476485339116,0.5952404359043674,-0.9566081051665098,-0.2913776469287574,0.4338837391175582,-0.900968867902419,0.1751307883451509,0,0,0,0,0,1
862,2013-11-08,407.31495963911135,-0.7931896839451843,0.6089746507720486,-0.9660648215530204,-0.2582997494341228,-0.433883739117558,-0.9009688679024191,0.1679732367575336,0,0,0,0,0,1
863,2013-11-09,422.50138185099166,-0.7825970017677834,0.6225286602431057,-0.9743781260415392,-0.2249161343518477,-0.9749279121818236,-0.2225209339563146,0.1610286725459804,0,0,0,0,0,1
864,2013-11-11,390.00079634738137,-0.7607200913564104,0.6490800741100398,-0.98753650654923,-0.1573901147866107,0.0,1.0,0.1477699265043177,0,0,0,0,0,1
865,2013-11-12,402.0035990168539,-0.7494423368521953,0.6620696215153815,-0.992366008614672,-0.1233276325329588,0.7818314824680298,0.6234898018587336,0.1414509211393686,0,0,0,0,0,1
866,2013-11-13,404.7225308641976,-0.7379428103031386,0.6748632518680403,-0.9960209693076332,-0.0891191825561879,0.9749279121818236,-0.2225209339563143,0.1353352832366127,0,0,0,0,0,1
867,2013-11-14,415.7026805769457,-0.7262249146041543,0.6874571793269664,-0.998497062701478,-0.0548052531836224,0.4338837391175582,-0.900968867902419,0.1294201282977755,0,0,0,0,0,1
868,2013-11-15,575.7772324653074,-0.7142921172691032,0.699847677146407,-0.999791358149542,-0.0204264575855568,-0.433883739117558,-0.9009688679024191,0.1237024067768548,0,0,0,0,0,1
869,2013-11-16,469.5127486568898,-0.7021479494046978,0.7120310787787131,-0.9999023237537764,0.0139765142935557,-0.9749279121818236,-0.2225209339563146,0.1181789171817805,0,0,0,0,0,1
870,2013-11-18,452.1706929692987,-0.6772399381909491,0.7357622347736527,-0.996575140802686,0.082692132238239,0.0,1.0,0.1077011451900321,0,0,0,0,0,1
871,2013-11-19,461.8406076786906,-0.6644834655228552,0.7473029667054297,-0.9931409302238696,0.116923448093473,0.7818314824680298,0.6234898018587336,0.1027398149024943,0,0,0,0,0,1
872,2013-11-20,436.681499258841,-0.6515303615068021,0.75862255966641,-0.9885312610933432,0.1510163760696315,0.9749279121818236,-0.2225209339563143,0.0979586452573397,0,0,0,0,0,1
873,2013-11-21,489.3052623766837,-0.6383844591746642,0.769717664006921,-0.9827515893084884,0.1849305645685428,0.4338837391175582,-0.900968867902419,0.093353863304629,0,0,0,0,0,1
874,2013-11-22,554.4586533954796,-0.6250496486104377,0.7805849965070866,-0.9758087555546684,0.2186258735439368,-0.433883739117558,-0.9009688679024191,0.0889216174593863,0,0,0,0,0,1
875,2013-11-23,538.3665812866105,-0.6115298757991053,0.7912213413483807,-0.9677109772087537,0.2520624220102616,-0.9749279121818236,-0.2225209339563146,0.0846579886225299,0,0,0,0,0,1
876,2013-11-25,641.8006862611538,-0.5839514998576998,0.8117885474764613,-0.948090279732366,0.3180012916278857,0.0,1.0,0.0766206321804935,0,0,0,0,0,1
877,2013-11-26,394.4170316090199,-0.5699010576127624,0.821713322596059,-0.936590583203982,0.3504255690637097,0.7818314824680298,0.6234898018587336,0.0728388237369676,0,0,0,0,0,1
878,2013-11-27,425.882384612645,-0.5556819724760489,0.8313949395234058,-0.9239823598019432,0.3824350909302552,0.9749279121818236,-0.2225209339563143,0.0692094902133194,0,0,0,0,0,1
879,2013-11-28,508.01936325111376,-0.5412984521036173,0.8408305333122887,-0.9102805323268018,0.4139919715004559,0.4338837391175582,-0.900968867902419,0.0657285286165304,0,0,0,0,0,1
880,2013-11-29,579.5048459831548,-0.5267547528105542,0.8500173118187018,-0.895501317943504,0.4450588607829839,-0.433883739117558,-0.9009688679024191,0.0623918271307013,0,0,0,0,0,1
881,2013-11-30,535.2953862569356,-0.5120551783114646,0.8589525565270845,-0.8796622089871292,0.4755989887288283,-0.9749279121818236,-0.2225209339563146,0.0591952734739325,0,0,0,0,0,1
882,2013-12-02,473.7372329142082,-0.4822058478963526,0.8760579434344281,-0.8448805268402667,0.5349550405091192,0.0,1.0,0.0532062053822325,0,0,0,0,0,1
883,2013-12-03,390.96662409201366,-0.4670649248774303,0.8842230238742036,-0.8259791204413983,0.5637007118984807,0.7818314824680298,0.6234898018587336,0.0504055333627536,0,0,0,0,0,1
884,2013-12-04,373.66248253845737,-0.451785789832884,0.8921264484954345,-0.8061001043286311,0.5917792002101544,0.9749279121818236,-0.2225209339563143,0.0477287077631641,0,0,0,0,0,1
885,2013-12-05,418.42755706154463,-0.4363729641045924,0.8997658785476209,-0.7852670068439961,0.6191572723971441,0.4338837391175582,-0.900968867902419,0.0451717245647246,0,0,0,0,0,1
886,2013-12-06,464.4170571779577,-0.4208310085956556,0.9071390534005044,-0.7635044855580851,0.6458025244087264,-0.433883739117558,-0.9009688679024191,0.0427306205788496,0,0,0,0,0,1
887,2013-12-07,389.9758843083636,-0.4051645224207563,0.9142437912130223,-0.7408382980859317,0.6716834195431209,-0.9749279121818236,-0.2225209339563146,0.0404014788741632,0,0,0,0,0,1
888,2013-12-09,528.8735973259661,-0.3734765374130707,0.9276396261490468,-0.6929032710826029,0.7210305520038863,0.0,1.0,0.0360636756174023,0,0,0,0,0,1
889,2013-12-10,592.8321062618596,-0.3574644155648614,0.9339267592294762,-0.6676911663366994,0.7444383832097442,0.7818314824680298,0.6234898018587336,0.0340474547345993,0,0,0,0,0,1
890,2013-12-11,451.9875825291047,-0.3413465142450361,0.9399375283564132,-0.641688797825113,0.7669651144255266,0.9749279121818236,-0.2225209339563143,0.0321280855748041,0,0,0,0,0,1
891,2013-12-12,821.0186102218025,-0.3251276029999093,0.9456701548465688,-0.6149269413476359,0.7885840835350667,0.4338837391175582,-0.900968867902419,0.0303019500674343,0,0,0,0,0,1
892,2013-12-13,345.0949926920744,-0.3088124812662537,0.9511229423235356,-0.587437271616382,0.8092697028283593,-0.433883739117558,-0.9009688679024191,0.0285655007845503,0,0,0,0,0,1
893,2013-12-14,482.6348334410434,-0.2924059769510773,0.956294277219772,-0.5592523247663436,0.828997489286572,-0.9749279121818236,-0.2225209339563146,0.0269152637299154,0,0,0,0,0,1
894,2013-12-16,572.917860974335,-0.2593382659754056,0.9657865518844574,-0.5009308193361626,0.8654873276017396,0.0,1.0,0.0238599118793802,0,0,0,0,0,1
895,2013-12-17,376.9926923150415,-0.2426868445825954,0.9701046827361176,-0.4708632887360563,0.8822061909330864,0.7818314824680298,0.6234898018587336,0.0224482367321429,0,0,0,0,0,1
896,2013-12-18,712.9656427659821,-0.225963608248019,0.974135744004672,-0.4402384552773285,0.8978808954950716,0.9749279121818236,-0.2225209339563143,0.021109656453671,0,0,0,0,0,1
897,2013-12-19,357.8161126689199,-0.2091735056463563,0.9778785428342386,-0.4090925658019766,0.9124928890712274,0.4338837391175582,-0.900968867902419,0.0198410947443702,0,0,0,0,0,1
898,2013-12-20,625.7348112880028,-0.1923215052390948,0.9813319716704276,-0.3774624838618108,0.9260248772451376,-0.433883739117558,-0.9009688679024191,0.0186395588695301,0,0,0,0,0,1
899,2013-12-21,457.2400045023708,-0.1754125938042784,0.9844950085880858,-0.345385646087603,0.9384608438697104,-0.9749279121818236,-0.2225209339563146,0.0175021403684067,0,0,0,0,0,1
900,2013-12-23,623.3481139787458,-0.141444067687942,0.989946248902378,-0.2800440484743445,0.9599871514317776,0.0,1.0,0.0154084455711887,0,0,0,0,0,1
901,2013-12-24,371.1214623322153,-0.1243945048397999,0.9922328391893008,-0.2468566254334839,0.969052014331322,0.7818314824680298,0.6234898018587336,0.0144467767640457,0,0,0,0,0,1
902,2013-12-25,372.8479761857371,-0.1073081316563624,0.994225811815616,-0.2133770286209279,0.9769699297608416,0.9749279121818236,-0.2225209339563143,0.0135384401366523,0,0,0,0,0,1
903,2013-12-26,440.92390057361376,-0.0901900042703451,0.99592457702866,-0.179644883710313,0.9837315262594304,0.4338837391175582,-0.900968867902419,0.0126809511496068,0,0,0,0,0,1
904,2013-12-27,579.9634982979837,-0.0730451882110474,0.9973286321364752,-0.1457001152853506,0.9893288009584252,-0.433883739117558,-0.9009688679024191,0.0118719091278277,0,0,0,0,0,1
905,2013-12-28,942.8103462125472,-0.0558787569053731,0.9984375616565666,-0.1115828995860015,0.9937551290534204,-0.9749279121818236,-0.2225209339563146,0.0111089965382423,0,0,0,0,0,1
906,2013-12-30,467.9799808789872,-0.0215013727408137,0.999768818762748,-0.0429928040537219,0.9990753819405211,0.0,1.0,0.0097126998429016,0,0,0,0,0,1
907,2013-12-31,735.0514060719925,-0.0043005927029819,0.9999907524084426,-0.0086011058657144,0.999963009804806,0.7818314824680298,0.6234898018587336,0.0090750878156515,0,0,0,0,0,1
908,2014-01-03,472.4404733479145,0.0515843668694083,0.9986686402879996,0.1030313790431787,0.9946781061893646,-0.433883739117558,-0.9009688679024191,0.0072532058010343,0,0,0,0,0,0
909,2014-01-04,427.0730213939513,0.0687554084811394,0.9976335468520452,0.1371854040566005,0.9905453876091832,-0.9749279121818236,-0.2225209339563146,0.0067628442633904,0,0,0,0,0,0
910,2014-01-06,411.6787174131917,0.1030313790431787,0.9946781061893646,0.2049661139694953,0.9787690698649216,0.0,1.0,0.0058706306788869,0,0,0,0,0,0
911,2014-01-07,404.215319438079,0.1201261651823505,0.9927586335250792,0.2385125751940764,0.9711394088771652,0.7818314824680298,0.6234898018587336,0.0054656365237319,0,0,0,0,0,0
912,2014-01-08,414.0506715322293,0.1371854040566005,0.9905453876091832,0.2717767384711357,0.9623603298276544,0.9749279121818236,-0.2225209339563143,0.0050860692310127,0,0,0,0,0,0
913,2014-01-09,430.78297203465297,0.1542040475626894,0.988039023376751,0.3047192331091634,0.9524422234305676,0.4338837391175582,-0.900968867902419,0.0047305247785057,0,0,0,0,0,0
914,2014-01-10,352.0258195339589,0.1711770596101998,0.985240282501282,0.3373010691361842,0.9413968285264122,-0.433883739117558,-0.9009688679024191,0.0043976626339341,0,0,0,0,0,0
915,2014-01-11,315.5797761413187,0.1880994176117975,0.9821499931752292,0.3694836834473831,0.9292372181882051,-0.9749279121818236,-0.2225209339563146,0.0040862038707351,0,0,0,0,0,0
916,2014-01-13,336.38896382736607,0.2217721575564818,0.975098513039961,0.4324994021339788,0.901634220265486,0.0,1.0,0.0035226774101574,0,0,0,0,0,0
917,2014-01-14,305.1745530348662,0.2385125751940764,0.9711394088771652,0.4632579225674917,0.88622350294858,0.7818314824680298,0.6234898018587336,0.0032683427650369,0,0,0,0,0,0
918,2014-01-15,357.2229143051674,0.2551824131233728,0.966892928939152,0.4934681416772373,0.8697638720650646,0.9749279121818236,-0.2225209339563143,0.0030308737915416,0,0,0,0,0,0
919,2014-01-16,385.215061595465,0.2717767384711357,0.9623603298276544,0.5230943033491326,0.8522748088519838,0.4338837391175582,-0.900968867902419,0.0028092710364807,0,0,0,0,0,0
920,2014-01-17,355.3268561023897,0.2882906407095177,0.957542952811672,0.5521013427459208,0.8337770129585915,-0.433883739117558,-0.9009688679024191,0.0026025852527254,0,0,0,0,0,0
921,2014-01-18,336.8767144760561,0.3047192331091634,0.9524422234305676,0.580454927809098,0.8142923779467267,-0.9749279121818236,-0.2225209339563146,0.0024099155339509,0,0,0,0,0,0
922,2014-01-20,363.69663608096863,0.3373010691361842,0.9413968285264122,0.6350683134867438,0.7724559775191742,0.0,1.0,0.0020632513354787,0,0,0,0,0,0
923,2014-01-21,314.05377901532086,0.3534446712740877,0.9354554315134164,0.6612634749656386,0.7501537286959042,0.7818314824680298,0.6234898018587336,0.0019076802879754,0,0,0,0,0,0
924,2014-01-22,320.54042057371134,0.3694836834473831,0.9292372181882051,0.6866759803451553,0.726963615332308,0.9749279121818236,-0.2225209339563143,0.0017629686236867,0,0,0,0,0,0
925,2014-01-23,310.8504702525626,0.3854133594543256,0.9227440286201428,0.7112757519738152,0.7029130847082615,0.4338837391175582,-0.900968867902419,0.0016284300482412,0,0,0,0,0,0
926,2014-01-24,320.6538551270641,0.4012289854475009,0.9159777842484876,0.7350336741329412,0.6780306024735382,-0.433883739117558,-0.9009688679024191,0.0015034159919344,0,0,0,0,0,0
927,2014-01-25,349.7019244801921,0.4169258813287287,0.908940487313808,0.7579216274973472,0.6523456189565257,-0.9749279121818236,-0.2225209339563146,0.0013873139624241,0,0,0,0,0,0
928,2014-01-27,387.4743742026308,0.4479449394078911,0.8940611451454876,0.8009803309782905,0.5986906625177214,0.0,1.0,0.0011795668021961,0,0,0,0,0,0
929,2014-01-28,372.1258049972448,0.4632579225674917,0.88622350294858,0.8211001178128892,0.5707841943569036,0.7818314824680298,0.6234898018587336,0.0010868628230603,0,0,0,0,0,0
930,2014-01-29,401.3265467267581,0.4784338202547012,0.8781236129591848,0.8402480696078469,0.5422021592729844,0.9749279121818236,-0.2225209339563143,0.0010009501745566,0,0,0,0,0,0
931,2014-01-30,574.7584349754475,0.4934681416772373,0.8697638720650646,0.8584015232918917,0.512978386299228,0.4338837391175582,-0.900968867902419,0.0009213735043575,0,0,0,0,0,0
932,2014-02-03,388.651354349279,0.5521013427459208,0.8337770129585915,0.9206588168102428,0.3903682146763026,0.0,1.0,0.000658239732409,0,0,0,0,0,0
933,2014-02-04,342.05598908776733,0.5663619330814524,0.8241566360566663,0.9335418911179212,0.3584683215124808,0.7818314824680298,0.6234898018587336,0.0006044147037595,0,0,0,0,0,0
934,2014-02-05,365.4867450043346,0.580454927809098,0.8142923779467267,0.945320046913132,0.3261441535642696,0.9749279121818236,-0.2225209339563143,0.000554717008343,0,0,0,0,0,0
935,2014-02-06,331.61447045866345,0.5943761565849831,0.804187157621448,0.9559793438440766,0.2934339689665273,0.4338837391175582,-0.900968867902419,0.0005088543328223,0,0,0,0,0,0
936,2014-02-07,355.4995296742721,0.6081214998935418,0.7938439653781019,0.9655071658143364,0.2603764827344581,-0.433883739117558,-0.9009688679024191,0.0004665530201723,0,0,0,0,0,0
937,2014-02-08,321.181984985936,0.6216868902665479,0.7832658619336791,0.9738922359149924,0.2270108209414184,-0.9749279121818236,-0.2225209339563146,0.0004275570451654,0,0,0,0,0,0
938,2014-02-10,317.10828128320924,0.6482618097757122,0.7614175109532997,0.9871957872910084,0.1595132519726365,0.0,1.0,0.0003585393208955,0,0,0,0,0,0
939,2014-02-11,269.92001892034705,0.6612634749656386,0.7501537286959042,0.992098522791769,0.1254612333527364,0.7818314824680298,0.6234898018587336,0.0003280850598723,0,0,0,0,0,0
940,2014-02-12,315.37897358242213,0.6740694616546161,0.7386679638813748,0.9958270335100596,0.0912607217293118,0.9749279121818236,-0.2225209339563143,0.0003000693589348,0,0,0,0,0,0
941,2014-02-13,277.0591160127192,0.6866759803451553,0.726963615332308,0.998376906467142,0.0569521960340397,0.4338837391175582,-0.900968867902419,0.0002743104674934,0,0,0,0,0,0
942,2014-02-14,243.2872302211707,0.6990793005655562,0.7150441465537444,0.9997451236925734,0.0225762630415454,-0.433883739117558,-0.9009688679024191,0.0002805480820737,0,0,0,0,0,0
943,2014-02-15,255.7772651239486,0.7112757519738152,0.7029130847082615,0.9999300657962056,-0.0118263906918325,-0.9749279121818236,-0.2225209339563146,0.0003068548257635,0,0,0,0,0,0
944,2014-02-17,298.960808805956,0.7350336741329412,0.6780306024735382,0.9967506498213928,-0.0805490042187416,0.0,1.0,0.0003665564497251,0,0,0,0,0,0
945,2014-02-18,278.6116093763346,0.746588114532413,0.6652865452111116,0.9933900548258936,-0.114787625522127,0.7818314824680298,0.6234898018587336,0.0004003345935883,0,0,0,0,0,0
946,2014-02-19,363.96816830968254,0.7579216274973472,0.6523456189565257,0.9888537064205885,-0.1488903868564548,0.9749279121818236,-0.2225209339563143,0.0004370095298997,0,0,0,0,0,0
947,2014-02-20,323.05671081777496,0.7690308592589181,0.6392116531380588,0.98314697372215,-0.1828169249850199,0.4338837391175582,-0.900968867902419,0.0004768087638956,0,0,0,0,0,0
948,2014-02-21,296.40843054071127,0.7799125224167177,0.6258885343075018,0.976276611086932,-0.2165270852448143,-0.433883739117558,-0.9009688679024191,0.0005199757432558,0,0,0,0,0,0
949,2014-02-22,309.6279839307651,0.7905633969115482,0.612380204990065,0.9682507501166718,-0.2499809690726521,-0.9749279121818236,-0.2225209339563146,0.0005667708074866,0,0,0,0,0,0
950,2014-02-24,249.91684668847685,0.8111602420785621,0.5848239578463322,0.9487718864399473,-0.3159618766579029,0.0,1.0,0.0006723770032408,0,0,0,0,0,0
951,2014-02-25,300.82943836207994,0.8211001178128892,0.5707841943569036,0.9373419384643772,-0.3484108069446808,0.7818314824680298,0.6234898018587336,0.0007318024188804,0,0,0,0,0,0
952,2014-02-26,282.0659523408555,0.8307970168121247,0.5565755266413303,0.9248025743285088,-0.3804473662878516,0.9749279121818236,-0.2225209339563143,0.0007960866914957,0,0,0,0,0,0
953,2014-02-27,378.4913834975034,0.8402480696078469,0.5422021592729844,0.9111686353326632,-0.4120336369594263,0.4338837391175582,-0.900968867902419,0.0008655903784247,0,0,0,0,0,0
954,2014-02-28,293.31833916489234,0.8494504794814806,0.527668345562516,0.8964562582905575,-0.4431322341826345,-0.433883739117558,-0.9009688679024191,0.0009406975448679,0,0,0,0,0,0
955,2014-03-01,302.65924353479926,0.8584015232918917,0.512978386299228,0.8806828564301475,-0.47370635037968,-0.9749279121818236,-0.2225209339563146,0.0010218170249252,0,0,0,0,0,0
956,2014-03-03,312.7207005717346,0.8755389928586302,0.4831474640149687,0.8460288880917339,-0.533137056031809,0.0,1.0,0.0012038599948282,0,0,0,0,0,0
957,2014-03-04,276.01518912109026,0.8837203473619977,0.4680153284438345,0.8271893372462497,-0.5619233046832195,0.7818314824680298,0.6234898018587336,0.0013057369899986,0,0,0,0,0,0
958,2014-03-05,288.7069988137604,0.8916401947968874,0.452744699607371,0.8073707443023492,-0.5900444739548627,0.9749279121818236,-0.2225209339563143,0.0014155361520939,0,0,0,0,0,0
959,2014-03-06,265.8542136746038,0.8992961915530253,0.4373400963303323,0.7865965660866021,-0.6174672802835514,0.4338837391175582,-0.900968867902419,0.0015338106793244,0,0,0,0,0,0
960,2014-03-07,282.19341091537444,0.9066860720977984,0.4218060770826634,0.7648913904341226,-0.6441592666722685,-0.433883739117558,-0.9009688679024191,0.0016611470627641,0,0,0,0,0,0
961,2014-03-08,289.05121270815823,0.9138076496466616,0.4061472386305788,0.742280907086982,-0.6700888411055113,-0.9749279121818236,-0.2225209339563146,0.0017981666618475,0,0,0,0,0,0
962,2014-03-10,257.0763822870987,0.9272375462179536,0.374473674486883,0.6944521021088763,-0.719538934232584,0.0,1.0,0.0021039250291307,0,0,0,0,0,0
963,2014-03-11,275.3219729530481,0.9335418911179212,0.3584683215124808,0.6692903895412567,-0.7430009249440493,0.7818314824680298,0.6234898018587336,0.0022740956104016,0,0,0,0,0,0
964,2014-03-12,250.0199041173905,0.9395699859530622,0.342356891994542,0.6433365204044917,-0.765583517007675,0.9749279121818236,-0.2225209339563143,0.0024568164604892,0,0,0,0,0,0
965,2014-03-13,270.542906413646,0.945320046913132,0.3261441535642696,0.6166212130956382,-0.7872599821916922,0.4338837391175582,-0.900968867902419,0.0026529083096449,0,0,0,0,0,0
966,2014-03-14,275.40694089185826,0.9507903724625832,0.3098349038318025,0.5891760872322963,-0.8080046647350754,-0.433883739117558,-0.9009688679024191,0.0028632370196305,0,0,0,0,0,0
967,2014-03-15,284.19308141884045,0.9559793438440766,0.2934339689665273,0.5610336262283677,-0.8277930117131022,-0.9749279121818236,-0.2225209339563146,0.0030887154082367,0,0,0,0,0,0
968,2014-03-17,258.9674363780959,0.9655071658143364,0.2603764827344581,0.5027907197793043,-0.8644081744776648,0.0,1.0,0.0035890183886718,0,0,0,0,0,0
969,2014-03-18,222.16537601658945,0.969843196967294,0.2437297136096838,0.4727592092862775,-0.881191653407483,0.7818314824680298,0.6234898018587336,0.0038659201394728,0,0,0,0,0,0
970,2014-03-19,262.28852998289204,0.9738922359149924,0.2270108209414184,0.442168151967072,-0.8969321743510065,0.9749279121818236,-0.2225209339563143,0.0041621296730796,0,0,0,0,0,0
971,2014-03-20,257.703284413302,0.977653084481664,0.2102247521189836,0.4110537546870351,-0.911611107193024,0.4338837391175582,-0.900968867902419,0.004478822680028,0,0,0,0,0,0
972,2014-03-21,244.0594965776012,0.981124629771712,0.1933764744102058,0.3794528437245443,-0.925211078289358,-0.433883739117558,-0.9009688679024191,0.0048172331281061,0,0,0,0,0,0
973,2014-03-22,241.84614904360177,0.984305844499033,0.1764709734915216,0.3474028211842774,-0.9377159910299092,-0.9749279121818236,-0.2225209339563146,0.0051786551677508,0,0,0,0,0,0
974,2014-03-24,282.8675237445116,0.9897936029670716,0.1425083279161708,0.2821076626819194,-0.9593827529490744,0.0,1.0,0.0059760228950059,0,0,0,0,0,0
975,2014-03-25,276.21505927465665,0.992098522791769,0.1254612333527364,0.2489398085537665,-0.9685189578512204,0.7818314824680298,0.6234898018587336,0.0064148747704495,0,0,0,0,0,0
976,2014-03-26,261.52969607078467,0.9941098647022418,0.108377012791876,0.2154773150467301,-0.976508846196619,0.9749279121818236,-0.2225209339563143,0.0068825542952156,0,0,0,0,0,0
977,2014-03-27,293.17215407010104,0.9958270335100596,0.0912607217293118,0.1817597875913753,-0.9833429613388902,0.4338837391175582,-0.900968867902419,0.0073806845376742,0,0,0,0,0,0
978,2014-03-28,273.56375186232594,0.9972495210773452,0.0741174251509443,0.1478271334705304,-0.9890132145779884,-0.433883739117558,-0.9009688679024191,0.0079109597339302,0,0,0,0,0,0
979,2014-03-29,261.42652774568427,0.998376906467142,0.0569521960340397,0.1137195145859496,-0.9935128947338008,-0.9749279121818236,-0.2225209339563146,0.0084751469727328,0,0,0,0,0,0
980,2014-03-31,292.8300543947944,0.9997451236925734,0.0225762630415454,0.0451410177739719,-0.998980624694158,0.0,1.0,0.0097126998429016,0,0,0,0,0,0
981,2014-04-01,251.22229077843085,0.9999855506507186,0.0053757315575838,0.0107513077635219,-0.9999422030204416,0.7818314824680298,0.6234898018587336,0.0103899781147773,0,0,0,0,0,0
982,2014-04-02,216.66547536001988,0.9999300657962056,-0.0118263906918325,-0.0236511272452315,-0.9997202729664084,0.9749279121818236,-0.2225209339563143,0.0111089965382423,0,0,0,0,0,0
983,2014-04-03,253.7207804300241,0.9995786855478958,-0.0290250133219752,-0.0580255693287803,-0.9983150972033183,0.4338837391175582,-0.900968867902419,0.0118719091278277,0,0,0,0,0,0
984,2014-04-04,257.9397568887463,0.9989315138848576,-0.0462150469837083,-0.0923313336953912,-0.9957283388645872,-0.433883739117558,-0.9009688679024191,0.0126809511496068,0,0,0,0,0,0
985,2014-04-05,294.5220768863793,0.9979887423155984,-0.0633914048695103,-0.1265278168386831,-0.9919630595773395,-0.9749279121818236,-0.2225209339563146,0.0135384401366523,0,0,0,0,0,0
986,2014-04-07,258.633655815662,0.9952176027737294,-0.0976827678217159,-0.1944312200476619,-0.9809161537413774,0.0,1.0,0.0154084455711887,0,0,0,0,0,0
987,2014-04-08,258.5911430992828,0.9933900548258936,-0.114787625522127,-0.2280577712215198,-0.9736476020539838,0.7818314824680298,0.6234898018587336,0.0164260155188855,0,0,0,0,0,0
988,2014-04-09,259.3893942852174,0.9912685467787256,-0.1318585157173911,-0.2614143985111562,-0.965226663665613,0.9749279121818236,-0.2225209339563143,0.0175021403684067,0,0,0,0,0,0
989,2014-04-10,234.8509582648445,0.9888537064205885,-0.1488903868564548,-0.2944616217868012,-0.9556633054034704,0.4338837391175582,-0.900968867902419,0.0186395588695301,0,0,0,0,0,0
990,2014-04-11,227.4238956532353,0.986146248341595,-0.1658781989346314,-0.3271603271220951,-0.9449688462364056,-0.433883739117558,-0.9009688679024191,0.0198410947443702,1,0,0,0,0,0
991,2014-04-12,299.3539059669463,0.98314697372215,-0.1828169249850199,-0.3594718130884232,-0.9331559438780432,-0.9749279121818236,-0.2225209339563146,0.021109656453671,1,0,0,0,0,0
992,2014-04-14,279.75662537925336,0.976276611086932,-0.2165270852448143,-0.4227806579826773,-0.9062320427107696,0.0,1.0,0.0238599118793802,1,0,0,0,0,0
993,2014-04-15,248.6136886510792,0.9724075561219968,-0.2332885440754551,-0.4537030860313442,-0.8911529104063088,0.7818314824680298,0.6234898018587336,0.0253478407929008,1,0,0,0,0,0
994,2014-04-16,228.4237390696377,0.9682507501166718,-0.2499809690726521,-0.4840885216389758,-0.8750190302029955,0.9749279121818236,-0.2225209339563143,0.0269152637299154,1,0,0,0,0,0
995,2014-04-17,224.8308957835055,0.9638074231367308,-0.2665994206792935,-0.5139010013093103,-0.8578494977869301,0.4338837391175582,-0.900968867902419,0.0285655007845503,1,0,0,0,0,0
996,2014-04-18,239.96195364217272,0.9590788900341132,-0.2831389812281835,-0.5431052396834317,-0.8396646346181327,-0.433883739117558,-0.9009688679024191,0.0303019500674343,1,0,0,0,0,0
997,2014-04-19,283.61029265473564,0.9540665500578388,-0.2995947563972602,-0.5716666713027052,-0.8204859638785327,-0.9749279121818236,-0.2225209339563146,0.0321280855748041,1,0,0,0,0,0
998,2014-04-21,227.4079059936591,0.9431964659565866,-0.3322354987159043,-0.6267266965083301,-0.7792391467859886,0.0,1.0,0.0360636756174023,1,0,0,0,0,0
999,2014-04-22,241.22016691741965,0.9373419384643772,-0.3484108069446808,-0.65316012232693,-0.7572198192083127,0.7818314824680298,0.6234898018587336,0.0381804338005357,1,0,0,0,0,0
1000,2014-04-23,212.5442725945965,0.9312100364121948,-0.3644830148102912,-0.6788204829862355,-0.734304263829602,0.9749279121818236,-0.2225209339563143,0.0404014788741632,1,0,0,0,0,0
1001,2014-04-24,211.54687915846503,0.9248025743285088,-0.3804473662878516,-0.7036774074790128,-0.7105196029692745,0.4338837391175582,-0.900968867902419,0.0427306205788496,1,0,0,0,0,0
1002,2014-04-25,233.6738039429977,0.9181214482844364,-0.3962991372689181,-0.7277014757264236,-0.6858939875998223,-0.433883739117558,-0.9009688679024191,0.0451717245647246,1,0,0,0,0,0
1003,2014-04-26,274.95354286175973,0.9111686353326632,-0.4120336369594263,-0.7508642533989489,-0.6604565640279754,-0.9749279121818236,-0.2225209339563146,0.0477287077631641,1,0,0,0,0,0
1004,2014-04-28,227.79016545376035,0.8964562582905575,-0.4431322341826345,-0.7944973291665992,-0.6072676460566135,0.0,1.0,0.0532062053822325,1,0,0,0,0,0
1005,2014-04-29,237.1379755659936,0.8887010478292915,-0.4584871291400876,-0.8149159841660791,-0.5795791048257612,0.7818314824680298,0.6234898018587336,0.0561347628341337,1,0,0,0,0,0
1006,2014-04-30,199.68885389750832,0.8806828564301475,-0.47370635037968,-0.8343701235229537,-0.5512045872199277,0.9749279121818236,-0.2225209339563143,0.0591952734739325,1,0,0,0,0,0
1007,2014-05-01,180.14580343160864,0.8724040568049612,-0.4887853942889926,-0.8528367217694595,-0.522177676659508,0.4338837391175582,-0.900968867902419,0.0623918271307013,1,0,0,0,0,0
1008,2014-05-02,212.42716790864927,0.8638670987837349,-0.503719798736334,-0.8702939222685674,-0.4925327287220543,-0.433883739117558,-0.9009688679024191,0.0657285286165304,1,0,0,0,0,0
1009,2014-05-03,289.5176548194649,0.8550745085896932,-0.518505144391157,-0.886721063082993,-0.4623048304798108,-0.9749279121818236,-0.2225209339563146,0.0692094902133194,1,0,0,0,0,0
1010,2014-05-05,307.6391716188054,0.8367329140344921,-0.5476112038402312,-0.9164086366943458,-0.4002439388573056,0.0,1.0,0.0766206321804935,1,0,0,0,0,0
1011,2014-05-06,322.5168331524508,0.8271893372462497,-0.5619233046832195,-0.9296339319682696,-0.3684843993077793,0.7818314824680298,0.6234898018587336,0.080559000939185,1,0,0,0,0,0
1012,2014-05-07,247.2168114889629,0.8174009818249189,-0.5760691233798758,-0.9417589340994617,-0.3362887301766828,0.9749279121818236,-0.2225209339563143,0.0846579886225299,1,0,0,0,0,0
1013,2014-05-08,259.0370341368524,0.8073707443023492,-0.5900444739548627,-0.9527692922168512,-0.3036950375106588,0.4338837391175582,-0.900968867902419,0.0889216174593863,1,0,0,0,0,0
1014,2014-05-09,234.09276707104783,0.7971015927871943,-0.6038452208771035,-0.9626519747161488,-0.2707418984477642,-0.433883739117558,-0.9009688679024191,0.093353863304629,1,0,0,0,0,0
1015,2014-05-10,283.7796660555913,0.7865965660866021,-0.6174672802835514,-0.97139528468375,-0.2374683155584684,-0.9749279121818236,-0.2225209339563146,0.0979586452573397,1,0,0,0,0,0
1016,2014-05-12,234.43531345779704,0.7648913904341226,-0.6441592666722685,-0.9854237542919524,-0.1701176783204905,0.0,1.0,0.1077011451900321,1,0,0,0,0,0
1017,2014-05-13,228.2444527508277,0.753697664392914,-0.6572212950663319,-0.9906923101615608,-0.136120338622667,0.7818314824680298,0.6234898018587336,0.1128463189671638,1,0,0,0,0,0
1018,2014-05-14,209.9805011107973,0.742280907086982,-0.6700888411055113,-0.994788305609327,-0.1019618900517457,0.9749279121818236,-0.2225209339563143,0.1181789171817805,1,0,0,0,0,0
1019,2014-05-15,223.2891011605432,0.7306444969184916,-0.6827580970759147,-0.9977068927101168,-0.0676827617545516,0.4338837391175582,-0.900968867902419,0.1237024067768548,1,0,0,0,0,0
1020,2014-05-16,227.6446546892413,0.7187918772884232,-0.6952253139408722,-0.9994446170919858,-0.0333235257116313,-0.433883739117558,-0.9009688679024191,0.1294201282977755,1,0,0,0,0,0
1021,2014-05-17,243.6501734325944,0.7067265555776158,-0.7074868024503348,-0.9999994220246924,0.0010751512827982,-0.9749279121818236,-0.2225209339563146,0.1353352832366127,1,0,0,0,0,0
1022,2014-05-19,254.40012418317767,0.6819721490904629,-0.7313781428679254,-0.9975590477788612,0.0698279757298708,0.0,1.0,0.1477699265043177,1,0,0,0,0,0
1023,2014-05-20,228.5815798928151,0.6692903895412567,-0.7430009249440493,-0.9945667569706336,0.1041007489354256,0.7818314824680298,0.6234898018587336,0.1542950055015683,1,0,0,0,0,0
1024,2014-05-21,230.86735080278703,0.6564105761979381,-0.7544038410927472,-0.9903973200352558,0.1382503109109819,0.9749279121818236,-0.2225209339563143,0.1610286725459804,0,1,0,0,0,0
1025,2014-05-22,193.0129214187491,0.6433365204044917,-0.765583517007675,-0.9850556718215012,0.172236243027682,0.4338837391175582,-0.900968867902419,0.1679732367575336,0,1,0,0,0,0
1026,2014-05-23,221.8602037232174,0.6300720909843687,-0.7765366444428655,-0.9785481345802032,0.2060183203251708,-0.433883739117558,-0.9009688679024191,0.1751307883451509,0,1,0,0,0,0
1027,2014-05-24,213.1012005947831,0.6166212130956382,-0.7872599821916922,-0.9708824104813836,0.239556559120927,-0.9749279121818236,-0.2225209339563146,0.1825031849518363,0,1,0,0,0,0
1028,2014-05-26,230.37863322902024,0.5891760872322963,-0.8080046647350754,-0.9521140536681102,0.3057430764672831,0.0,1.0,0.1978986990836146,0,1,0,0,0,0
1029,2014-05-27,229.1304999078228,0.5751899607119775,-0.8180198708443175,-0.9410336347451196,0.3383130181923076,0.7818314824680298,0.6234898018587336,0.2059242464341987,0,1,0,0,0,0
1030,2014-05-28,199.32746637940025,0.5610336262283677,-0.8277930117131022,-0.9288394302558068,0.3704825404820963,0.9749279121818236,-0.2225209339563143,0.2141694715316088,0,1,0,0,0,0
1031,2014-05-29,212.10628478381804,0.5467112728685939,-0.8373211953118121,-0.9155458729775467,0.4022135682368036,0.4338837391175582,-0.900968867902419,0.2226348658788909,0,1,0,0,0,0
1032,2014-05-30,206.53617512633525,0.5322271388474397,-0.8466016020976267,-0.9011686968561567,0.4334685453485363,-0.433883739117558,-0.9009688679024191,0.2313206080041767,0,1,0,0,0,0
1033,2014-05-31,244.6016429518016,0.5175855102531889,-0.8556314858488706,-0.8857249183835637,0.4642104791518923,-0.9749279121818236,-0.2225209339563146,0.2402265507324824,0,1,0,0,0,0
1034,2014-06-02,261.4269489317052,0.4878471454423119,-0.8729290708206411,-0.8517119107469189,0.5240103253675756,0.0,1.0,0.258696746701885,0,1,0,0,0,0
1035,2014-06-03,258.3430193269361,0.4727592092862775,-0.881191653407483,-0.8331829385891785,0.5529974600700271,0.7818314824680298,0.6234898018587336,0.2682589673008851,0,1,0,0,0,0
1036,2014-06-04,229.604110142585,0.4575313760742512,-0.8891934772070711,-0.8136678304455991,0.5813300798152042,0.9749279121818236,-0.2225209339563143,0.2780373004531941,0,1,0,0,0,0
1037,2014-06-05,230.17218254975168,0.442168151967072,-0.8969321743510065,-0.7931896839451843,0.6089746507720486,0.4338837391175582,-0.900968867902419,0.2880297924974456,0,1,0,0,0,0
1038,2014-06-06,246.12574447301964,0.4266740831899246,-0.9044054548343,-0.7717727365467837,0.6358984534680745,-0.433883739117558,-0.9009688679024191,0.2982340961814215,0,1,0,0,0,0
1039,2014-06-07,261.34457037154255,0.4110537546870351,-0.911611107193024,-0.7494423368521953,0.6620696215153815,-0.9749279121818236,-0.2225209339563146,0.3086474612366189,0,1,0,0,0,0
1040,2014-06-09,286.4793217869194,0.3794528437245443,-0.925211078289358,-0.7021479494046978,0.7120310787787131,0.0,1.0,0.3300883075351398,0,1,0,0,0,0
1041,2014-06-10,329.8528672816902,0.3634816124829063,-0.9316013725767188,-0.6772399381909491,0.7357622347736527,0.7818314824680298,0.6234898018587336,0.3411081980965921,0,1,0,0,0,0
1042,2014-06-11,298.33371101417305,0.3474028211842774,-0.9377159910299092,-0.6515303615068021,0.75862255966641,0.9749279121818236,-0.2225209339563143,0.3523219549954969,0,1,0,0,0,0
1043,2014-06-12,294.63048473937897,0.3312212278016865,-0.9435531242349544,-0.6250496486104377,0.7805849965070866,0.4338837391175582,-0.900968867902419,0.3637246969042016,0,1,0,0,0,0
1044,2014-06-13,277.50888210366884,0.3149416207289519,-0.9491110448902284,-0.5978291414589552,0.801623551065242,-0.433883739117558,-0.9009688679024191,0.3753110988513995,0,1,0,0,0,0
1045,2014-06-14,323.6334749786989,0.2985688173637202,-0.9543881083175908,-0.5699010576127624,0.821713322596059,-0.9749279121818236,-0.2225209339563146,0.3870753885499897,0,1,0,0,0,0
1046,2014-06-16,368.803917801591,0.2655630278040559,-0.9640935007889756,-0.5120551783114646,0.8589525565270845,0.0,1.0,0.4111122905071874,0,1,0,0,0,0
1047,2014-06-17,371.2404580152672,0.2489398085537665,-0.9685189578512204,-0.4822058478963526,0.8760579434344281,0.7818314824680298,0.6234898018587336,0.4233711028530494,0,1,0,0,0,0
1048,2014-06-18,405.3471839428117,0.2322429240090701,-0.9726578145718654,-0.451785789832884,0.8921264484954345,0.9749279121818236,-0.2225209339563143,0.4357802031543156,0,1,0,0,0,0
1049,2014-06-19,396.36674062103407,0.2154773150467301,-0.976508846196619,-0.4208310085956556,0.9071390534005044,0.4338837391175582,-0.900968867902419,0.448331563940943,0,1,0,0,0,0
1050,2014-06-20,375.0255809904817,0.1986479428801711,-0.9800709131432666,-0.3893781415452015,0.9210779895789526,-0.433883739117558,-0.9009688679024191,0.4610167107835354,0,1,0,0,0,0
1051,2014-06-21,443.4282080115029,0.1817597875913753,-0.9833429613388902,-0.3574644155648614,0.9339267592294762,-0.9749279121818236,-0.2225209339563146,0.473826726395364,0,1,0,0,0,0
1052,2014-06-23,374.85566096513793,0.1478271334705304,-0.9890132145779884,-0.2924059769510773,0.956294277219772,0.0,1.0,0.4997835137030315,0,1,0,0,0,0
1053,2014-06-24,446.0562085997626,0.1307926758567592,-0.9914097417023038,-0.2593382659754056,0.9657865518844574,0.7818314824680298,0.6234898018587336,0.5129102907232946,0,1,0,0,0,0
1054,2014-06-25,415.55394600080206,0.1137195145859496,-0.9935128947338008,-0.225963608248019,0.974135744004672,0.9749279121818236,-0.2225209339563143,0.5261219640934566,0,1,0,0,0,0
1055,2014-06-26,468.660709567843,0.0966127018812031,-0.9953220513156602,-0.1923215052390948,0.9813319716704276,0.4338837391175582,-0.900968867902419,0.5394075072376265,0,1,0,0,0,0
1056,2014-06-27,452.7253876926241,0.0794772999236209,-0.9968366760893436,-0.1584517749608363,0.9873667175937016,-0.433883739117558,-0.9009688679024191,0.5527555015877842,0,1,0,0,0,0
1057,2014-06-28,419.5751682982855,0.062318379354325,-0.998056320853012,-0.1243945048397999,0.9922328391893008,-0.9749279121818236,-0.2225209339563146,0.5661541495171976,0,1,0,0,0,0
1058,2014-06-30,454.6057277363672,0.0279502982402103,-0.999609314096404,-0.0558787569053731,0.9984375616565666,0.0,1.0,0.5930544067956073,0,1,0,0,0,0
1059,2014-07-01,426.9542408301506,0.0107513077635219,-0.9999422030204416,-0.0215013727408137,0.999768818762748,0.7818314824680298,0.6234898018587336,0.6065306597126334,0,0,1,0,0,0
1060,2014-07-02,377.958417118792,-0.0064508641981051,-0.9999791929590824,0.0129014599494196,0.9999167727021951,0.9749279121818236,-0.2225209339563143,0.6200068879809458,0,0,1,0,0,0
1061,2014-07-03,443.35973596261135,-0.0236511272452315,-0.9997202729664084,0.0472890227711323,0.9988812483600598,0.4338837391175582,-0.900968867902419,0.6334696366573507,0,0,1,0,0,0
1062,2014-07-04,526.9445849491373,-0.0408443915432961,-0.9991655196610107,0.0816206154031905,0.996663471358916,-0.433883739117558,-0.9009688679024191,0.6469051754643523,0,0,1,0,0,0
1063,2014-07-05,419.1560527764351,-0.0580255693287803,-0.9983150972033183,0.1158556037694784,0.9932660666081418,-0.9749279121818236,-0.2225209339563146,0.6602995202173131,0,0,1,0,0,0
1064,2014-07-07,508.2152780069296,-0.0923313336953912,-0.9957283388645872,0.1838738510513275,0.9829498496360606,0.0,1.0,0.6869075574573877,0,0,1,0,0,0
1065,2014-07-08,393.1471923199189,-0.1094457686489155,-0.993992768446958,0.2175766051482817,0.976043247449696,0.7818314824680298,0.6234898018587336,0.7000922199176512,0,0,1,0,0,0
1066,2014-07-09,437.8070159617639,-0.1265278168386831,-0.9919630595773395,0.2510218406258827,0.9679814231320734,0.9749279121818236,-0.2225209339563143,0.71317767835549,0,0,1,0,0,0
1067,2014-07-10,426.1657609068981,-0.1435724234118113,-0.9896398128792412,0.2841699724797683,0.9587739184713192,0.4338837391175582,-0.900968867902419,0.7261490370736908,0,0,1,0,0,0
1068,2014-07-11,417.6655970686887,-0.1605745445949937,-0.9870237158387384,0.3169817673505278,0.9484316312562208,-0.433883739117558,-0.9009688679024191,0.7389912962803088,0,0,0,1,0,0
1069,2014-07-12,437.64200415887154,-0.1775291491870349,-0.984115542601034,0.3494183899593976,0.936966802377855,-0.9749279121818236,-0.2225209339563146,0.751689380082437,0,0,0,1,0,0
1070,2014-07-14,466.9852038210795,-0.2112757555821793,-0.9774264960104057,0.4130130429412807,0.9107251102063584,0.0,1.0,0.7765925101265281,0,0,0,1,0,0
1071,2014-07-15,420.2098349482727,-0.2280577712215198,-0.9736476020539838,0.4440958041592176,0.8959793059709459,0.7818314824680298,0.6234898018587336,0.7887672852587113,0,0,0,1,0,0
1072,2014-07-16,467.4020950585265,-0.2447723008972595,-0.9695805901076308,0.4746529438919349,0.8801730414269229,0.9749279121818236,-0.2225209339563143,0.8007374029168081,0,0,0,1,0,0
1073,2014-07-17,597.756070226691,-0.2614143985111562,-0.965226663665613,0.5046482954181526,0.8633250245021008,0.4338837391175582,-0.900968867902419,0.8124878481707274,0,0,0,1,0,0
1074,2014-07-18,635.9848919681183,-0.2779791393987801,-0.9605871111248128,0.5340463569360717,0.8454551961182272,-0.433883739117558,-0.9009688679024191,0.8240037097874371,0,0,0,1,0,0
1075,2014-07-19,734.1249264752072,-0.2944616217868012,-0.9556633054034704,0.5628123335824821,0.8265847065893737,-0.9749279121818236,-0.2225209339563146,0.835270211411272,0,0,0,1,0,0
1076,2014-07-21,569.9686630855474,-0.3271603271220951,-0.9449688462364056,0.6183126337097825,0.7859322407147274,0.0,1.0,0.8569968914352789,0,0,0,1,0,0
1077,2014-07-22,588.6990482820562,-0.343366873996388,-0.939201357453208,0.6449812683237445,0.7641983796838971,0.7818314824680298,0.6234898018587336,0.8674284731834108,0,0,0,1,0,0
1078,2014-07-23,588.3281528615745,-0.3594718130884232,-0.9331559438780432,0.6708865180801582,0.7415600311898435,0.9749279121818236,-0.2225209339563143,0.8775535639640376,0,0,0,1,0,0
1079,2014-07-24,635.6041131105399,-0.3754703786876202,-0.9268343944460494,0.6959977221267386,0.7180439894563502,0.4338837391175582,-0.900968867902419,0.8873585302803527,0,0,0,1,0,0
1080,2014-07-25,535.6201910207708,-0.3913578365610259,-0.9202385798054076,0.7202851594252706,0.6936780875245466,-0.433883739117558,-0.9009688679024191,0.8968300597468688,0,0,0,1,0,0
1081,2014-07-26,631.95269676532,-0.4071294853542516,-0.9133704517637858,0.7437200839287408,0.6684911643103645,-0.9749279121818236,-0.2225209339563146,0.9059551911095096,0,0,0,1,0,0
1082,2014-07-28,513.8237506133539,-0.4383067230125192,-0.898825465016444,0.7879224882631226,0.6157744331240536,0.0,1.0,0.9231163463866358,0,0,0,1,0,0
1083,2014-07-29,460.0466585627695,-0.4537030860313442,-0.8911529104063088,0.8086376511543126,0.5883070194512693,0.7818314824680298,0.6234898018587336,0.9311284654622024,0,0,0,1,0,0
1084,2014-07-30,480.5785167016913,-0.4689651910076318,-0.8832166493127127,0.8283957292921138,0.5601432992463508,0.9749279121818236,-0.2225209339563143,0.938746432156527,0,0,0,1,0,0
1085,2014-07-31,456.643101103835,-0.4840885216389758,-0.8750190302029955,0.847173337473877,0.5313166064347815,0.4338837391175582,-0.900968867902419,0.9459594689067654,0,0,0,1,0,0
1086,2014-08-01,474.615747947562,-0.4990686026885319,-0.8665624788845385,0.8649482509584342,0.5018610596210326,-0.433883739117558,-0.9009688679024191,0.9527573147659876,0,0,0,1,0,0
1087,2014-08-04,765.3715110683349,-0.5431052396834317,-0.8396646346181327,0.912052525275964,0.4100733972568043,0.0,1.0,0.9705653490349352,0,0,0,1,0,0
1088,2014-08-05,504.3478992323703,-0.5574684374327892,-0.8301981337405212,0.9256185127518922,0.3784578825324888,0.7818314824680298,0.6234898018587336,0.975610980064846,0,0,0,1,0,0
1089,2014-08-06,430.8755116870534,-0.5716666713027052,-0.8204859638785327,0.9380889596420648,0.3463944338433696,0.9749279121818236,-0.2225209339563143,0.9801986733067553,0,0,0,1,0,0
1090,2014-08-07,373.1091420270001,-0.5856957398073508,-0.8105309990194823,0.9494491062150135,0.3139210007430401,0.4338837391175582,-0.900968867902419,0.9843217347761178,0,0,0,1,0,0
1091,2014-08-08,576.3087681413092,-0.5995514915196489,-0.8003361849976323,0.9596855068649522,0.2810760180331286,-0.433883739117558,-0.9009688679024191,0.987974130351234,0,0,0,1,0,0
1092,2014-08-09,439.6028061558837,-0.6132298262997502,-0.7899045386224707,0.968786046025684,0.2478983602727564,-0.9749279121818236,-0.2225209339563146,0.9911505004882848,0,0,0,1,0,0
1093,2014-08-11,523.9004774773183,-0.6400381082043503,-0.7683431655492202,0.9835378122597296,0.1807024400923929,0.0,1.0,0.9960571761381908,0,0,0,1,0,0
1094,2014-08-12,439.0083565918666,-0.65316012232693,-0.7572198192083127,0.9891715794849548,0.1467637092037396,0.7818314824680298,0.6234898018587336,0.9977802450856064,0,0,0,1,0,0
1095,2014-08-13,342.23100738832113,-0.666088855860977,-0.7458723993404063,0.993634586189866,0.112651272195629,0.9749279121818236,-0.2225209339563143,0.9990128332490112,0,0,0,1,0,0
1096,2014-08-14,341.0892960121677,-0.6788204829862355,-0.734304263829602,0.9969215500633252,0.0784055037566676,0.4338837391175582,-0.900968867902419,0.9997531169004024,0,0,0,1,0,0
1097,2014-08-15,416.1369272839579,-0.6913512362094071,-0.722518835873311,0.9990285807311906,0.0440669363834491,-0.433883739117558,-0.9009688679024191,1.0,0,0,0,1,0,0
1098,2014-08-16,483.67004480744953,-0.7036774074790128,-0.7105196029692745,0.999953184360873,0.0096762124072308,-0.9749279121818236,-0.2225209339563146,0.9997531169004024,0,0,0,1,0,0
1099,2014-08-18,521.8004311458147,-0.7277014757264236,-0.6858939875998223,0.998252133936544,-0.0590988755488295,0.0,1.0,0.9977802450856064,0,0,0,1,0,0
1100,2014-08-19,503.0106314845651,-0.7393922635959241,-0.673274892250183,0.9956284932063294,-0.093401838931009,0.7818314824680298,0.6234898018587336,0.9960571761381908,0,0,0,1,0,0
1101,2014-08-20,518.2248987752067,-0.7508642533989489,-0.6604565640279754,0.9918264497026016,-0.1275942540647218,0.9749279121818236,-0.2225209339563143,0.9938461733264412,0,0,0,1,0,0
1102,2014-08-21,377.1489149252086,-0.7621140503891487,-0.6474427960827475,0.9868505034357966,-0.1616356516011078,0.4338837391175582,-0.900968867902419,0.9911505004882848,0,0,0,1,0,0
1103,2014-08-22,485.6543442800149,-0.7731383255706026,-0.6342374393978054,0.9807065438204116,-0.1954857409322303,-0.433883739117558,-0.9009688679024191,0.987974130351234,0,0,0,1,0,0
1104,2014-08-23,404.2172378422116,-0.7839338166829201,-0.620844401650647,0.973401842704431,-0.2291044578781002,-0.9749279121818236,-0.2225209339563146,0.9843217347761178,0,0,0,1,0,0
1105,2014-08-25,495.7474592474028,-0.8048257371083452,-0.593511190196115,0.9553461622632788,-0.2954889342239821,0.0,1.0,0.975610980064846,0,0,0,1,0,0
1106,2014-08-26,461.6719607344323,-0.8149159841660791,-0.5795791048257612,0.9446165532223606,-0.3281761224987386,0.7818314824680298,0.6234898018587336,0.9705653490349352,0,0,0,1,0,0
1107,2014-08-27,500.3221472181615,-0.8247650844733614,-0.5654755126737576,0.9327689179559782,-0.3604748891327019,0.9749279121818236,-0.2225209339563143,0.9650691177896804,0,0,0,1,0,0
1108,2014-08-28,553.9701580369889,-0.8343701235229537,-0.5512045872199277,0.9198172790502196,-0.3923470060554182,0.4338837391175582,-0.900968867902419,0.9591302497107984,0,0,0,1,0,0
1109,2014-08-29,516.7004028854213,-0.8437282590292712,-0.5367705514607103,0.905776965764254,-0.4237547501691298,-0.433883739117558,-0.9009688679024191,0.9527573147659876,0,0,0,1,0,0
1110,2014-08-30,520.4697439029711,-0.8528367217694595,-0.522177676659508,0.8906645958869751,-0.4546609479969567,-0.9749279121818236,-0.2225209339563146,0.9459594689067654,0,0,0,1,0,0
1111,2014-09-04,795.4668134680335,-0.8945422369764496,-0.4469834295196741,0.7996911138678691,-0.600411627469661,0.4338837391175582,-0.900968867902419,0.9059551911095096,0,0,0,1,0,0
1112,2014-09-05,536.0049112906049,-0.9020987014301836,-0.4315297589714714,0.7785648703932891,-0.6275641342440474,-0.433883739117558,-0.9009688679024191,0.8968300597468688,0,0,0,1,0,0
1113,2014-09-06,742.992730715647,-0.9093882203647924,-0.4159483918249421,0.756517135610563,-0.6539738706764888,-0.9749279121818236,-0.2225209339563146,0.8873585302803527,0,0,0,1,0,0
1114,2014-09-11,699.1127411536503,-0.9417589340994617,-0.3362887301766828,0.6334058321617086,-0.7738197799123084,0.4338837391175582,-0.900968867902419,0.835270211411272,0,0,0,1,0,0
1115,2014-09-12,559.9246146788096,-0.9474042892438844,-0.3200392362231385,0.6064130902482765,-0.7951497745554202,-0.433883739117558,-0.9009688679024191,0.8240037097874371,0,0,0,1,0,0
1116,2014-09-13,436.1136079386855,-0.9527692922168512,-0.3036950375106588,0.578702611877601,-0.8155386483827991,-0.9749279121818236,-0.2225209339563146,0.8124878481707274,0,0,0,1,0,0
1117,2014-09-15,440.1681685720157,-0.9626519747161488,-0.2707418984477642,0.5212604463582784,-0.8533976488498011,0.0,1.0,0.7887672852587113,0,0,0,1,0,0
1118,2014-09-16,459.40498492954777,-0.9671667297977312,-0.2541427094613622,0.4915967464233612,-0.8708229664552752,0.7818314824680298,0.6234898018587336,0.7765925101265281,0,0,0,1,0,0
1119,2014-09-17,414.8530019036152,-0.97139528468375,-0.2374683155584684,0.461351203990578,-0.8872175982116474,0.9749279121818236,-0.2225209339563143,0.7642281651714905,0,0,0,1,0,0
1120,2014-09-18,470.2674440462264,-0.9753363880767836,-0.2207236509605022,0.4305596169818739,-0.9025621398133328,0.4338837391175582,-0.900968867902419,0.751689380082437,0,0,0,1,0,0
1121,2014-09-19,468.6784274629101,-0.978988873740932,-0.2039136706831147,0.3992584296048835,-0.9168384298170764,-0.433883739117558,-0.9009688679024191,0.7389912962803088,0,0,0,1,0,0
1122,2014-09-20,450.447015058027,-0.9823516608469236,-0.1870433490699165,0.3674846892184069,-0.9300295711374188,-0.9749279121818236,-0.2225209339563146,0.7261490370736908,0,0,0,1,0,0
1123,2014-09-22,432.6709690236845,-0.9882042449941422,-0.15314166701312,0.3026704908556892,-0.9530952596488852,0.0,1.0,0.7000922199176512,0,0,0,1,0,0
1124,2014-09-23,411.78779489973584,-0.9906923101615608,-0.136120338622667,0.2697067454601279,-0.962942506826501,0.7818314824680298,0.6234898018587336,0.6869075574573877,0,0,0,1,0,0
1125,2014-09-24,449.6985408556419,-0.9928872135356962,-0.1190587300340498,0.2364237814212129,-0.9716500376053584,0.9749279121818236,-0.2225209339563143,0.6736384553447267,0,0,0,1,0,0
1126,2014-09-25,507.6586428385514,-0.994788305609327,-0.1019618900517457,0.2028609916826013,-0.9792075459541514,0.4338837391175582,-0.900968867902419,0.6602995202173131,0,0,0,1,0,0
1127,2014-09-26,433.7595344899025,-0.9963950238187232,-0.0848348779057653,0.1690581003831471,-0.9856060869814276,-0.433883739117558,-0.9009688679024191,0.6469051754643523,0,0,0,1,0,0
1128,2014-09-27,399.33924606096303,-0.9977068927101168,-0.0676827617545516,0.1350551158403456,-0.9908380875225532,-0.9749279121818236,-0.2225209339563146,0.6334696366573507,0,0,0,1,0,0
1129,2014-09-29,428.16961358174507,-0.9994446170919858,-0.0333235257116313,0.0666100367900326,-0.9977790852682924,0.0,1.0,0.6065306597126334,0,0,0,1,0,0
1130,2014-09-30,464.001866540678,-0.9998699583618592,-0.0161265732706577,0.0322489522893041,-0.9994798672690922,0.7818314824680298,0.6234898018587336,0.5930544067956073,0,0,0,1,0,0
1131,2014-10-01,388.4297681550023,-0.9999994220246924,0.0010751512827982,-0.0021503013227746,-0.9999976880994382,0.9749279121818236,-0.2225209339563143,0.5795912885442627,0,0,0,0,1,0
1132,2014-10-02,321.9072039520001,-0.999832969770105,0.0182765576816912,-0.0365470098881199,-0.9993319348786156,0.4338837391175582,-0.900968867902419,0.5661541495171976,0,0,0,0,1,0
1133,2014-10-03,323.6410245953452,-0.9993706508539968,0.0354725557531255,-0.0709004622609115,-0.9974833955766828,-0.433883739117558,-0.9009688679024191,0.5527555015877842,0,0,0,0,1,0
1134,2014-10-04,362.3949268008472,-0.9986126020839734,0.052658056924614,-0.1051699984923495,-0.9944542580818482,-0.9749279121818236,-0.2225209339563146,0.5394075072376265,0,0,0,0,1,0
1135,2014-10-06,373.6761498357168,-0.9962102997023295,0.0869772313136861,-0.1732952273485721,-0.9848699224660112,0.0,1.0,0.5129102907232946,0,0,0,0,1,0
1136,2014-10-07,346.02161605068846,-0.9945667569706336,0.1041007489354256,-0.2070702885338407,-0.9783260681421668,0.7818314824680298,0.6234898018587336,0.4997835137030315,0,0,0,0,1,0
1137,2014-10-08,315.06446792928256,-0.9926289059345096,0.121193461470736,-0.2406002661322256,-0.9706242897934824,0.9749279121818236,-0.2225209339563143,0.4867522559599717,0,0,0,0,1,0
1138,2014-10-09,286.57109665670674,-0.9903973200352558,0.1382503109109819,-0.2738454748405547,-0.9617737030660336,0.4338837391175582,-0.900968867902419,0.473826726395364,0,0,0,0,1,0
1139,2014-10-10,287.97220099120113,-0.9878726596350428,0.1552662498599956,-0.3067665664015059,-0.9517847833088268,-0.433883739117558,-0.9009688679024191,0.4610167107835354,0,0,0,0,1,0
1140,2014-10-11,306.7953000834175,-0.9850556718215012,0.172236243027682,-0.3393245761752893,-0.9406693531754186,-0.9749279121818236,-0.2225209339563146,0.448331563940943,0,0,0,0,1,0
1141,2014-10-13,267.4575165686421,-0.9785481345802032,0.2060183203251708,-0.4031976860870853,-0.9151129033807908,0.0,1.0,0.4233711028530494,0,0,0,0,1,0
1142,2014-10-14,367.0115043993448,-0.9748595108374124,0.2228204077947995,-0.4344371874948622,-0.9007021317403184,0.7818314824680298,0.6234898018587336,0.4111122905071874,0,0,0,0,1,0
1143,2014-10-15,345.48665136030723,-0.9708824104813836,0.239556559120927,-0.4651624991319035,-0.8852253099642835,0.9749279121818236,-0.2225209339563143,0.39901134372866,0,0,0,0,1,0
1144,2014-10-16,381.610654626908,-0.9666180104000972,0.2562218218071163,-0.4953372552325659,-0.8687007560596847,0.4338837391175582,-0.900968867902419,0.3870753885499897,0,0,0,0,1,0
1145,2014-10-17,374.43591254265215,-0.9620675724981452,0.2728112643340191,-0.5249257416559593,-0.8511480281049478,-0.433883739117558,-0.9009688679024191,0.3753110988513995,0,0,0,0,1,0
1146,2014-10-18,311.2476133821468,-0.957232443323312,0.2893199776186952,-0.5538929381563792,-0.8325879011014353,-0.9749279121818236,-0.2225209339563146,0.3637246969042016,0,0,0,0,1,0
1147,2014-10-20,346.883939032162,-0.9467139181463862,0.3220757010206104,-0.6098270977059321,-0.7925344856241648,0.0,1.0,0.3411081980965921,0,0,0,0,1,0
1148,2014-10-21,386.181577144396,-0.9410336347451196,0.3383130181923076,-0.6367278583821979,-0.7710886034432227,0.7818314824680298,0.6234898018587336,0.3300883075351398,0,0,0,0,0,1
1149,2014-10-22,402.5583948920991,-0.9350748843515574,0.3544502230989869,-0.6628750027453377,-0.7487300786901568,0.9749279121818236,-0.2225209339563143,0.3192667256288431,0,0,0,0,0,1
1150,2014-10-23,331.6245628621785,-0.9288394302558068,0.3704825404820963,-0.6882375836422284,-0.7254853743958638,0.4338837391175582,-0.900968867902419,0.3086474612366189,0,0,0,0,0,1
1151,2014-10-24,284.51566210331004,-0.9223291176290545,0.3864052261209853,-0.7127855825108473,-0.7013820024527804,-0.433883739117558,-0.9009688679024191,0.2982340961814215,0,0,0,0,0,1
1152,2014-10-25,274.1857555389409,-0.9155458729775467,0.4022135682368036,-0.7364899449095569,-0.6764484910524362,-0.9749279121818236,-0.2225209339563146,0.2880297924974456,0,0,0,0,0,1
1153,2014-10-27,280.36936626201697,-0.9011686968561567,0.4334685453485363,-0.7812565682797488,-0.6242100403868479,0.0,1.0,0.2682589673008851,0,0,0,0,0,1
1154,2014-10-28,287.21184748175017,-0.8935790198239952,0.4489059314938798,-0.8022658445149573,-0.5969669293392242,0.7818314824680298,0.6234898018587336,0.258696746701885,0,0,0,0,0,1
1155,2014-10-29,319.07047501720524,-0.8857249183835637,0.4642104791518923,-0.8223255775192096,-0.5690172620911411,0.9749279121818236,-0.2225209339563143,0.2493522087772961,0,0,0,0,0,1
1156,2014-10-30,304.0918201679038,-0.8776087166898392,0.4793776594606945,-0.8414120250581577,-0.5403941192199728,0.4338837391175582,-0.900968867902419,0.2402265507324824,0,0,0,0,0,1
1157,2014-10-31,304.2071889274879,-0.8692328164574792,0.4944029842076181,-0.8595025968555411,-0.5111313784132033,-0.433883739117558,-0.9009688679024191,0.2313206080041767,0,0,0,0,0,1
1158,2014-11-01,349.3000129271761,-0.8605996962501181,0.5092820071573356,-0.876575881330507,-0.4812636743715911,-0.9749279121818236,-0.2225209339563146,0.2226348658788909,0,0,0,0,0,1
1159,2014-11-03,352.0154730864244,-0.8425720899866032,0.5385835804920232,-0.9075909860952636,-0.4198554536487849,0.0,1.0,0.2059242464341987,0,0,0,0,0,1
1160,2014-11-04,289.4517188042305,-0.8331829385891785,0.5529974600700271,-0.9214960976269942,-0.3883876183121974,0.7818314824680298,0.6234898018587336,0.1978986990836146,0,0,0,0,0,1
1161,2014-11-05,277.1494966489438,-0.8235472349556007,0.5672476988027229,-0.9343105477678196,-0.3564600964060307,0.9749279121818236,-0.2225209339563143,0.1900920380007587,0,0,0,0,0,1
1162,2014-11-06,304.3260936989427,-0.8136678304455991,0.5813300798152042,-0.9460191696320084,-0.3241106766040965,0.4338837391175582,-0.900968867902419,0.1825031849518363,0,0,0,0,0,1
1163,2014-11-07,316.57456851389765,-0.8035476485339116,0.5952404359043674,-0.9566081051665098,-0.2913776469287574,-0.433883739117558,-0.9009688679024191,0.1751307883451509,0,0,0,0,0,1
1164,2014-11-08,309.6662727392339,-0.7931896839451843,0.6089746507720486,-0.9660648215530204,-0.2582997494341228,-0.9749279121818236,-0.2225209339563146,0.1679732367575336,0,0,0,0,0,1
1165,2014-11-10,309.5207381815586,-0.7717727365467837,0.6358984534680745,-0.9815381791978468,-0.1912663137538222,0.0,1.0,0.1542950055015683,0,0,0,0,0,1
1166,2014-11-11,281.0934911347239,-0.7607200913564104,0.6490800741100398,-0.98753650654923,-0.1573901147866107,0.7818314824680298,0.6234898018587336,0.1477699265043177,0,0,0,0,0,1
1167,2014-11-12,295.06678368529214,-0.7494423368521953,0.6620696215153815,-0.992366008614672,-0.1233276325329588,0.9749279121818236,-0.2225209339563143,0.1414509211393686,0,0,0,0,0,1
1168,2014-11-13,305.069860520482,-0.7379428103031386,0.6748632518680403,-0.9960209693076332,-0.0891191825561879,0.4338837391175582,-0.900968867902419,0.1353352832366127,0,0,0,0,0,1
1169,2014-11-14,306.6768235560575,-0.7262249146041543,0.6874571793269664,-0.998497062701478,-0.0548052531836224,-0.433883739117558,-0.9009688679024191,0.1294201282977755,0,0,0,0,0,1
1170,2014-11-15,309.03807545028246,-0.7142921172691032,0.699847677146407,-0.999791358149542,-0.0204264575855568,-0.9749279121818236,-0.2225209339563146,0.1237024067768548,0,0,0,0,0,1
1171,2014-11-17,296.33496263770127,-0.6897960046655887,0.7240037789593305,-0.9988298281778684,0.0483629438947822,0.0,1.0,0.1128463189671638,0,0,0,0,0,1
1172,2014-11-18,254.84890746450748,-0.6772399381909491,0.7357622347736527,-0.996575140802686,0.082692132238239,0.7818314824680298,0.6234898018587336,0.1077011451900321,0,0,0,0,0,1
1173,2014-11-19,259.9845495401609,-0.6644834655228552,0.7473029667054297,-0.9931409302238696,0.116923448093473,0.9749279121818236,-0.2225209339563143,0.1027398149024943,0,0,0,0,0,1
1174,2014-11-20,309.5186644626492,-0.6515303615068021,0.75862255966641,-0.9885312610933432,0.1510163760696315,0.4338837391175582,-0.900968867902419,0.0979586452573397,0,0,0,0,0,1
1175,2014-11-21,304.2431959769303,-0.6383844591746642,0.769717664006921,-0.9827515893084884,0.1849305645685428,-0.433883739117558,-0.9009688679024191,0.093353863304629,0,0,0,0,0,1
1176,2014-11-22,286.68996978094896,-0.6250496486104377,0.7805849965070866,-0.9758087555546684,0.2186258735439368,-0.9749279121818236,-0.2225209339563146,0.0889216174593863,0,0,0,0,0,1
1177,2014-11-24,257.8090931989031,-0.5978291414589552,0.801623551065242,-0.9584678386132248,0.2852006352448972,0.0,1.0,0.080559000939185,0,0,0,0,0,1
1178,2014-11-25,254.01492332007112,-0.5839514998576998,0.8117885474764613,-0.948090279732366,0.3180012916278857,0.7818314824680298,0.6234898018587336,0.0766206321804935,0,0,0,0,0,1
1179,2014-11-26,293.97093192075647,-0.5699010576127624,0.821713322596059,-0.936590583203982,0.3504255690637097,0.9749279121818236,-0.2225209339563143,0.0728388237369676,0,0,0,0,0,1
1180,2014-11-27,257.597267719256,-0.5556819724760489,0.8313949395234058,-0.9239823598019432,0.3824350909302552,0.4338837391175582,-0.900968867902419,0.0692094902133194,0,0,0,0,0,1
1181,2014-11-28,299.1171087313551,-0.5412984521036173,0.8408305333122887,-0.9102805323268018,0.4139919715004559,-0.433883739117558,-0.9009688679024191,0.0657285286165304,0,0,0,0,0,1
1182,2014-11-29,368.9871097951538,-0.5267547528105542,0.8500173118187018,-0.895501317943504,0.4450588607829839,-0.9749279121818236,-0.2225209339563146,0.0623918271307013,0,0,0,0,0,1
1183,2014-12-01,314.71514178987417,-0.4972040784469378,0.8676336233547726,-0.8627819522593745,0.5055762087514626,0.0,1.0,0.0561347628341337,0,0,0,0,0,1
1184,2014-12-02,305.987293480811,-0.4822058478963526,0.8760579434344281,-0.8448805268402667,0.5349550405091192,0.7818314824680298,0.6234898018587336,0.0532062053822325,0,0,0,0,0,1
1185,2014-12-03,292.4046696755393,-0.4670649248774303,0.8842230238742036,-0.8259791204413983,0.5637007118984807,0.9749279121818236,-0.2225209339563143,0.0504055333627536,0,0,0,0,0,1
1186,2014-12-04,321.29782157128164,-0.451785789832884,0.8921264484954345,-0.8061001043286311,0.5917792002101544,0.4338837391175582,-0.900968867902419,0.0477287077631641,0,0,0,0,0,1
1187,2014-12-05,295.26753048680274,-0.4363729641045924,0.8997658785476209,-0.7852670068439961,0.6191572723971441,-0.433883739117558,-0.9009688679024191,0.0451717245647246,0,0,0,0,0,1
1188,2014-12-06,485.6367034834324,-0.4208310085956556,0.9071390534005044,-0.7635044855580851,0.6458025244087264,-0.9749279121818236,-0.2225209339563146,0.0427306205788496,0,0,0,0,0,1
1189,2014-12-08,335.1142029494382,-0.3893781415452015,0.9210779895789526,-0.717295271600886,0.6967693257736101,0.0,1.0,0.0381804338005357,0,0,0,0,0,1
1190,2014-12-09,302.58224276927854,-0.3734765374130707,0.9276396261490468,-0.6929032710826029,0.7210305520038863,0.7818314824680298,0.6234898018587336,0.0360636756174023,0,0,0,0,0,1
1191,2014-12-10,287.1608856815535,-0.3574644155648614,0.9339267592294762,-0.6676911663366994,0.7444383832097442,0.9749279121818236,-0.2225209339563143,0.0340474547345993,0,0,0,0,0,1
1192,2014-12-11,278.3286449773056,-0.3413465142450361,0.9399375283564132,-0.641688797825113,0.7669651144255266,0.4338837391175582,-0.900968867902419,0.0321280855748041,0,0,0,0,0,1
1193,2014-12-12,291.3275997528678,-0.3251276029999093,0.9456701548465688,-0.6149269413476359,0.7885840835350667,-0.433883739117558,-0.9009688679024191,0.0303019500674343,0,0,0,0,0,1
1194,2014-12-13,341.2595547920632,-0.3088124812662537,0.9511229423235356,-0.587437271616382,0.8092697028283593,-0.9749279121818236,-0.2225209339563146,0.0285655007845503,0,0,0,0,0,1
1195,2014-12-15,396.57757452418906,-0.2759129450029604,0.9611826292540836,-0.5304054598463659,0.8477440935595867,0.0,1.0,0.0253478407929008,0,0,0,0,0,1
1196,2014-12-16,292.60710937694006,-0.2593382659754056,0.9657865518844574,-0.5009308193361626,0.8654873276017396,0.7818314824680298,0.6234898018587336,0.0238599118793802,0,0,0,0,0,1
1197,2014-12-17,328.3405041676314,-0.2426868445825954,0.9701046827361176,-0.4708632887360563,0.8822061909330864,0.9749279121818236,-0.2225209339563143,0.0224482367321429,0,0,0,0,0,1
1198,2014-12-18,327.0994696287401,-0.225963608248019,0.974135744004672,-0.4402384552773285,0.8978808954950716,0.4338837391175582,-0.900968867902419,0.021109656453671,0,0,0,0,0,1
1199,2014-12-19,498.8146129858903,-0.2091735056463563,0.9778785428342386,-0.4090925658019766,0.9124928890712274,-0.433883739117558,-0.9009688679024191,0.0198410947443702,0,0,0,0,0,1
1200,2014-12-20,419.9422360937954,-0.1923215052390948,0.9813319716704276,-0.3774624838618108,0.9260248772451376,-0.9749279121818236,-0.2225209339563146,0.0186395588695301,0,0,0,0,0,1
1201,2014-12-22,283.0697058431832,-0.1584517749608363,0.9873667175937016,-0.3129000178799537,0.949786070023521,0.0,1.0,0.0164260155188855,0,0,0,0,0,1
1202,2014-12-23,351.6969580063958,-0.141444067687942,0.989946248902378,-0.2800440484743445,0.9599871514317776,0.7818314824680298,0.6234898018587336,0.0154084455711887,0,0,0,0,0,1
1203,2014-12-24,297.65384926292904,-0.1243945048397999,0.9922328391893008,-0.2468566254334839,0.969052014331322,0.9749279121818236,-0.2225209339563143,0.0144467767640457,0,0,0,0,0,1
1204,2014-12-25,312.9897836158859,-0.1073081316563624,0.994225811815616,-0.2133770286209279,0.9769699297608416,0.4338837391175582,-0.900968867902419,0.0135384401366523,0,0,0,0,0,1
1205,2014-12-26,263.85111320984504,-0.0901900042703451,0.99592457702866,-0.179644883710313,0.9837315262594304,-0.433883739117558,-0.9009688679024191,0.0126809511496068,0,0,0,0,0,1
1206,2014-12-27,375.6803384854503,-0.0730451882110474,0.9973286321364752,-0.1457001152853506,0.9893288009584252,-0.9749279121818236,-0.2225209339563146,0.0118719091278277,0,0,0,0,0,1
1207,2014-12-29,364.0344582257447,-0.0386957901765268,0.999251037438848,-0.0773336169568209,0.9970052716452285,0.0,1.0,0.0103899781147773,0,0,0,0,0,1
1208,2014-12-30,373.3095682114768,-0.0215013727408137,0.999768818762748,-0.0429928040537219,0.9990753819405211,0.7818314824680298,0.6234898018587336,0.0097126998429016,0,0,0,0,0,1
1209,2014-12-31,364.4448336594487,-0.0043005927029819,0.9999907524084426,-0.0086011058657144,0.999963009804806,0.9749279121818236,-0.2225209339563143,0.0090750878156515,0,0,0,0,0,1
1210,2015-01-03,472.45556026173386,0.0515843668694083,0.9986686402879996,0.1030313790431787,0.9946781061893646,-0.9749279121818236,-0.2225209339563146,0.0072532058010343,0,0,0,0,0,0
1211,2015-01-05,351.6672370595759,0.0859061042613327,0.9963032375991964,0.1711770596101998,0.985240282501282,0.0,1.0,0.0063025210714774,0,0,0,0,0,0
1212,2015-01-06,330.1813707814269,0.1030313790431787,0.9946781061893646,0.2049661139694953,0.9787690698649216,0.7818314824680298,0.6234898018587336,0.0058706306788869,0,0,0,0,0,0
1213,2015-01-07,291.3438316749846,0.1201261651823505,0.9927586335250792,0.2385125751940764,0.9711394088771652,0.9749279121818236,-0.2225209339563143,0.0054656365237319,0,0,0,0,0,0
1214,2015-01-08,282.68882497525004,0.1371854040566005,0.9905453876091832,0.2717767384711357,0.9623603298276544,0.4338837391175582,-0.900968867902419,0.0050860692310127,0,0,0,0,0,0
1215,2015-01-09,272.88284880613253,0.1542040475626894,0.988039023376751,0.3047192331091634,0.9524422234305676,-0.433883739117558,-0.9009688679024191,0.0047305247785057,0,0,0,0,0,0
1216,2015-01-10,304.7985780926485,0.1711770596101998,0.985240282501282,0.3373010691361842,0.9413968285264122,-0.9749279121818236,-0.2225209339563146,0.0043976626339341,0,0,0,0,0,0
1217,2015-01-12,272.892244625578,0.2049661139694953,0.9787690698649216,0.4012289854475009,0.9159777842484876,0.0,1.0,0.0037949292693038,0,0,0,0,0,0
1218,2015-01-13,284.3661387778698,0.2217721575564818,0.975098513039961,0.4324994021339788,0.901634220265486,0.7818314824680298,0.6234898018587336,0.0035226774101574,0,0,0,0,0,0
1219,2015-01-14,281.74208349169106,0.2385125751940764,0.9711394088771652,0.4632579225674917,0.88622350294858,0.9749279121818236,-0.2225209339563143,0.0032683427650369,0,0,0,0,0,0
1220,2015-01-15,321.7443182005248,0.2551824131233728,0.966892928939152,0.4934681416772373,0.8697638720650646,0.4338837391175582,-0.900968867902419,0.0030308737915416,0,0,0,0,0,0
1221,2015-01-16,333.7268251784332,0.2717767384711357,0.9623603298276544,0.5230943033491326,0.8522748088519838,-0.433883739117558,-0.9009688679024191,0.0028092710364807,0,0,0,0,0,0
1222,2015-01-17,352.1700560791608,0.2882906407095177,0.957542952811672,0.5521013427459208,0.8337770129585915,-0.9749279121818236,-0.2225209339563146,0.0026025852527254,0,0,0,0,0,0
1223,2015-01-19,332.8624719343645,0.321057654185271,0.9470596510722284,0.6081214998935418,0.7938439653781019,0.0,1.0,0.0022304074712809,0,0,0,0,0,0
1224,2015-01-20,284.3706148687507,0.3373010691361842,0.9413968285264122,0.6350683134867438,0.7724559775191742,0.7818314824680298,0.6234898018587336,0.0020632513354787,0,0,0,0,0,0
1225,2015-01-21,320.6400123238811,0.3534446712740877,0.9354554315134164,0.6612634749656386,0.7501537286959042,0.9749279121818236,-0.2225209339563143,0.0019076802879754,0,0,0,0,0,0
1226,2015-01-22,272.691954469347,0.3694836834473831,0.9292372181882051,0.6866759803451553,0.726963615332308,0.4338837391175582,-0.900968867902419,0.0017629686236867,0,0,0,0,0,0
1227,2015-01-23,296.875839120007,0.3854133594543256,0.9227440286201428,0.7112757519738152,0.7029130847082615,-0.433883739117558,-0.9009688679024191,0.0016284300482412,0,0,0,0,0,0
1228,2015-01-24,329.5442802460647,0.4012289854475009,0.9159777842484876,0.7350336741329412,0.6780306024735382,-0.9749279121818236,-0.2225209339563146,0.0015034159919344,0,0,0,0,0,0
1229,2015-01-26,340.1863631265172,0.4324994021339788,0.901634220265486,0.7799125224167177,0.6258885343075018,0.0,1.0,0.0012795459378999,0,0,0,0,0,0
1230,2015-01-27,379.158627730903,0.4479449394078911,0.8940611451454876,0.8009803309782905,0.5986906625177214,0.7818314824680298,0.6234898018587336,0.0011795668021961,0,0,0,0,0,0
1231,2015-01-28,342.5863236096393,0.4632579225674917,0.88622350294858,0.8211001178128892,0.5707841943569036,0.9749279121818236,-0.2225209339563143,0.0010868628230603,0,0,0,0,0,0
1232,2015-01-29,366.3461495398258,0.4784338202547012,0.8781236129591848,0.8402480696078469,0.5422021592729844,0.4338837391175582,-0.900968867902419,0.0010009501745566,0,0,0,0,0,0
1233,2015-01-30,416.05134447177807,0.4934681416772373,0.8697638720650646,0.8584015232918917,0.512978386299228,-0.433883739117558,-0.9009688679024191,0.0009213735043575,0,0,0,0,0,0
1234,2015-01-31,372.27572937854825,0.5083564379375122,0.8611467540480452,0.8755389928586302,0.4831474640149687,-0.9749279121818236,-0.2225209339563146,0.0008477045464715,0,0,0,0,0,0
1235,2015-02-02,339.79157360825985,0.5376773767406141,0.8431506618282,0.9066860720977984,0.4218060770826634,0.0,1.0,0.0007165041324157,0,0,0,0,0,0
1236,2015-02-03,373.79995524487447,0.5521013427459208,0.8337770129585915,0.9206588168102428,0.3903682146763026,0.7818314824680298,0.6234898018587336,0.000658239732409,0,0,0,0,0,0
1237,2015-02-04,345.08292080150494,0.5663619330814524,0.8241566360566663,0.9335418911179212,0.3584683215124808,0.9749279121818236,-0.2225209339563143,0.0006044147037595,0,0,0,0,0,0
1238,2015-02-05,373.29530927349685,0.580454927809098,0.8142923779467267,0.945320046913132,0.3261441535642696,0.4338837391175582,-0.900968867902419,0.000554717008343,0,0,0,0,0,0
1239,2015-02-06,430.0086972424255,0.5943761565849831,0.804187157621448,0.9559793438440766,0.2934339689665273,-0.433883739117558,-0.9009688679024191,0.0005088543328223,0,0,0,0,0,0
1240,2015-02-07,347.81674066937046,0.6081214998935418,0.7938439653781019,0.9655071658143364,0.2603764827344581,-0.9749279121818236,-0.2225209339563146,0.0004665530201723,0,0,0,0,0,0
1241,2015-02-09,400.5027510515452,0.6350683134867438,0.7724559775191742,0.981124629771712,0.1933764744102058,0.0,1.0,0.0003916270330904,0,0,0,0,0,0
1242,2015-02-10,548.4626714303365,0.6482618097757122,0.7614175109532997,0.9871957872910084,0.1595132519726365,0.7818314824680298,0.6234898018587336,0.0003585393208955,0,0,0,0,0,0
1243,2015-02-11,425.77604605632814,0.6612634749656386,0.7501537286959042,0.992098522791769,0.1254612333527364,0.9749279121818236,-0.2225209339563143,0.0003280850598723,0,0,0,0,0,0
1244,2015-02-12,406.6463898194466,0.6740694616546161,0.7386679638813748,0.9958270335100596,0.0912607217293118,0.4338837391175582,-0.900968867902419,0.0003000693589348,0,0,0,0,0,0
1245,2015-02-13,375.63868900634,0.6866759803451553,0.726963615332308,0.998376906467142,0.0569521960340397,-0.433883739117558,-0.9009688679024191,0.0002743104674934,0,0,0,0,0,0
1246,2015-02-14,390.7538592434028,0.6990793005655562,0.7150441465537444,0.9997451236925734,0.0225762630415454,-0.9749279121818236,-0.2225209339563146,0.0002805480820737,0,0,0,0,0,0
1247,2015-02-16,391.9788895280648,0.7232617254437388,0.6905740195722294,0.9989315138848576,-0.0462150469837083,0.0,1.0,0.0003354626279025,0,0,0,0,0,0
1248,2015-02-17,497.90695353944585,0.7350336741329412,0.6780306024735382,0.9967506498213928,-0.0805490042187416,0.7818314824680298,0.6234898018587336,0.0003665564497251,0,0,0,0,0,0
1249,2015-02-18,484.84431082159495,0.746588114532413,0.6652865452111116,0.9933900548258936,-0.114787625522127,0.9749279121818236,-0.2225209339563143,0.0004003345935883,0,0,0,0,0,0
1250,2015-02-23,339.5499057493819,0.8009803309782905,0.5986906625177214,0.9590788900341132,-0.2831389812281835,0.0,1.0,0.0006174721799374,0,0,0,0,0,0
1251,2015-02-24,399.00357272122267,0.8111602420785621,0.5848239578463322,0.9487718864399473,-0.3159618766579029,0.7818314824680298,0.6234898018587336,0.0006723770032408,0,0,0,0,0,0
1252,2015-02-25,477.04447542769446,0.8211001178128892,0.5707841943569036,0.9373419384643772,-0.3484108069446808,0.9749279121818236,-0.2225209339563143,0.0007318024188804,0,0,0,0,0,0
1253,2015-02-26,471.4929898721938,0.8307970168121247,0.5565755266413303,0.9248025743285088,-0.3804473662878516,0.4338837391175582,-0.900968867902419,0.0007960866914957,0,0,0,0,0,0
1254,2015-02-27,424.276095228844,0.8402480696078469,0.5422021592729844,0.9111686353326632,-0.4120336369594263,-0.433883739117558,-0.9009688679024191,0.0008655903784247,0,0,0,0,0,0
1255,2015-02-28,428.4777933111087,0.8494504794814806,0.527668345562516,0.8964562582905575,-0.4431322341826345,-0.9749279121818236,-0.2225209339563146,0.0009406975448679,0,0,0,0,0,0
1256,2015-03-02,416.89385816713366,0.8670985522812081,0.4981366284784055,0.8638670987837349,-0.503719798736334,0.0,1.0,0.0011093837286151,0,0,0,0,0,0
1257,2015-03-03,470.0476453430268,0.8755389928586302,0.4831474640149687,0.8460288880917339,-0.533137056031809,0.7818314824680298,0.6234898018587336,0.0012038599948282,0,0,0,0,0,0
1258,2015-03-04,526.3677481522343,0.8837203473619977,0.4680153284438345,0.8271893372462497,-0.5619233046832195,0.9749279121818236,-0.2225209339563143,0.0013057369899986,0,0,0,0,0,0
1259,2015-03-05,451.7456524021044,0.8916401947968874,0.452744699607371,0.8073707443023492,-0.5900444739548627,0.4338837391175582,-0.900968867902419,0.0014155361520939,0,0,0,0,0,0
1260,2015-03-06,472.92122804694833,0.8992961915530253,0.4373400963303323,0.7865965660866021,-0.6174672802835514,-0.433883739117558,-0.9009688679024191,0.0015338106793244,0,0,0,0,0,0
1261,2015-03-07,473.4703246229285,0.9066860720977984,0.4218060770826634,0.7648913904341226,-0.6441592666722685,-0.9749279121818236,-0.2225209339563146,0.0016611470627641,0,0,0,0,0,0
1262,2015-03-09,459.5358812946398,0.9206588168102428,0.3903682146763026,0.7187918772884232,-0.6952253139408722,0.0,1.0,0.0019455273214659,0,0,0,0,0,0
1263,2015-03-10,469.2780816579833,0.9272375462179536,0.374473674486883,0.6944521021088763,-0.719538934232584,0.7818314824680298,0.6234898018587336,0.0021039250291307,0,0,0,0,0,0
1264,2015-03-11,493.07485850983136,0.9335418911179212,0.3584683215124808,0.6692903895412567,-0.7430009249440493,0.9749279121818236,-0.2225209339563143,0.0022740956104016,0,0,0,0,0,0
1265,2015-03-12,464.1715002218407,0.9395699859530622,0.342356891994542,0.6433365204044917,-0.765583517007675,0.4338837391175582,-0.900968867902419,0.0024568164604892,0,0,0,0,0,0
1266,2015-03-13,473.9163316144671,0.945320046913132,0.3261441535642696,0.6166212130956382,-0.7872599821916922,-0.433883739117558,-0.9009688679024191,0.0026529083096449,0,0,0,0,0,0
1267,2015-03-14,578.4249736560678,0.9507903724625832,0.3098349038318025,0.5891760872322963,-0.8080046647350754,-0.9749279121818236,-0.2225209339563146,0.0028632370196305,0,0,0,0,0,0
1268,2015-03-16,481.9428461878879,0.9608854255574976,0.2769462022689364,0.5322271388474397,-0.8466016020976267,0.0,1.0,0.0033303050984696,0,0,0,0,0,0
1269,2015-03-17,438.7658661287172,0.9655071658143364,0.2603764827344581,0.5027907197793043,-0.8644081744776648,0.7818314824680298,0.6234898018587336,0.0035890183886718,0,0,0,0,0,0
1270,2015-03-18,514.8541086910964,0.969843196967294,0.2437297136096838,0.4727592092862775,-0.881191653407483,0.9749279121818236,-0.2225209339563143,0.0038659201394728,0,0,0,0,0,0
1271,2015-03-19,479.0970623028932,0.9738922359149924,0.2270108209414184,0.442168151967072,-0.8969321743510065,0.4338837391175582,-0.900968867902419,0.0041621296730796,0,0,0,0,0,0
1272,2015-03-20,513.539686935036,0.977653084481664,0.2102247521189836,0.4110537546870351,-0.911611107193024,-0.433883739117558,-0.9009688679024191,0.004478822680028,0,0,0,0,0,0
1273,2015-03-21,578.6601967132066,0.981124629771712,0.1933764744102058,0.3794528437245443,-0.925211078289358,-0.9749279121818236,-0.2225209339563146,0.0048172331281061,0,0,0,0,0,0
1274,2015-03-23,516.5234908436553,0.9871957872910084,0.1595132519726365,0.3149416207289519,-0.9491110448902284,0.0,1.0,0.0055644450277938,0,0,0,0,0,0
1275,2015-03-24,483.6202279289326,0.9897936029670716,0.1425083279161708,0.2821076626819194,-0.9593827529490744,0.7818314824680298,0.6234898018587336,0.0059760228950059,0,0,0,0,0,0
1276,2015-03-25,509.67641525382135,0.992098522791769,0.1254612333527364,0.2489398085537665,-0.9685189578512204,0.9749279121818236,-0.2225209339563143,0.0064148747704495,0,0,0,0,0,0
1277,2015-03-26,504.3262503541904,0.9941098647022418,0.108377012791876,0.2154773150467301,-0.976508846196619,0.4338837391175582,-0.900968867902419,0.0068825542952156,0,0,0,0,0,0
1278,2015-03-27,550.0554747776424,0.9958270335100596,0.0912607217293118,0.1817597875913753,-0.9833429613388902,-0.433883739117558,-0.9009688679024191,0.0073806845376742,0,0,0,0,0,0
1279,2015-03-28,569.36346854486,0.9972495210773452,0.0741174251509443,0.1478271334705304,-0.9890132145779884,-0.9749279121818236,-0.2225209339563146,0.0079109597339302,0,0,0,0,0,0
1280,2015-03-30,492.9524343699797,0.9992088560679752,0.0397701138460557,0.0794772999236209,-0.9968366760893436,0.0,1.0,0.0090750878156515,0,0,0,0,0,0
1281,2015-03-31,402.5615284116002,0.9997451236925734,0.0225762630415454,0.0451410177739719,-0.998980624694158,0.7818314824680298,0.6234898018587336,0.0097126998429016,0,0,0,0,0,0
1282,2015-04-01,476.9049458923944,0.9999855506507186,0.0053757315575838,0.0107513077635219,-0.9999422030204416,0.9749279121818236,-0.2225209339563143,0.0103899781147773,0,0,0,0,0,0
1283,2015-04-02,435.9722181139073,0.9999300657962056,-0.0118263906918325,-0.0236511272452315,-0.9997202729664084,0.4338837391175582,-0.900968867902419,0.0111089965382423,0,0,0,0,0,0
1284,2015-04-03,465.726935534928,0.9995786855478958,-0.0290250133219752,-0.0580255693287803,-0.9983150972033183,-0.433883739117558,-0.9009688679024191,0.0118719091278277,0,0,0,0,0,0
1285,2015-04-04,502.38770103543214,0.9989315138848576,-0.0462150469837083,-0.0923313336953912,-0.9957283388645872,-0.9749279121818236,-0.2225209339563146,0.0126809511496068,0,0,0,0,0,0
1286,2015-04-06,409.71049536940143,0.9967506498213928,-0.0805490042187416,-0.1605745445949937,-0.9870237158387384,0.0,1.0,0.0144467767640457,0,0,0,0,0,0
1287,2015-04-07,441.3186751545827,0.9952176027737294,-0.0976827678217159,-0.1944312200476619,-0.9809161537413774,0.7818314824680298,0.6234898018587336,0.0154084455711887,0,0,0,0,0,0
1288,2015-04-08,426.0937607827673,0.9933900548258936,-0.114787625522127,-0.2280577712215198,-0.9736476020539838,0.9749279121818236,-0.2225209339563143,0.0164260155188855,0,0,0,0,0,0
1289,2015-04-09,443.8612357636523,0.9912685467787256,-0.1318585157173911,-0.2614143985111562,-0.965226663665613,0.4338837391175582,-0.900968867902419,0.0175021403684067,0,0,0,0,0,0
1290,2015-04-10,474.068631987497,0.9888537064205885,-0.1488903868564548,-0.2944616217868012,-0.9556633054034704,-0.433883739117558,-0.9009688679024191,0.0186395588695301,0,0,0,0,0,0
1291,2015-04-11,558.235636531753,0.986146248341595,-0.1658781989346314,-0.3271603271220951,-0.9449688462364056,-0.9749279121818236,-0.2225209339563146,0.0198410947443702,1,0,0,0,0,0
1292,2015-04-13,530.3520200597642,0.9798567700958664,-0.1997015525660636,-0.3913578365610259,-0.9202385798054076,0.0,1.0,0.0224482367321429,1,0,0,0,0,0
1293,2015-04-14,475.82458167384834,0.976276611086932,-0.2165270852448143,-0.4227806579826773,-0.9062320427107696,0.7818314824680298,0.6234898018587336,0.0238599118793802,1,0,0,0,0,0
1294,2015-04-15,529.9529083732184,0.9724075561219968,-0.2332885440754551,-0.4537030860313442,-0.8911529104063088,0.9749279121818236,-0.2225209339563143,0.0253478407929008,1,0,0,0,0,0
1295,2015-04-16,529.6077381178889,0.9682507501166718,-0.2499809690726521,-0.4840885216389758,-0.8750190302029955,0.4338837391175582,-0.900968867902419,0.0269152637299154,1,0,0,0,0,0
1296,2015-04-17,519.6893006293493,0.9638074231367308,-0.2665994206792935,-0.5139010013093103,-0.8578494977869301,-0.433883739117558,-0.9009688679024191,0.0285655007845503,1,0,0,0,0,0
1297,2015-04-18,572.1945303803642,0.9590788900341132,-0.2831389812281835,-0.5431052396834317,-0.8396646346181327,-0.9749279121818236,-0.2225209339563146,0.0303019500674343,1,0,0,0,0,0
1298,2015-04-20,502.9140071703349,0.9487718864399473,-0.3159618766579029,-0.5995514915196489,-0.8003361849976323,0.0,1.0,0.0340474547345993,1,0,0,0,0,0
1299,2015-04-21,503.3539112799302,0.9431964659565866,-0.3322354987159043,-0.6267266965083301,-0.7792391467859886,0.7818314824680298,0.6234898018587336,0.0360636756174023,1,0,0,0,0,0
1300,2015-04-22,470.6919432537021,0.9373419384643772,-0.3484108069446808,-0.65316012232693,-0.7572198192083127,0.9749279121818236,-0.2225209339563143,0.0381804338005357,1,0,0,0,0,0
1301,2015-04-23,532.1223704387327,0.9312100364121948,-0.3644830148102912,-0.6788204829862355,-0.734304263829602,0.4338837391175582,-0.900968867902419,0.0404014788741632,1,0,0,0,0,0
1302,2015-04-24,467.1943549560783,0.9248025743285088,-0.3804473662878516,-0.7036774074790128,-0.7105196029692745,-0.433883739117558,-0.9009688679024191,0.0427306205788496,1,0,0,0,0,0
1303,2015-04-25,571.9517055083815,0.9181214482844364,-0.3962991372689181,-0.7277014757264236,-0.6858939875998223,-0.9749279121818236,-0.2225209339563146,0.0451717245647246,1,0,0,0,0,0
1304,2015-04-27,536.3771075150386,0.9039461929224012,-0.4276462092677746,-0.7731383255706026,-0.6342374393978054,0.0,1.0,0.0504055333627536,1,0,0,0,0,0
1305,2015-04-28,521.0461328564753,0.8964562582905575,-0.4431322341826345,-0.7944973291665992,-0.6072676460566135,0.7818314824680298,0.6234898018587336,0.0532062053822325,1,0,0,0,0,0
1306,2015-04-29,552.3714500375658,0.8887010478292915,-0.4584871291400876,-0.8149159841660791,-0.5795791048257612,0.9749279121818236,-0.2225209339563143,0.0561347628341337,1,0,0,0,0,0
1307,2015-04-30,563.8793901921854,0.8806828564301475,-0.47370635037968,-0.8343701235229537,-0.5512045872199277,0.4338837391175582,-0.900968867902419,0.0591952734739325,1,0,0,0,0,0
1308,2015-05-01,614.8556147405872,0.8724040568049612,-0.4887853942889926,-0.8528367217694595,-0.522177676659508,-0.433883739117558,-0.9009688679024191,0.0623918271307013,1,0,0,0,0,0
1309,2015-05-02,729.9520173941526,0.8638670987837349,-0.503719798736334,-0.8702939222685674,-0.4925327287220543,-0.9749279121818236,-0.2225209339563146,0.0657285286165304,1,0,0,0,0,0
1310,2015-05-04,654.5157966945449,0.8460288880917339,-0.533137056031809,-0.9020987014301836,-0.4315297589714714,0.0,1.0,0.0728388237369676,1,0,0,0,0,0
1311,2015-05-05,596.9830869633909,0.8367329140344921,-0.5476112038402312,-0.9164086366943458,-0.4002439388573056,0.7818314824680298,0.6234898018587336,0.0766206321804935,1,0,0,0,0,0
1312,2015-05-06,615.696640580143,0.8271893372462497,-0.5619233046832195,-0.9296339319682696,-0.3684843993077793,0.9749279121818236,-0.2225209339563143,0.080559000939185,1,0,0,0,0,0
1313,2015-05-07,604.1971268516525,0.8174009818249189,-0.5760691233798758,-0.9417589340994617,-0.3362887301766828,0.4338837391175582,-0.900968867902419,0.0846579886225299,1,0,0,0,0,0
1314,2015-05-08,592.2410723454508,0.8073707443023492,-0.5900444739548627,-0.9527692922168512,-0.3036950375106588,-0.433883739117558,-0.9009688679024191,0.0889216174593863,1,0,0,0,0,0
1315,2015-05-09,635.4576530106774,0.7971015927871943,-0.6038452208771035,-0.9626519747161488,-0.2707418984477642,-0.9749279121818236,-0.2225209339563146,0.093353863304629,1,0,0,0,0,0
1316,2015-05-11,737.426604606255,0.7758587728069828,-0.6309066211876704,-0.978988873740932,-0.2039136706831147,0.0,1.0,0.1027398149024943,1,0,0,0,0,0
1317,2015-05-12,863.2951709044169,0.7648913904341226,-0.6441592666722685,-0.9854237542919524,-0.1701176783204905,0.7818314824680298,0.6234898018587336,0.1077011451900321,1,0,0,0,0,0
1318,2015-05-13,974.2006995960822,0.753697664392914,-0.6572212950663319,-0.9906923101615608,-0.136120338622667,0.9749279121818236,-0.2225209339563143,0.1128463189671638,1,0,0,0,0,0
1319,2015-05-14,1043.67355517028,0.742280907086982,-0.6700888411055113,-0.994788305609327,-0.1019618900517457,0.4338837391175582,-0.900968867902419,0.1181789171817805,1,0,0,0,0,0
1320,2015-05-15,968.3231880491848,0.7306444969184916,-0.6827580970759147,-0.9977068927101168,-0.0676827617545516,-0.433883739117558,-0.9009688679024191,0.1237024067768548,1,0,0,0,0,0
1321,2015-05-16,1122.1629071440832,0.7187918772884232,-0.6952253139408722,-0.9994446170919858,-0.0333235257116313,-0.9749279121818236,-0.2225209339563146,0.1294201282977755,1,0,0,0,0,0
1322,2015-05-18,973.0571422458692,0.6944521021088763,-0.719538934232584,-0.9993706508539968,0.0354725557531255,0.0,1.0,0.1414509211393686,1,0,0,0,0,0
1323,2015-05-19,1000.63289149028,0.6819721490904629,-0.7313781428679254,-0.9975590477788612,0.0698279757298708,0.7818314824680298,0.6234898018587336,0.1477699265043177,1,0,0,0,0,0
1324,2015-05-20,947.1694960612384,0.6692903895412567,-0.7430009249440493,-0.9945667569706336,0.1041007489354256,0.9749279121818236,-0.2225209339563143,0.1542950055015683,1,0,0,0,0,0
1325,2015-05-21,987.2103725170296,0.6564105761979381,-0.7544038410927472,-0.9903973200352558,0.1382503109109819,0.4338837391175582,-0.900968867902419,0.1610286725459804,0,1,0,0,0,0
1326,2015-05-22,840.100098436978,0.6433365204044917,-0.765583517007675,-0.9850556718215012,0.172236243027682,-0.433883739117558,-0.9009688679024191,0.1679732367575336,0,1,0,0,0,0
1327,2015-05-23,1046.009664735858,0.6300720909843687,-0.7765366444428655,-0.9785481345802032,0.2060183203251708,-0.9749279121818236,-0.2225209339563146,0.1751307883451509,0,1,0,0,0,0
1328,2015-05-25,972.710723408357,0.6029878670694714,-0.7977503570459932,-0.9620675724981452,0.2728112643340191,0.0,1.0,0.1900920380007587,0,1,0,0,0,0
1329,2015-05-26,873.8792553325126,0.5891760872322963,-0.8080046647350754,-0.9521140536681102,0.3057430764672831,0.7818314824680298,0.6234898018587336,0.1978986990836146,0,1,0,0,0,0
1330,2015-05-27,819.427835474547,0.5751899607119775,-0.8180198708443175,-0.9410336347451196,0.3383130181923076,0.9749279121818236,-0.2225209339563143,0.2059242464341987,0,1,0,0,0,0
1331,2015-05-28,897.2683468268477,0.5610336262283677,-0.8277930117131022,-0.9288394302558068,0.3704825404820963,0.4338837391175582,-0.900968867902419,0.2141694715316088,0,1,0,0,0,0
1332,2015-05-29,768.2371467736336,0.5467112728685939,-0.8373211953118121,-0.9155458729775467,0.4022135682368036,-0.433883739117558,-0.9009688679024191,0.2226348658788909,0,1,0,0,0,0
1333,2015-05-30,808.3327517454157,0.5322271388474397,-0.8466016020976267,-0.9011686968561567,0.4334685453485363,-0.9749279121818236,-0.2225209339563146,0.2313206080041767,0,1,0,0,0,0
1334,2015-06-01,778.8153814221803,0.5027907197793043,-0.8644081744776648,-0.8692328164574792,0.4944029842076181,0.0,1.0,0.2493522087772961,0,1,0,0,0,0
1335,2015-06-02,723.2346705695968,0.4878471454423119,-0.8729290708206411,-0.8517119107469189,0.5240103253675756,0.7818314824680298,0.6234898018587336,0.258696746701885,0,1,0,0,0,0
1336,2015-06-03,631.5615795594357,0.4727592092862775,-0.881191653407483,-0.8331829385891785,0.5529974600700271,0.9749279121818236,-0.2225209339563143,0.2682589673008851,0,1,0,0,0,0
1337,2015-06-04,566.7636779268055,0.4575313760742512,-0.8891934772070711,-0.8136678304455991,0.5813300798152042,0.4338837391175582,-0.900968867902419,0.2780373004531941,0,1,0,0,0,0
1338,2015-06-05,545.9338040343587,0.442168151967072,-0.8969321743510065,-0.7931896839451843,0.6089746507720486,-0.433883739117558,-0.9009688679024191,0.2880297924974456,0,1,0,0,0,0
1339,2015-06-06,602.839168557518,0.4266740831899246,-0.9044054548343,-0.7717727365467837,0.6358984534680745,-0.9749279121818236,-0.2225209339563146,0.2982340961814215,0,1,0,0,0,0
1340,2015-06-08,673.8110958465261,0.3953117887649151,-0.9185469991587164,-0.7262249146041543,0.6874571793269664,0.0,1.0,0.3192667256288431,0,1,0,0,0,0
1341,2015-06-09,691.6126151955765,0.3794528437245443,-0.925211078289358,-0.7021479494046978,0.7120310787787131,0.7818314824680298,0.6234898018587336,0.3300883075351398,0,1,0,0,0,0
1342,2015-06-10,780.7073365004409,0.3634816124829063,-0.9316013725767188,-0.6772399381909491,0.7357622347736527,0.9749279121818236,-0.2225209339563143,0.3411081980965921,0,1,0,0,0,0
1343,2015-06-11,820.4780404379086,0.3474028211842774,-0.9377159910299092,-0.6515303615068021,0.75862255966641,0.4338837391175582,-0.900968867902419,0.3523219549954969,0,1,0,0,0,0
1344,2015-06-12,663.1659793266127,0.3312212278016865,-0.9435531242349544,-0.6250496486104377,0.7805849965070866,-0.433883739117558,-0.9009688679024191,0.3637246969042016,0,1,0,0,0,0
1345,2015-06-13,557.2341320086447,0.3149416207289519,-0.9491110448902284,-0.5978291414589552,0.801623551065242,-0.9749279121818236,-0.2225209339563146,0.3753110988513995,0,1,0,0,0,0
1346,2015-06-15,578.3502951331155,0.2821076626819194,-0.9593827529490744,-0.5412984521036173,0.8408305333122887,0.0,1.0,0.39901134372866,0,1,0,0,0,0
1347,2015-06-16,489.13298987065207,0.2655630278040559,-0.9640935007889756,-0.5120551783114646,0.8589525565270845,0.7818314824680298,0.6234898018587336,0.4111122905071874,0,1,0,0,0,0
1348,2015-06-17,563.8805938107514,0.2489398085537665,-0.9685189578512204,-0.4822058478963526,0.8760579434344281,0.9749279121818236,-0.2225209339563143,0.4233711028530494,0,1,0,0,0,0
1349,2015-06-18,487.4082216684281,0.2322429240090701,-0.9726578145718654,-0.451785789832884,0.8921264484954345,0.4338837391175582,-0.900968867902419,0.4357802031543156,0,1,0,0,0,0
1350,2015-06-19,468.8283513067536,0.2154773150467301,-0.976508846196619,-0.4208310085956556,0.9071390534005044,-0.433883739117558,-0.9009688679024191,0.448331563940943,0,1,0,0,0,0
1351,2015-06-20,550.7864607822702,0.1986479428801711,-0.9800709131432666,-0.3893781415452015,0.9210779895789526,-0.9749279121818236,-0.2225209339563146,0.4610167107835354,0,1,0,0,0,0
1352,2015-06-22,650.1473216189704,0.1648178466571979,-0.9863240225317866,-0.3251276029999093,0.9456701548465688,0.0,1.0,0.4867522559599717,0,1,0,0,0,0
1353,2015-06-23,697.5978774608268,0.1478271334705304,-0.9890132145779884,-0.2924059769510773,0.956294277219772,0.7818314824680298,0.6234898018587336,0.4997835137030315,0,1,0,0,0,0
1354,2015-06-24,614.2382433408623,0.1307926758567592,-0.9914097417023038,-0.2593382659754056,0.9657865518844574,0.9749279121818236,-0.2225209339563143,0.5129102907232946,0,1,0,0,0,0
1355,2015-06-25,588.7076585263651,0.1137195145859496,-0.9935128947338008,-0.225963608248019,0.974135744004672,0.4338837391175582,-0.900968867902419,0.5261219640934566,0,1,0,0,0,0
1356,2015-06-26,663.8126322693709,0.0966127018812031,-0.9953220513156602,-0.1923215052390948,0.9813319716704276,-0.433883739117558,-0.9009688679024191,0.5394075072376265,0,1,0,0,0,0
1357,2015-06-27,784.6720713002206,0.0794772999236209,-0.9968366760893436,-0.1584517749608363,0.9873667175937016,-0.9749279121818236,-0.2225209339563146,0.5527555015877842,0,1,0,0,0,0
1358,2015-06-29,630.4469073999092,0.0451410177739719,-0.998980624694158,-0.0901900042703451,0.99592457702866,0.0,1.0,0.5795912885442627,0,1,0,0,0,0
1359,2015-06-30,608.7442926091059,0.0279502982402103,-0.999609314096404,-0.0558787569053731,0.9984375616565666,0.7818314824680298,0.6234898018587336,0.5930544067956073,0,1,0,0,0,0
1360,2015-07-01,583.4042728339917,0.0107513077635219,-0.9999422030204416,-0.0215013727408137,0.999768818762748,0.9749279121818236,-0.2225209339563143,0.6065306597126334,0,0,1,0,0,0
1361,2015-07-02,633.5756641927629,-0.0064508641981051,-0.9999791929590824,0.0129014599494196,0.9999167727021951,0.4338837391175582,-0.900968867902419,0.6200068879809458,0,0,1,0,0,0
1362,2015-07-03,627.2945151826635,-0.0236511272452315,-0.9997202729664084,0.0472890227711323,0.9988812483600598,-0.433883739117558,-0.9009688679024191,0.6334696366573507,0,0,1,0,0,0
1363,2015-07-04,647.6428881199754,-0.0408443915432961,-0.9991655196610107,0.0816206154031905,0.996663471358916,-0.9749279121818236,-0.2225209339563146,0.6469051754643523,0,0,1,0,0,0
1364,2015-07-06,673.7749845651634,-0.0751895764147585,-0.9971692572470178,0.1499534681324453,0.9886930551971383,0.0,1.0,0.6736384553447267,0,0,1,0,0,0
1365,2015-07-07,697.2627564743643,-0.0923313336953912,-0.9957283388645872,0.1838738510513275,0.9829498496360606,0.7818314824680298,0.6234898018587336,0.6869075574573877,0,0,1,0,0,0
1366,2015-07-08,657.7301875558725,-0.1094457686489155,-0.993992768446958,0.2175766051482817,0.976043247449696,0.9749279121818236,-0.2225209339563143,0.7000922199176512,0,0,1,0,0,0
1367,2015-07-09,640.3090267806842,-0.1265278168386831,-0.9919630595773395,0.2510218406258827,0.9679814231320734,0.4338837391175582,-0.900968867902419,0.71317767835549,0,0,1,0,0,0
1368,2015-07-10,711.6017855837861,-0.1435724234118113,-0.9896398128792412,0.2841699724797683,0.9587739184713192,-0.433883739117558,-0.9009688679024191,0.7261490370736908,0,0,1,0,0,0
1369,2015-07-11,694.8749629769748,-0.1605745445949937,-0.9870237158387384,0.3169817673505278,0.9484316312562208,-0.9749279121818236,-0.2225209339563146,0.7389912962803088,0,0,0,1,0,0
1370,2015-07-13,547.8501604914836,-0.1944312200476619,-0.9809161537413774,0.3814414490727919,0.9243930013415552,0.0,1.0,0.7642281651714905,0,0,0,1,0,0
1371,2015-07-14,602.9375484807053,-0.2112757555821793,-0.9774264960104057,0.4130130429412807,0.9107251102063584,0.7818314824680298,0.6234898018587336,0.7765925101265281,0,0,0,1,0,0
1372,2015-07-15,497.7028816973124,-0.2280577712215198,-0.9736476020539838,0.4440958041592176,0.8959793059709459,0.9749279121818236,-0.2225209339563143,0.7887672852587113,0,0,0,1,0,0
1373,2015-07-16,400.78227016530695,-0.2447723008972595,-0.9695805901076308,0.4746529438919349,0.8801730414269229,0.4338837391175582,-0.900968867902419,0.8007374029168081,0,0,0,1,0,0
1374,2015-07-17,491.45153319313664,-0.2614143985111562,-0.965226663665613,0.5046482954181526,0.8633250245021008,-0.433883739117558,-0.9009688679024191,0.8124878481707274,0,0,0,1,0,0
1375,2015-07-18,490.3524856177154,-0.2779791393987801,-0.9605871111248128,0.5340463569360717,0.8454551961182272,-0.9749279121818236,-0.2225209339563146,0.8240037097874371,0,0,0,1,0,0
1376,2015-07-20,485.80848243971184,-0.3108569682435036,-0.9504567035349152,0.5909121786151564,0.8067358905889147,0.0,1.0,0.8462727428586204,0,0,0,1,0,0
1377,2015-07-21,400.24785588797823,-0.3271603271220951,-0.9449688462364056,0.6183126337097825,0.7859322407147274,0.7818314824680298,0.6234898018587336,0.8569968914352789,0,0,0,1,0,0
1378,2015-07-22,414.8671490030359,-0.343366873996388,-0.939201357453208,0.6449812683237445,0.7641983796838971,0.9749279121818236,-0.2225209339563143,0.8674284731834108,0,0,0,1,0,0
1379,2015-07-23,400.5005125786315,-0.3594718130884232,-0.9331559438780432,0.6708865180801582,0.7415600311898435,0.4338837391175582,-0.900968867902419,0.8775535639640376,0,0,0,1,0,0
1380,2015-07-24,345.4731570554397,-0.3754703786876202,-0.9268343944460494,0.6959977221267386,0.7180439894563502,-0.433883739117558,-0.9009688679024191,0.8873585302803527,0,0,0,1,0,0
1381,2015-07-25,671.4717542182436,-0.3913578365610259,-0.9202385798054076,0.7202851594252706,0.6936780875245466,-0.9749279121818236,-0.2225209339563146,0.8968300597468688,0,0,0,1,0,0
1382,2015-07-27,322.04625751107426,-0.4227806579826773,-0.9062320427107696,0.7662747586044899,0.6425130304714689,0.0,1.0,0.914721343722234,0,0,0,1,0,0
1383,2015-07-28,343.5587333520456,-0.4383067230125192,-0.898825465016444,0.7879224882631226,0.6157744331240536,0.7818314824680298,0.6234898018587336,0.9231163463866358,0,0,0,1,0,0
1384,2015-07-29,349.48275239779304,-0.4537030860313442,-0.8911529104063088,0.8086376511543126,0.5883070194512693,0.9749279121818236,-0.2225209339563143,0.9311284654622024,0,0,0,1,0,0
1385,2015-07-30,366.8824648425694,-0.4689651910076318,-0.8832166493127127,0.8283957292921138,0.5601432992463508,0.4338837391175582,-0.900968867902419,0.938746432156527,0,0,0,1,0,0
1386,2015-07-31,467.1771869338648,-0.4840885216389758,-0.8750190302029955,0.847173337473877,0.5313166064347815,-0.433883739117558,-0.9009688679024191,0.9459594689067654,0,0,0,1,0,0
1387,2015-08-03,373.1708675645204,-0.5285813283559292,-0.8488826652214553,0.8974070536021568,0.4412035586269627,0.0,1.0,0.9650691177896804,0,0,0,1,0,0
1388,2015-08-04,407.9905195526464,-0.5431052396834317,-0.8396646346181327,0.912052525275964,0.4100733972568043,0.7818314824680298,0.6234898018587336,0.9705653490349352,0,0,0,1,0,0
1389,2015-08-05,480.6682562563596,-0.5574684374327892,-0.8301981337405212,0.9256185127518922,0.3784578825324888,0.9749279121818236,-0.2225209339563143,0.975610980064846,0,0,0,1,0,0
1390,2015-08-06,538.2700477913261,-0.5716666713027052,-0.8204859638785327,0.9380889596420648,0.3463944338433696,0.4338837391175582,-0.900968867902419,0.9801986733067553,0,0,0,1,0,0
1391,2015-08-07,615.9773590705507,-0.5856957398073508,-0.8105309990194823,0.9494491062150135,0.3139210007430401,-0.433883739117558,-0.9009688679024191,0.9843217347761178,0,0,0,1,0,0
1392,2015-08-08,657.5136885008102,-0.5995514915196489,-0.8003361849976323,0.9596855068649522,0.2810760180331286,-0.9749279121818236,-0.2225209339563146,0.987974130351234,0,0,0,1,0,0
1393,2015-08-10,602.6061605639886,-0.6267266965083301,-0.7792391467859886,0.9767399525103048,0.214427295767511,0.0,1.0,0.9938461733264412,0,0,0,1,0,0
1394,2015-08-11,550.2375875942172,-0.6400381082043503,-0.7683431655492202,0.9835378122597296,0.1807024400923929,0.7818314824680298,0.6234898018587336,0.9960571761381908,0,0,0,1,0,0
1395,2015-08-12,541.5324875348424,-0.65316012232693,-0.7572198192083127,0.9891715794849548,0.1467637092037396,0.9749279121818236,-0.2225209339563143,0.9977802450856064,0,0,0,1,0,0
1396,2015-08-13,675.4027018818471,-0.666088855860977,-0.7458723993404063,0.993634586189866,0.112651272195629,0.4338837391175582,-0.900968867902419,0.9990128332490112,0,0,0,1,0,0
1397,2015-08-14,571.7999734817513,-0.6788204829862355,-0.734304263829602,0.9969215500633252,0.0784055037566676,-0.433883739117558,-0.9009688679024191,0.9997531169004024,0,0,0,1,0,0
1398,2015-08-15,883.9182724426082,-0.6913512362094071,-0.722518835873311,0.9990285807311906,0.0440669363834491,-0.9749279121818236,-0.2225209339563146,1.0,0,0,0,1,0,0
1399,2015-08-17,563.7500782515041,-0.7157953492826642,-0.6983101158835584,0.9996942666129788,-0.0247259641093823,0.0,1.0,0.9990128332490112,0,0,0,1,0,0
1400,2015-08-18,542.442651516859,-0.7277014757264236,-0.6858939875998223,0.998252133936544,-0.0590988755488295,0.7818314824680298,0.6234898018587336,0.9977802450856064,0,0,0,1,0,0
1401,2015-08-19,507.94543672548747,-0.7393922635959241,-0.673274892250183,0.9956284932063294,-0.093401838931009,0.9749279121818236,-0.2225209339563143,0.9960571761381908,0,0,0,1,0,0
1402,2015-08-20,548.8560334312253,-0.7508642533989489,-0.6604565640279754,0.9918264497026016,-0.1275942540647218,0.4338837391175582,-0.900968867902419,0.9938461733264412,0,0,0,1,0,0
1403,2015-08-21,538.3016267942584,-0.7621140503891487,-0.6474427960827475,0.9868505034357966,-0.1616356516011078,-0.433883739117558,-0.9009688679024191,0.9911505004882848,0,0,0,1,0,0
1404,2015-08-22,564.0742568318152,-0.7731383255706026,-0.6342374393978054,0.9807065438204116,-0.1954857409322303,-0.9749279121818236,-0.2225209339563146,0.987974130351234,0,0,0,1,0,0
1405,2015-08-24,538.3199311818253,-0.7944973291665992,-0.6072676460566135,0.9649450457625344,-0.2624520121057191,0.0,1.0,0.9801986733067553,0,0,0,1,0,0
1406,2015-08-25,610.6612552506621,-0.8048257371083452,-0.593511190196115,0.9553461622632788,-0.2954889342239821,0.7818314824680298,0.6234898018587336,0.975610980064846,0,0,0,1,0,0
1407,2015-08-26,1189.0733522962098,-0.8149159841660791,-0.5795791048257612,0.9446165532223606,-0.3281761224987386,0.9749279121818236,-0.2225209339563143,0.9705653490349352,0,0,0,1,0,0
1408,2015-08-27,586.1313868350427,-0.8247650844733614,-0.5654755126737576,0.9327689179559782,-0.3604748891327019,0.4338837391175582,-0.900968867902419,0.9650691177896804,0,0,0,1,0,0
1409,2015-08-28,431.0271677079589,-0.8343701235229537,-0.5512045872199277,0.9198172790502196,-0.3923470060554182,-0.433883739117558,-0.9009688679024191,0.9591302497107984,0,0,0,1,0,0
1410,2015-08-29,492.1020433421395,-0.8437282590292712,-0.5367705514607103,0.905776965764254,-0.4237547501691298,-0.9749279121818236,-0.2225209339563146,0.9527573147659876,0,0,0,1,0,0
1411,2015-08-31,452.4569503515958,-0.8616928164028521,-0.5074302810827518,0.8744980560685747,-0.4850290196805589,0.0,1.0,0.938746432156527,0,0,0,1,0,0
1412,2015-09-01,462.5273725654628,-0.8702939222685674,-0.4925327287220543,0.8572964806503138,-0.5148230222752145,0.7818314824680298,0.6234898018587336,0.9311284654622024,0,0,0,1,0,0
1413,2015-09-02,462.8942748763072,-0.8786374941610001,-0.4774894280028391,0.8390802290175676,-0.5440076922910431,0.9749279121818236,-0.2225209339563143,0.9231163463866358,0,0,0,1,0,0
1414,2015-09-03,425.86951824410096,-0.886721063082993,-0.4623048304798108,0.8198708615029215,-0.5725484874300667,0.4338837391175582,-0.900968867902419,0.914721343722234,0,0,0,1,0,0
1415,2015-09-04,366.77434717988217,-0.8945422369764496,-0.4469834295196741,0.7996911138678691,-0.600411627469661,-0.433883739117558,-0.9009688679024191,0.9059551911095096,0,0,0,1,0,0
1416,2015-09-05,405.8705231120841,-0.9020987014301836,-0.4315297589714714,0.7785648703932891,-0.6275641342440474,-0.9749279121818236,-0.2225209339563146,0.8968300597468688,0,0,0,1,0,0
1417,2015-09-07,568.6341420281664,-0.9164086366943458,-0.4002439388573056,0.733574004706797,-0.6796095788159788,0.0,1.0,0.8775535639640376,0,0,0,1,0,0
1418,2015-09-08,471.6525362600166,-0.923157872964704,-0.3844210472688554,0.709762632639161,-0.7044409168334328,0.7818314824680298,0.6234898018587336,0.8674284731834108,0,0,0,1,0,0
1419,2015-09-09,496.9414733162301,-0.9296339319682696,-0.3684843993077793,0.6851112019949135,-0.72843849493357,0.9749279121818236,-0.2225209339563143,0.8569968914352789,0,0,0,1,0,0
1420,2015-09-10,486.5424613438029,-0.935834897334994,-0.3524387108846032,0.6596488896351408,-0.7515739101399981,0.4338837391175582,-0.900968867902419,0.8462727428586204,0,0,0,1,0,0
1421,2015-09-11,481.79397664494655,-0.9417589340994617,-0.3362887301766828,0.6334058321617086,-0.7738197799123084,-0.433883739117558,-0.9009688679024191,0.835270211411272,0,0,0,1,0,0
1422,2015-09-12,419.0823378989036,-0.9474042892438844,-0.3200392362231385,0.6064130902482765,-0.7951497745554202,-0.9749279121818236,-0.2225209339563146,0.8240037097874371,0,0,0,1,0,0
1423,2015-09-14,431.37346242877976,-0.9578523554276668,-0.2872609705505963,0.5503071945286527,-0.8349622695966589,0.0,1.0,0.8007374029168081,0,0,0,1,0,0
1424,2015-09-15,437.9622656573527,-0.9626519747161488,-0.2707418984477642,0.5212604463582784,-0.8533976488498011,0.7818314824680298,0.6234898018587336,0.7887672852587113,0,0,0,1,0,0
1425,2015-09-16,471.93809681626016,-0.9671667297977312,-0.2541427094613622,0.4915967464233612,-0.8708229664552752,0.9749279121818236,-0.2225209339563143,0.7765925101265281,0,0,0,1,0,0
1426,2015-09-17,494.2016340719934,-0.97139528468375,-0.2374683155584684,0.461351203990578,-0.8872175982116474,0.4338837391175582,-0.900968867902419,0.7642281651714905,0,0,0,1,0,0
1427,2015-09-18,516.491013341342,-0.9753363880767836,-0.2207236509605022,0.4305596169818739,-0.9025621398133328,-0.433883739117558,-0.9009688679024191,0.751689380082437,0,0,0,1,0,0
1428,2015-09-19,440.4186171469008,-0.978988873740932,-0.2039136706831147,0.3992584296048835,-0.9168384298170764,-0.9749279121818236,-0.2225209339563146,0.7389912962803088,0,0,0,1,0,0
1429,2015-09-21,508.2110616722213,-0.9854237542919524,-0.1701176783204905,0.3352760024840169,-0.9421199510456922,0.0,1.0,0.71317767835549,0,0,0,1,0,0
1430,2015-09-22,559.5672313139186,-0.9882042449941422,-0.15314166701312,0.3026704908556892,-0.9530952596488852,0.7818314824680298,0.6234898018587336,0.7000922199176512,0,0,0,1,0,0
1431,2015-09-23,568.3765134509707,-0.9906923101615608,-0.136120338622667,0.2697067454601279,-0.962942506826501,0.9749279121818236,-0.2225209339563143,0.6869075574573877,0,0,0,1,0,0
1432,2015-09-24,593.2453015048603,-0.9928872135356962,-0.1190587300340498,0.2364237814212129,-0.9716500376053584,0.4338837391175582,-0.900968867902419,0.6736384553447267,0,0,0,1,0,0
1433,2015-09-25,523.7519459168079,-0.994788305609327,-0.1019618900517457,0.2028609916826013,-0.9792075459541514,-0.433883739117558,-0.9009688679024191,0.6602995202173131,0,0,0,1,0,0
1434,2015-09-26,365.3225592574176,-0.9963950238187232,-0.0848348779057653,0.1690581003831471,-0.9856060869814276,-0.9749279121818236,-0.2225209339563146,0.6469051754643523,0,0,0,1,0,0
1435,2015-09-30,521.221490659162,-0.9998699583618592,-0.0161265732706577,0.0322489522893041,-0.9994798672690922,0.9749279121818236,-0.2225209339563143,0.5930544067956073,0,0,0,1,0,0
1436,2015-10-01,469.5290217814341,-0.9999994220246924,0.0010751512827982,-0.0021503013227746,-0.9999976880994382,0.4338837391175582,-0.900968867902419,0.5795912885442627,0,0,0,0,1,0
1437,2015-10-02,538.1595691237991,-0.999832969770105,0.0182765576816912,-0.0365470098881199,-0.9993319348786156,-0.433883739117558,-0.9009688679024191,0.5661541495171976,0,0,0,0,1,0
1438,2015-10-03,385.59320494995126,-0.9993706508539968,0.0354725557531255,-0.0709004622609115,-0.9974833955766828,-0.9749279121818236,-0.2225209339563146,0.5527555015877842,0,0,0,0,1,0
1439,2015-10-05,404.4276875601211,-0.9975590477788612,0.0698279757298708,-0.1393150579548309,-0.9902481076109372,0.0,1.0,0.5261219640934566,0,0,0,0,1,0
1440,2015-10-06,387.6775578750213,-0.9962102997023295,0.0869772313136861,-0.1732952273485721,-0.9848699224660112,0.7818314824680298,0.6234898018587336,0.5129102907232946,0,0,0,0,1,0
1441,2015-10-07,392.6875351274388,-0.9945667569706336,0.1041007489354256,-0.2070702885338407,-0.9783260681421668,0.9749279121818236,-0.2225209339563143,0.4997835137030315,0,0,0,0,1,0
1442,2015-10-08,319.1297013975256,-0.9926289059345096,0.121193461470736,-0.2406002661322256,-0.9706242897934824,0.4338837391175582,-0.900968867902419,0.4867522559599717,0,0,0,0,1,0
1443,2015-10-09,371.1621457093784,-0.9903973200352558,0.1382503109109819,-0.2738454748405547,-0.9617737030660336,-0.433883739117558,-0.9009688679024191,0.473826726395364,0,0,0,0,1,0
1444,2015-10-10,401.448192310718,-0.9878726596350428,0.1552662498599956,-0.3067665664015059,-0.9517847833088268,-0.9749279121818236,-0.2225209339563146,0.4610167107835354,0,0,0,0,1,0
1445,2015-10-12,367.37737296394266,-0.981947190186646,0.1891552687200409,-0.3714809692572883,-0.9284405686308982,0.0,1.0,0.4357802031543156,0,0,0,0,1,0
1446,2015-10-13,350.0468393636102,-0.9785481345802032,0.2060183203251708,-0.4031976860870853,-0.9151129033807908,0.7818314824680298,0.6234898018587336,0.4233711028530494,0,0,0,0,1,0
1447,2015-10-14,362.33851493523497,-0.9748595108374124,0.2228204077947995,-0.4344371874948622,-0.9007021317403184,0.9749279121818236,-0.2225209339563143,0.4111122905071874,0,0,0,0,1,0
1448,2015-10-15,308.63258372732,-0.9708824104813836,0.239556559120927,-0.4651624991319035,-0.8852253099642835,0.4338837391175582,-0.900968867902419,0.39901134372866,0,0,0,0,1,0
1449,2015-10-16,331.3859440188006,-0.9666180104000972,0.2562218218071163,-0.4953372552325659,-0.8687007560596847,-0.433883739117558,-0.9009688679024191,0.3870753885499897,0,0,0,0,1,0
1450,2015-10-17,296.34088580049075,-0.9620675724981452,0.2728112643340191,-0.5249257416559593,-0.8511480281049478,-0.9749279121818236,-0.2225209339563146,0.3753110988513995,0,0,0,0,1,0
1451,2015-10-19,330.3025022245405,-0.9521140536681102,0.3057430764672831,-0.5822045598324479,-0.8130423423846421,0.0,1.0,0.3523219549954969,0,0,0,0,1,0
1452,2015-10-20,317.22192291868987,-0.9467139181463862,0.3220757010206104,-0.6098270977059321,-0.7925344856241648,0.7818314824680298,0.6234898018587336,0.3411081980965921,0,0,0,0,1,0
1453,2015-10-21,301.86514494088283,-0.9410336347451196,0.3383130181923076,-0.6367278583821979,-0.7710886034432227,0.9749279121818236,-0.2225209339563143,0.3300883075351398,0,0,0,0,0,1
1454,2015-10-22,288.5848717973131,-0.9350748843515574,0.3544502230989869,-0.6628750027453377,-0.7487300786901568,0.4338837391175582,-0.900968867902419,0.3192667256288431,0,0,0,0,0,1
1455,2015-10-23,310.30139892401013,-0.9288394302558068,0.3704825404820963,-0.6882375836422284,-0.7254853743958638,-0.433883739117558,-0.9009688679024191,0.3086474612366189,0,0,0,0,0,1
1456,2015-10-24,303.2544887995145,-0.9223291176290545,0.3864052261209853,-0.7127855825108473,-0.7013820024527804,-0.9749279121818236,-0.2225209339563146,0.2982340961814215,0,0,0,0,0,1
1457,2015-10-26,302.29545269865423,-0.9084917035725082,0.4179028888867866,-0.7593226149052589,-0.6507143509201561,0.0,1.0,0.2780373004531941,0,0,0,0,0,1
1458,2015-10-27,332.798288565151,-0.9011686968561567,0.4334685453485363,-0.7812565682797488,-0.6242100403868479,0.7818314824680298,0.6234898018587336,0.2682589673008851,0,0,0,0,0,1
1459,2015-10-28,367.38080314641786,-0.8935790198239952,0.4489059314938798,-0.8022658445149573,-0.5969669293392242,0.9749279121818236,-0.2225209339563143,0.258696746701885,0,0,0,0,0,1
1460,2015-10-29,310.04104461778473,-0.8857249183835637,0.4642104791518923,-0.8223255775192096,-0.5690172620911411,0.4338837391175582,-0.900968867902419,0.2493522087772961,0,0,0,0,0,1
1461,2015-10-30,289.3295741103051,-0.8776087166898392,0.4793776594606945,-0.8414120250581577,-0.5403941192199728,-0.433883739117558,-0.9009688679024191,0.2402265507324824,0,0,0,0,0,1
1462,2015-10-31,320.0123812795054,-0.8692328164574792,0.4944029842076181,-0.8595025968555411,-0.5111313784132033,-0.9749279121818236,-0.2225209339563146,0.2313206080041767,0,0,0,0,0,1
1463,2015-11-02,335.0998718778481,-0.8517119107469189,0.5240103253675756,-0.8926116709398649,-0.4508263578163351,0.0,1.0,0.2141694715316088,0,0,0,0,0,1
1464,2015-11-03,288.14505639569865,-0.8425720899866032,0.5385835804920232,-0.9075909860952636,-0.4198554536487849,0.7818314824680298,0.6234898018587336,0.2059242464341987,0,0,0,0,0,1
1465,2015-11-04,354.36475604485554,-0.8331829385891785,0.5529974600700271,-0.9214960976269942,-0.3883876183121974,0.9749279121818236,-0.2225209339563143,0.1978986990836146,0,0,0,0,0,1
1466,2015-11-05,320.40194876286404,-0.8235472349556007,0.5672476988027229,-0.9343105477678196,-0.3564600964060307,0.4338837391175582,-0.900968867902419,0.1900920380007587,0,0,0,0,0,1
1467,2015-11-06,331.1074571304961,-0.8136678304455991,0.5813300798152042,-0.9460191696320084,-0.3241106766040965,-0.433883739117558,-0.9009688679024191,0.1825031849518363,0,0,0,0,0,1
1468,2015-11-07,369.0459958045311,-0.8035476485339116,0.5952404359043674,-0.9566081051665098,-0.2913776469287574,-0.9749279121818236,-0.2225209339563146,0.1751307883451509,0,0,0,0,0,1
1469,2015-11-09,483.43440645125713,-0.7825970017677834,0.6225286602431057,-0.9743781260415392,-0.2249161343518477,0.0,1.0,0.1610286725459804,0,0,0,0,0,1
1470,2015-11-10,330.7093084095264,-0.7717727365467837,0.6358984534680745,-0.9815381791978468,-0.1912663137538222,0.7818314824680298,0.6234898018587336,0.1542950055015683,0,0,0,0,0,1
1471,2015-11-11,292.5701529850677,-0.7607200913564104,0.6490800741100398,-0.98753650654923,-0.1573901147866107,0.9749279121818236,-0.2225209339563143,0.1477699265043177,0,0,0,0,0,1
1472,2015-11-12,377.4274176627397,-0.7494423368521953,0.6620696215153815,-0.992366008614672,-0.1233276325329588,0.4338837391175582,-0.900968867902419,0.1414509211393686,0,0,0,0,0,1
1473,2015-11-13,435.1707980151743,-0.7379428103031386,0.6748632518680403,-0.9960209693076332,-0.0891191825561879,-0.433883739117558,-0.9009688679024191,0.1353352832366127,0,0,0,0,0,1
1474,2015-11-14,590.2481575119823,-0.7262249146041543,0.6874571793269664,-0.998497062701478,-0.0548052531836224,-0.9749279121818236,-0.2225209339563146,0.1294201282977755,0,0,0,0,0,1
1475,2015-11-16,368.5170942445195,-0.7021479494046978,0.7120310787787131,-0.9999023237537764,0.0139765142935557,0.0,1.0,0.1181789171817805,0,0,0,0,0,1
1476,2015-11-17,386.8012245123187,-0.6897960046655887,0.7240037789593305,-0.9988298281778684,0.0483629438947822,0.7818314824680298,0.6234898018587336,0.1128463189671638,0,0,0,0,0,1
1477,2015-11-18,331.2753494084857,-0.6772399381909491,0.7357622347736527,-0.996575140802686,0.082692132238239,0.9749279121818236,-0.2225209339563143,0.1077011451900321,0,0,0,0,0,1
1478,2015-11-19,409.8595139296871,-0.6644834655228552,0.7473029667054297,-0.9931409302238696,0.116923448093473,0.4338837391175582,-0.900968867902419,0.1027398149024943,0,0,0,0,0,1
1479,2015-11-20,488.79783331608826,-0.6515303615068021,0.75862255966641,-0.9885312610933432,0.1510163760696315,-0.433883739117558,-0.9009688679024191,0.0979586452573397,0,0,0,0,0,1
1480,2015-11-23,464.72406407453286,-0.6115298757991053,0.7912213413483807,-0.9677109772087537,0.2520624220102616,0.0,1.0,0.0846579886225299,0,0,0,0,0,1
1481,2015-12-03,351.74528489195774,-0.4670649248774303,0.8842230238742036,-0.8259791204413983,0.5637007118984807,0.4338837391175582,-0.900968867902419,0.0504055333627536,0,0,0,0,0,1
1482,2015-12-04,428.5969965315133,-0.451785789832884,0.8921264484954345,-0.8061001043286311,0.5917792002101544,-0.433883739117558,-0.9009688679024191,0.0477287077631641,0,0,0,0,0,1
1483,2015-12-05,352.8433459707001,-0.4363729641045924,0.8997658785476209,-0.7852670068439961,0.6191572723971441,-0.9749279121818236,-0.2225209339563146,0.0451717245647246,0,0,0,0,0,1
1484,2015-12-07,301.7436341198034,-0.4051645224207563,0.9142437912130223,-0.7408382980859317,0.6716834195431209,0.0,1.0,0.0404014788741632,0,0,0,0,0,1
1485,2015-12-08,271.84144633559595,-0.3893781415452015,0.9210779895789526,-0.717295271600886,0.6967693257736101,0.7818314824680298,0.6234898018587336,0.0381804338005357,0,0,0,0,0,1
1486,2015-12-09,282.0277265080245,-0.3734765374130707,0.9276396261490468,-0.6929032710826029,0.7210305520038863,0.9749279121818236,-0.2225209339563143,0.0360636756174023,0,0,0,0,0,1
1487,2015-12-10,372.86803219703097,-0.3574644155648614,0.9339267592294762,-0.6676911663366994,0.7444383832097442,0.4338837391175582,-0.900968867902419,0.0340474547345993,0,0,0,0,0,1
1488,2015-12-11,321.8048531305631,-0.3413465142450361,0.9399375283564132,-0.641688797825113,0.7669651144255266,-0.433883739117558,-0.9009688679024191,0.0321280855748041,0,0,0,0,0,1
1489,2015-12-12,319.1139170046629,-0.3251276029999093,0.9456701548465688,-0.6149269413476359,0.7885840835350667,-0.9749279121818236,-0.2225209339563146,0.0303019500674343,0,0,0,0,0,1
1490,2015-12-14,307.6425486329445,-0.2924059769510773,0.956294277219772,-0.5592523247663436,0.828997489286572,0.0,1.0,0.0269152637299154,0,0,0,0,0,1
1491,2015-12-16,306.75954030059523,-0.2593382659754056,0.9657865518844574,-0.5009308193361626,0.8654873276017396,0.9749279121818236,-0.2225209339563143,0.0238599118793802,0,0,0,0,0,1
1492,2015-12-17,333.83001839239614,-0.2426868445825954,0.9701046827361176,-0.4708632887360563,0.8822061909330864,0.4338837391175582,-0.900968867902419,0.0224482367321429,0,0,0,0,0,1
1493,2015-12-18,312.34421045020576,-0.225963608248019,0.974135744004672,-0.4402384552773285,0.8978808954950716,-0.433883739117558,-0.9009688679024191,0.021109656453671,0,0,0,0,0,1
1494,2015-12-19,368.23773093609503,-0.2091735056463563,0.9778785428342386,-0.4090925658019766,0.9124928890712274,-0.9749279121818236,-0.2225209339563146,0.0198410947443702,0,0,0,0,0,1
1495,2015-12-21,353.893330674707,-0.1754125938042784,0.9844950085880858,-0.345385646087603,0.9384608438697104,0.0,1.0,0.0175021403684067,0,0,0,0,0,1
1496,2015-12-22,340.5716238053297,-0.1584517749608363,0.9873667175937016,-0.3129000178799537,0.949786070023521,0.7818314824680298,0.6234898018587336,0.0164260155188855,0,0,0,0,0,1
1497,2015-12-23,324.9118265448507,-0.141444067687942,0.989946248902378,-0.2800440484743445,0.9599871514317776,0.9749279121818236,-0.2225209339563143,0.0154084455711887,0,0,0,0,0,1
1498,2015-12-24,344.0705892723634,-0.1243945048397999,0.9922328391893008,-0.2468566254334839,0.969052014331322,0.4338837391175582,-0.900968867902419,0.0144467767640457,0,0,0,0,0,1
1499,2015-12-25,416.41777984810494,-0.1073081316563624,0.994225811815616,-0.2133770286209279,0.9769699297608416,-0.433883739117558,-0.9009688679024191,0.0135384401366523,0,0,0,0,0,1
1500,2015-12-26,419.943219784001,-0.0901900042703451,0.99592457702866,-0.179644883710313,0.9837315262594304,-0.9749279121818236,-0.2225209339563146,0.0126809511496068,0,0,0,0,0,1
1501,2015-12-28,499.81416013094616,-0.0558787569053731,0.9984375616565666,-0.1115828995860015,0.9937551290534204,0.0,1.0,0.0111089965382423,0,0,0,0,0,1
1502,2015-12-29,423.0588558425694,-0.0386957901765268,0.999251037438848,-0.0773336169568209,0.9970052716452285,0.7818314824680298,0.6234898018587336,0.0103899781147773,0,0,0,0,0,1
1503,2015-12-30,468.2647022650405,-0.0215013727408137,0.999768818762748,-0.0429928040537219,0.9990753819405211,0.9749279121818236,-0.2225209339563143,0.0097126998429016,0,0,0,0,0,1
1504,2015-12-31,478.7888932729668,-0.0043005927029819,0.9999907524084426,-0.0086011058657144,0.999963009804806,0.4338837391175582,-0.900968867902419,0.0090750878156515,0,0,0,0,0,1
1505,2016-01-04,469.5736650167565,0.0687554084811394,0.9976335468520452,0.1371854040566005,0.9905453876091832,0.0,1.0,0.0067628442633904,0,0,0,0,0,0
1506,2016-01-05,475.30343335413335,0.0859061042613327,0.9963032375991964,0.1711770596101998,0.985240282501282,0.7818314824680298,0.6234898018587336,0.0063025210714774,0,0,0,0,0,0
1507,2016-01-06,435.3246288250002,0.1030313790431787,0.9946781061893646,0.2049661139694953,0.9787690698649216,0.9749279121818236,-0.2225209339563143,0.0058706306788869,0,0,0,0,0,0
1508,2016-01-07,428.1538889759198,0.1201261651823505,0.9927586335250792,0.2385125751940764,0.9711394088771652,0.4338837391175582,-0.900968867902419,0.0054656365237319,0,0,0,0,0,0
1509,2016-01-08,418.1237533523876,0.1371854040566005,0.9905453876091832,0.2717767384711357,0.9623603298276544,-0.433883739117558,-0.9009688679024191,0.0050860692310127,0,0,0,0,0,0
1510,2016-01-09,354.31940190663414,0.1542040475626894,0.988039023376751,0.3047192331091634,0.9524422234305676,-0.9749279121818236,-0.2225209339563146,0.0047305247785057,0,0,0,0,0,0
1511,2016-01-11,388.20168421800673,0.1880994176117975,0.9821499931752292,0.3694836834473831,0.9292372181882051,0.0,1.0,0.0040862038707351,0,0,0,0,0,0
1512,2016-01-12,437.80127665233385,0.2049661139694953,0.9787690698649216,0.4012289854475009,0.9159777842484876,0.7818314824680298,0.6234898018587336,0.0037949292693038,0,0,0,0,0,0
1513,2016-01-13,422.7476791309645,0.2217721575564818,0.975098513039961,0.4324994021339788,0.901634220265486,0.9749279121818236,-0.2225209339563143,0.0035226774101574,0,0,0,0,0,0
1514,2016-01-14,448.1954003499586,0.2385125751940764,0.9711394088771652,0.4632579225674917,0.88622350294858,0.4338837391175582,-0.900968867902419,0.0032683427650369,0,0,0,0,0,0
1515,2016-01-15,427.0402946983729,0.2551824131233728,0.966892928939152,0.4934681416772373,0.8697638720650646,-0.433883739117558,-0.9009688679024191,0.0030308737915416,0,0,0,0,0,0
1516,2016-01-16,408.944513106124,0.2717767384711357,0.9623603298276544,0.5230943033491326,0.8522748088519838,-0.9749279121818236,-0.2225209339563146,0.0028092710364807,0,0,0,0,0,0
1517,2016-01-18,448.86659678736726,0.3047192331091634,0.9524422234305676,0.580454927809098,0.8142923779467267,0.0,1.0,0.0024099155339509,0,0,0,0,0,0
1518,2016-01-19,531.4155848232504,0.321057654185271,0.9470596510722284,0.6081214998935418,0.7938439653781019,0.7818314824680298,0.6234898018587336,0.0022304074712809,0,0,0,0,0,0
1519,2016-01-20,433.67284105408334,0.3373010691361842,0.9413968285264122,0.6350683134867438,0.7724559775191742,0.9749279121818236,-0.2225209339563143,0.0020632513354787,0,0,0,0,0,0
1520,2016-01-21,534.7149718582712,0.3534446712740877,0.9354554315134164,0.6612634749656386,0.7501537286959042,0.4338837391175582,-0.900968867902419,0.0019076802879754,0,0,0,0,0,0
1521,2016-01-22,589.2993518332424,0.3694836834473831,0.9292372181882051,0.6866759803451553,0.726963615332308,-0.433883739117558,-0.9009688679024191,0.0017629686236867,0,0,0,0,0,0
1522,2016-01-23,570.2007312485717,0.3854133594543256,0.9227440286201428,0.7112757519738152,0.7029130847082615,-0.9749279121818236,-0.2225209339563146,0.0016284300482412,0,0,0,0,0,0
1523,2016-01-25,598.5456152417636,0.4169258813287287,0.908940487313808,0.7579216274973472,0.6523456189565257,0.0,1.0,0.0013873139624241,0,0,0,0,0,0
1524,2016-01-26,558.2875631361592,0.4324994021339788,0.901634220265486,0.7799125224167177,0.6258885343075018,0.7818314824680298,0.6234898018587336,0.0012795459378999,0,0,0,0,0,0
1525,2016-01-27,588.5652822719503,0.4479449394078911,0.8940611451454876,0.8009803309782905,0.5986906625177214,0.9749279121818236,-0.2225209339563143,0.0011795668021961,0,0,0,0,0,0
1526,2016-01-28,623.0212640206963,0.4632579225674917,0.88622350294858,0.8211001178128892,0.5707841943569036,0.4338837391175582,-0.900968867902419,0.0010868628230603,0,0,0,0,0,0
1527,2016-01-29,598.8404218092198,0.4784338202547012,0.8781236129591848,0.8402480696078469,0.5422021592729844,-0.433883739117558,-0.9009688679024191,0.0010009501745566,0,0,0,0,0,0
1528,2016-02-01,508.5497558665422,0.5230943033491326,0.8522748088519838,0.8916401947968874,0.452744699607371,0.0,1.0,0.0007795407797602,0,0,0,0,0,0
1529,2016-02-02,515.3954910202522,0.5376773767406141,0.8431506618282,0.9066860720977984,0.4218060770826634,0.7818314824680298,0.6234898018587336,0.0007165041324157,0,0,0,0,0,0
1530,2016-02-03,638.3344175044352,0.5521013427459208,0.8337770129585915,0.9206588168102428,0.3903682146763026,0.9749279121818236,-0.2225209339563143,0.000658239732409,0,0,0,0,0,0
1531,2016-02-04,567.4372694835507,0.5663619330814524,0.8241566360566663,0.9335418911179212,0.3584683215124808,0.4338837391175582,-0.900968867902419,0.0006044147037595,0,0,0,0,0,0
1532,2016-02-05,554.7351765695903,0.580454927809098,0.8142923779467267,0.945320046913132,0.3261441535642696,-0.433883739117558,-0.9009688679024191,0.000554717008343,0,0,0,0,0,0
1533,2016-02-06,568.4759121133276,0.5943761565849831,0.804187157621448,0.9559793438440766,0.2934339689665273,-0.9749279121818236,-0.2225209339563146,0.0005088543328223,0,0,0,0,0,0
1534,2016-02-11,620.9285858354025,0.6612634749656386,0.7501537286959042,0.992098522791769,0.1254612333527364,0.4338837391175582,-0.900968867902419,0.0003280850598723,0,0,0,0,0,0
1535,2016-02-12,623.568478767707,0.6740694616546161,0.7386679638813748,0.9958270335100596,0.0912607217293118,-0.433883739117558,-0.9009688679024191,0.0003000693589348,0,0,0,0,0,0
1536,2016-02-13,745.4934897977278,0.6866759803451553,0.726963615332308,0.998376906467142,0.0569521960340397,-0.9749279121818236,-0.2225209339563146,0.0002743104674934,0,0,0,0,0,0
1537,2016-02-15,721.2118786978533,0.7112757519738152,0.7029130847082615,0.9999300657962056,-0.0118263906918325,0.0,1.0,0.0003068548257635,0,0,0,0,0,0
1538,2016-02-16,707.4864280815686,0.7232617254437388,0.6905740195722294,0.9989315138848576,-0.0462150469837083,0.7818314824680298,0.6234898018587336,0.0003354626279025,0,0,0,0,0,0
1539,2016-02-17,670.332565984999,0.7350336741329412,0.6780306024735382,0.9967506498213928,-0.0805490042187416,0.9749279121818236,-0.2225209339563143,0.0003665564497251,0,0,0,0,0,0
1540,2016-02-18,640.2692936318726,0.746588114532413,0.6652865452111116,0.9933900548258936,-0.114787625522127,0.4338837391175582,-0.900968867902419,0.0004003345935883,0,0,0,0,0,0
1541,2016-02-19,628.5565552622165,0.7579216274973472,0.6523456189565257,0.9888537064205885,-0.1488903868564548,-0.433883739117558,-0.9009688679024191,0.0004370095298997,0,0,0,0,0,0
1542,2016-02-20,794.0401190640782,0.7690308592589181,0.6392116531380588,0.98314697372215,-0.1828169249850199,-0.9749279121818236,-0.2225209339563146,0.0004768087638956,0,0,0,0,0,0
1543,2016-02-22,765.7011401504185,0.7905633969115482,0.612380204990065,0.9682507501166718,-0.2499809690726521,0.0,1.0,0.0005667708074866,0,0,0,0,0,0
1544,2016-02-23,671.4133030563618,0.8009803309782905,0.5986906625177214,0.9590788900341132,-0.2831389812281835,0.7818314824680298,0.6234898018587336,0.0006174721799374,0,0,0,0,0,0
1545,2016-02-24,699.0679411408635,0.8111602420785621,0.5848239578463322,0.9487718864399473,-0.3159618766579029,0.9749279121818236,-0.2225209339563143,0.0006723770032408,0,0,0,0,0,0
1546,2016-02-25,662.917880428097,0.8211001178128892,0.5707841943569036,0.9373419384643772,-0.3484108069446808,0.4338837391175582,-0.900968867902419,0.0007318024188804,0,0,0,0,0,0
1547,2016-02-26,704.9076971966778,0.8307970168121247,0.5565755266413303,0.9248025743285088,-0.3804473662878516,-0.433883739117558,-0.9009688679024191,0.0007960866914957,0,0,0,0,0,0
1548,2016-02-27,788.045816000028,0.8402480696078469,0.5422021592729844,0.9111686353326632,-0.4120336369594263,-0.9749279121818236,-0.2225209339563146,0.0008655903784247,0,0,0,0,0,0
1549,2016-02-29,806.2195572471431,0.8584015232918917,0.512978386299228,0.8806828564301475,-0.47370635037968,0.0,1.0,0.0010218170249252,0,0,0,0,0,0
1550,2016-03-01,907.1527388405872,0.8670985522812081,0.4981366284784055,0.8638670987837349,-0.503719798736334,0.7818314824680298,0.6234898018587336,0.0011093837286151,0,0,0,0,0,0
1551,2016-03-02,894.4139475819253,0.8755389928586302,0.4831474640149687,0.8460288880917339,-0.533137056031809,0.9749279121818236,-0.2225209339563143,0.0012038599948282,0,0,0,0,0,0
1552,2016-03-03,909.5032903338272,0.8837203473619977,0.4680153284438345,0.8271893372462497,-0.5619233046832195,0.4338837391175582,-0.900968867902419,0.0013057369899986,0,0,0,0,0,0
1553,2016-03-04,931.778221822556,0.8916401947968874,0.452744699607371,0.8073707443023492,-0.5900444739548627,-0.433883739117558,-0.9009688679024191,0.0014155361520939,0,0,0,0,0,0
1554,2016-03-05,1097.275914552974,0.8992961915530253,0.4373400963303323,0.7865965660866021,-0.6174672802835514,-0.9749279121818236,-0.2225209339563146,0.0015338106793244,0,0,0,0,0,0
1555,2016-03-07,919.8125099442384,0.9138076496466616,0.4061472386305788,0.742280907086982,-0.6700888411055113,0.0,1.0,0.0017981666618475,0,0,0,0,0,0
1556,2016-03-08,881.6384604204239,0.9206588168102428,0.3903682146763026,0.7187918772884232,-0.6952253139408722,0.7818314824680298,0.6234898018587336,0.0019455273214659,0,0,0,0,0,0
1557,2016-03-09,797.357803366822,0.9272375462179536,0.374473674486883,0.6944521021088763,-0.719538934232584,0.9749279121818236,-0.2225209339563143,0.0021039250291307,0,0,0,0,0,0
1558,2016-03-10,949.0975638341096,0.9335418911179212,0.3584683215124808,0.6692903895412567,-0.7430009249440493,0.4338837391175582,-0.900968867902419,0.0022740956104016,0,0,0,0,0,0
1559,2016-03-11,935.868091692804,0.9395699859530622,0.342356891994542,0.6433365204044917,-0.765583517007675,-0.433883739117558,-0.9009688679024191,0.0024568164604892,0,0,0,0,0,0
1560,2016-03-12,901.7012519978688,0.945320046913132,0.3261441535642696,0.6166212130956382,-0.7872599821916922,-0.9749279121818236,-0.2225209339563146,0.0026529083096449,0,0,0,0,0,0
1561,2016-03-14,822.8777482083698,0.9559793438440766,0.2934339689665273,0.5610336262283677,-0.8277930117131022,0.0,1.0,0.0030887154082367,0,0,0,0,0,0
1562,2016-03-15,894.2725562241833,0.9608854255574976,0.2769462022689364,0.5322271388474397,-0.8466016020976267,0.7818314824680298,0.6234898018587336,0.0033303050984696,0,0,0,0,0,0
1563,2016-03-16,902.6159737075614,0.9655071658143364,0.2603764827344581,0.5027907197793043,-0.8644081744776648,0.9749279121818236,-0.2225209339563143,0.0035890183886718,0,0,0,0,0,0
1564,2016-03-17,926.8695365764574,0.969843196967294,0.2437297136096838,0.4727592092862775,-0.881191653407483,0.4338837391175582,-0.900968867902419,0.0038659201394728,0,0,0,0,0,0
1565,2016-03-18,902.9138738691672,0.9738922359149924,0.2270108209414184,0.442168151967072,-0.8969321743510065,-0.433883739117558,-0.9009688679024191,0.0041621296730796,0,0,0,0,0,0
1566,2016-03-19,941.8146909107944,0.977653084481664,0.2102247521189836,0.4110537546870351,-0.911611107193024,-0.9749279121818236,-0.2225209339563146,0.004478822680028,0,0,0,0,0,0
1567,2016-03-21,946.4830037558168,0.984305844499033,0.1764709734915216,0.3474028211842774,-0.9377159910299092,0.0,1.0,0.0051786551677508,0,0,0,0,0,0
1568,2016-03-22,938.1781827196476,0.9871957872910084,0.1595132519726365,0.3149416207289519,-0.9491110448902284,0.7818314824680298,0.6234898018587336,0.0055644450277938,0,0,0,0,0,0
1569,2016-03-23,905.2809740189716,0.9897936029670716,0.1425083279161708,0.2821076626819194,-0.9593827529490744,0.9749279121818236,-0.2225209339563143,0.0059760228950059,0,0,0,0,0,0
1570,2016-03-24,904.5484922075044,0.992098522791769,0.1254612333527364,0.2489398085537665,-0.9685189578512204,0.4338837391175582,-0.900968867902419,0.0064148747704495,0,0,0,0,0,0
1571,2016-03-25,958.3380450486428,0.9941098647022418,0.108377012791876,0.2154773150467301,-0.976508846196619,-0.433883739117558,-0.9009688679024191,0.0068825542952156,0,0,0,0,0,0
1572,2016-03-26,1016.5938553044388,0.9958270335100596,0.0912607217293118,0.1817597875913753,-0.9833429613388902,-0.9749279121818236,-0.2225209339563146,0.0073806845376742,0,0,0,0,0,0
1573,2016-03-28,1099.0639737316358,0.998376906467142,0.0569521960340397,0.1137195145859496,-0.9935128947338008,0.0,1.0,0.0084751469727328,0,0,0,0,0,0
1574,2016-03-29,1037.1621786030062,0.9992088560679752,0.0397701138460557,0.0794772999236209,-0.9968366760893436,0.7818314824680298,0.6234898018587336,0.0090750878156515,0,0,0,0,0,0
1575,2016-03-30,1157.3548677674387,0.9997451236925734,0.0225762630415454,0.0451410177739719,-0.998980624694158,0.9749279121818236,-0.2225209339563143,0.0097126998429016,0,0,0,0,0,0
1576,2016-03-31,1067.7039861853646,0.9999855506507186,0.0053757315575838,0.0107513077635219,-0.9999422030204416,0.4338837391175582,-0.900968867902419,0.0103899781147773,0,0,0,0,0,0
1577,2016-04-01,1026.2311448418166,0.9999300657962056,-0.0118263906918325,-0.0236511272452315,-0.9997202729664084,-0.433883739117558,-0.9009688679024191,0.0111089965382423,0,0,0,0,0,0
1578,2016-04-02,1119.0871405229905,0.9995786855478958,-0.0290250133219752,-0.0580255693287803,-0.9983150972033183,-0.9749279121818236,-0.2225209339563146,0.0118719091278277,0,0,0,0,0,0
1579,2016-04-04,1178.2652215964767,0.9979887423155984,-0.0633914048695103,-0.1265278168386831,-0.9919630595773395,0.0,1.0,0.0135384401366523,0,0,0,0,0,0
1580,2016-04-05,1139.3746856745506,0.9967506498213928,-0.0805490042187416,-0.1605745445949937,-0.9870237158387384,0.7818314824680298,0.6234898018587336,0.0144467767640457,0,0,0,0,0,0
1581,2016-04-06,1200.01163015037,0.9952176027737294,-0.0976827678217159,-0.1944312200476619,-0.9809161537413774,0.9749279121818236,-0.2225209339563143,0.0154084455711887,0,0,0,0,0,0
1582,2016-04-07,1145.7923161251829,0.9933900548258936,-0.114787625522127,-0.2280577712215198,-0.9736476020539838,0.4338837391175582,-0.900968867902419,0.0164260155188855,0,0,0,0,0,0
1583,2016-04-08,1101.8509678015891,0.9912685467787256,-0.1318585157173911,-0.2614143985111562,-0.965226663665613,-0.433883739117558,-0.9009688679024191,0.0175021403684067,0,0,0,0,0,0
1584,2016-04-09,1212.967673574761,0.9888537064205885,-0.1488903868564548,-0.2944616217868012,-0.9556633054034704,-0.9749279121818236,-0.2225209339563146,0.0186395588695301,0,0,0,0,0,0
1585,2016-04-11,1148.5062196983754,0.98314697372215,-0.1828169249850199,-0.3594718130884232,-0.9331559438780432,0.0,1.0,0.021109656453671,1,0,0,0,0,0
1586,2016-04-12,1209.8489485852692,0.9798567700958664,-0.1997015525660636,-0.3913578365610259,-0.9202385798054076,0.7818314824680298,0.6234898018587336,0.0224482367321429,1,0,0,0,0,0
1587,2016-04-13,1217.264851650608,0.976276611086932,-0.2165270852448143,-0.4227806579826773,-0.9062320427107696,0.9749279121818236,-0.2225209339563143,0.0238599118793802,1,0,0,0,0,0
1588,2016-04-14,1423.442782151417,0.9724075561219968,-0.2332885440754551,-0.4537030860313442,-0.8911529104063088,0.4338837391175582,-0.900968867902419,0.0253478407929008,1,0,0,0,0,0
1589,2016-04-15,1402.7902349634785,0.9682507501166718,-0.2499809690726521,-0.4840885216389758,-0.8750190302029955,-0.433883739117558,-0.9009688679024191,0.0269152637299154,1,0,0,0,0,0
1590,2016-04-16,1435.9495318038355,0.9638074231367308,-0.2665994206792935,-0.5139010013093103,-0.8578494977869301,-0.9749279121818236,-0.2225209339563146,0.0285655007845503,1,0,0,0,0,0
1591,2016-04-18,1300.4707390663489,0.9540665500578388,-0.2995947563972602,-0.5716666713027052,-0.8204859638785327,0.0,1.0,0.0321280855748041,1,0,0,0,0,0
1592,2016-04-19,1347.1767542851892,0.9487718864399473,-0.3159618766579029,-0.5995514915196489,-0.8003361849976323,0.7818314824680298,0.6234898018587336,0.0340474547345993,1,0,0,0,0,0
1593,2016-04-20,1501.7846609897476,0.9431964659565866,-0.3322354987159043,-0.6267266965083301,-0.7792391467859886,0.9749279121818236,-0.2225209339563143,0.0360636756174023,1,0,0,0,0,0
1594,2016-04-21,1377.5480345660592,0.9373419384643772,-0.3484108069446808,-0.65316012232693,-0.7572198192083127,0.4338837391175582,-0.900968867902419,0.0381804338005357,1,0,0,0,0,0
1595,2016-04-22,1444.835401956844,0.9312100364121948,-0.3644830148102912,-0.6788204829862355,-0.734304263829602,-0.433883739117558,-0.9009688679024191,0.0404014788741632,1,0,0,0,0,0
1596,2016-04-23,1347.1419220489613,0.9248025743285088,-0.3804473662878516,-0.7036774074790128,-0.7105196029692745,-0.9749279121818236,-0.2225209339563146,0.0427306205788496,1,0,0,0,0,0
1597,2016-04-25,1429.863315544118,0.9111686353326632,-0.4120336369594263,-0.7508642533989489,-0.6604565640279754,0.0,1.0,0.0477287077631641,1,0,0,0,0,0
1598,2016-04-26,1324.94107745905,0.9039461929224012,-0.4276462092677746,-0.7731383255706026,-0.6342374393978054,0.7818314824680298,0.6234898018587336,0.0504055333627536,1,0,0,0,0,0
1599,2016-04-27,1247.9504439495745,0.8964562582905575,-0.4431322341826345,-0.7944973291665992,-0.6072676460566135,0.9749279121818236,-0.2225209339563143,0.0532062053822325,1,0,0,0,0,0
1600,2016-04-28,1203.577556650823,0.8887010478292915,-0.4584871291400876,-0.8149159841660791,-0.5795791048257612,0.4338837391175582,-0.900968867902419,0.0561347628341337,1,0,0,0,0,0
1601,2016-04-29,1176.6727684151545,0.8806828564301475,-0.47370635037968,-0.8343701235229537,-0.5512045872199277,-0.433883739117558,-0.9009688679024191,0.0591952734739325,1,0,0,0,0,0
1602,2016-04-30,1137.5535531590797,0.8724040568049612,-0.4887853942889926,-0.8528367217694595,-0.522177676659508,-0.9749279121818236,-0.2225209339563146,0.0623918271307013,1,0,0,0,0,0
1603,2016-05-02,1135.8167123569324,0.8550745085896932,-0.518505144391157,-0.886721063082993,-0.4623048304798108,0.0,1.0,0.0692094902133194,1,0,0,0,0,0
1604,2016-05-03,1014.291722023132,0.8460288880917339,-0.533137056031809,-0.9020987014301836,-0.4315297589714714,0.7818314824680298,0.6234898018587336,0.0728388237369676,1,0,0,0,0,0
1605,2016-05-04,1064.2017016146226,0.8367329140344921,-0.5476112038402312,-0.9164086366943458,-0.4002439388573056,0.9749279121818236,-0.2225209339563143,0.0766206321804935,1,0,0,0,0,0
1606,2016-05-05,940.97727131819,0.8271893372462497,-0.5619233046832195,-0.9296339319682696,-0.3684843993077793,0.4338837391175582,-0.900968867902419,0.080559000939185,1,0,0,0,0,0
1607,2016-05-06,871.692308681209,0.8174009818249189,-0.5760691233798758,-0.9417589340994617,-0.3362887301766828,-0.433883739117558,-0.9009688679024191,0.0846579886225299,1,0,0,0,0,0
1608,2016-05-07,1070.240096651239,0.8073707443023492,-0.5900444739548627,-0.9527692922168512,-0.3036950375106588,-0.9749279121818236,-0.2225209339563146,0.0889216174593863,1,0,0,0,0,0
1609,2016-05-09,941.6303509760572,0.7865965660866021,-0.6174672802835514,-0.97139528468375,-0.2374683155584684,0.0,1.0,0.0979586452573397,1,0,0,0,0,0
1610,2016-05-10,898.1344018993007,0.7758587728069828,-0.6309066211876704,-0.978988873740932,-0.2039136706831147,0.7818314824680298,0.6234898018587336,0.1027398149024943,1,0,0,0,0,0
1611,2016-05-11,900.7348462324472,0.7648913904341226,-0.6441592666722685,-0.9854237542919524,-0.1701176783204905,0.9749279121818236,-0.2225209339563143,0.1077011451900321,1,0,0,0,0,0
1612,2016-05-12,836.3378237775324,0.753697664392914,-0.6572212950663319,-0.9906923101615608,-0.136120338622667,0.4338837391175582,-0.900968867902419,0.1128463189671638,1,0,0,0,0,0
1613,2016-05-13,897.4336063034361,0.742280907086982,-0.6700888411055113,-0.994788305609327,-0.1019618900517457,-0.433883739117558,-0.9009688679024191,0.1181789171817805,1,0,0,0,0,0
1614,2016-05-14,1325.7515956295977,0.7306444969184916,-0.6827580970759147,-0.9977068927101168,-0.0676827617545516,-0.9749279121818236,-0.2225209339563146,0.1237024067768548,1,0,0,0,0,0
1615,2016-05-16,1123.847660378506,0.7067265555776158,-0.7074868024503348,-0.9999994220246924,0.0010751512827982,0.0,1.0,0.1353352832366127,1,0,0,0,0,0
1616,2016-05-17,1150.0959458356074,0.6944521021088763,-0.719538934232584,-0.9993706508539968,0.0354725557531255,0.7818314824680298,0.6234898018587336,0.1414509211393686,1,0,0,0,0,0
1617,2016-05-18,1054.6926871167595,0.6819721490904629,-0.7313781428679254,-0.9975590477788612,0.0698279757298708,0.9749279121818236,-0.2225209339563143,0.1477699265043177,1,0,0,0,0,0
1618,2016-05-19,959.8416876977964,0.6692903895412567,-0.7430009249440493,-0.9945667569706336,0.1041007489354256,0.4338837391175582,-0.900968867902419,0.1542950055015683,1,0,0,0,0,0
1619,2016-05-20,933.2302410066344,0.6564105761979381,-0.7544038410927472,-0.9903973200352558,0.1382503109109819,-0.433883739117558,-0.9009688679024191,0.1610286725459804,1,0,0,0,0,0
1620,2016-05-21,780.8065011449025,0.6433365204044917,-0.765583517007675,-0.9850556718215012,0.172236243027682,-0.9749279121818236,-0.2225209339563146,0.1679732367575336,0,1,0,0,0,0
1621,2016-05-23,842.300927400034,0.6166212130956382,-0.7872599821916922,-0.9708824104813836,0.239556559120927,0.0,1.0,0.1825031849518363,0,1,0,0,0,0
1622,2016-05-24,846.9379187237206,0.6029878670694714,-0.7977503570459932,-0.9620675724981452,0.2728112643340191,0.7818314824680298,0.6234898018587336,0.1900920380007587,0,1,0,0,0,0
1623,2016-05-25,701.4118545197588,0.5891760872322963,-0.8080046647350754,-0.9521140536681102,0.3057430764672831,0.9749279121818236,-0.2225209339563143,0.1978986990836146,0,1,0,0,0,0
1624,2016-05-26,2148.07843044669,0.5751899607119775,-0.8180198708443175,-0.9410336347451196,0.3383130181923076,0.4338837391175582,-0.900968867902419,0.2059242464341987,0,1,0,0,0,0
1625,2016-05-27,660.3441591653028,0.5610336262283677,-0.8277930117131022,-0.9288394302558068,0.3704825404820963,-0.433883739117558,-0.9009688679024191,0.2141694715316088,0,1,0,0,0,0
1626,2016-05-28,540.2438387358283,0.5467112728685939,-0.8373211953118121,-0.9155458729775467,0.4022135682368036,-0.9749279121818236,-0.2225209339563146,0.2226348658788909,0,1,0,0,0,0
1627,2016-05-30,630.1604326676467,0.5175855102531889,-0.8556314858488706,-0.8857249183835637,0.4642104791518923,0.0,1.0,0.2402265507324824,0,1,0,0,0,0
1628,2016-05-31,493.5358617116042,0.5027907197793043,-0.8644081744776648,-0.8692328164574792,0.4944029842076181,0.7818314824680298,0.6234898018587336,0.2493522087772961,0,1,0,0,0,0
1629,2016-06-01,494.63505948472255,0.4878471454423119,-0.8729290708206411,-0.8517119107469189,0.5240103253675756,0.9749279121818236,-0.2225209339563143,0.258696746701885,0,1,0,0,0,0
1630,2016-06-02,516.3767529255447,0.4727592092862775,-0.881191653407483,-0.8331829385891785,0.5529974600700271,0.4338837391175582,-0.900968867902419,0.2682589673008851,0,1,0,0,0,0
1631,2016-06-03,521.5628905079797,0.4575313760742512,-0.8891934772070711,-0.8136678304455991,0.5813300798152042,-0.433883739117558,-0.9009688679024191,0.2780373004531941,0,1,0,0,0,0
1632,2016-06-04,614.9844411380303,0.442168151967072,-0.8969321743510065,-0.7931896839451843,0.6089746507720486,-0.9749279121818236,-0.2225209339563146,0.2880297924974456,0,1,0,0,0,0
1633,2016-06-06,506.2484110693442,0.4110537546870351,-0.911611107193024,-0.7494423368521953,0.6620696215153815,0.0,1.0,0.3086474612366189,0,1,0,0,0,0
1634,2016-06-07,506.58055541706136,0.3953117887649151,-0.9185469991587164,-0.7262249146041543,0.6874571793269664,0.7818314824680298,0.6234898018587336,0.3192667256288431,0,1,0,0,0,0
1635,2016-06-08,446.045521826313,0.3794528437245443,-0.925211078289358,-0.7021479494046978,0.7120310787787131,0.9749279121818236,-0.2225209339563143,0.3300883075351398,0,1,0,0,0,0
1636,2016-06-09,457.62488417255713,0.3634816124829063,-0.9316013725767188,-0.6772399381909491,0.7357622347736527,0.4338837391175582,-0.900968867902419,0.3411081980965921,0,1,0,0,0,0
1637,2016-06-10,434.2357654109387,0.3474028211842774,-0.9377159910299092,-0.6515303615068021,0.75862255966641,-0.433883739117558,-0.9009688679024191,0.3523219549954969,0,1,0,0,0,0
1638,2016-06-11,1225.7425591223812,0.3312212278016865,-0.9435531242349544,-0.6250496486104377,0.7805849965070866,-0.9749279121818236,-0.2225209339563146,0.3637246969042016,0,1,0,0,0,0
1639,2016-06-13,462.6242165498091,0.2985688173637202,-0.9543881083175908,-0.5699010576127624,0.821713322596059,0.0,1.0,0.3870753885499897,0,1,0,0,0,0
1640,2016-06-14,438.9798471626626,0.2821076626819194,-0.9593827529490744,-0.5412984521036173,0.8408305333122887,0.7818314824680298,0.6234898018587336,0.39901134372866,0,1,0,0,0,0
1641,2016-06-15,373.9604139573276,0.2655630278040559,-0.9640935007889756,-0.5120551783114646,0.8589525565270845,0.9749279121818236,-0.2225209339563143,0.4111122905071874,0,1,0,0,0,0
1642,2016-06-16,387.7517536884536,0.2489398085537665,-0.9685189578512204,-0.4822058478963526,0.8760579434344281,0.4338837391175582,-0.900968867902419,0.4233711028530494,0,1,0,0,0,0
1643,2016-06-17,535.0477597401724,0.2322429240090701,-0.9726578145718654,-0.451785789832884,0.8921264484954345,-0.433883739117558,-0.9009688679024191,0.4357802031543156,0,1,0,0,0,0
1644,2016-06-18,443.6088179752216,0.2154773150467301,-0.976508846196619,-0.4208310085956556,0.9071390534005044,-0.9749279121818236,-0.2225209339563146,0.448331563940943,0,1,0,0,0,0
1645,2016-06-20,508.5977322970506,0.1817597875913753,-0.9833429613388902,-0.3574644155648614,0.9339267592294762,0.0,1.0,0.473826726395364,0,1,0,0,0,0
1646,2016-06-21,545.1929379174983,0.1648178466571979,-0.9863240225317866,-0.3251276029999093,0.9456701548465688,0.7818314824680298,0.6234898018587336,0.4867522559599717,0,1,0,0,0,0
1647,2016-06-22,882.3865121740479,0.1478271334705304,-0.9890132145779884,-0.2924059769510773,0.956294277219772,0.9749279121818236,-0.2225209339563143,0.4997835137030315,0,1,0,0,0,0
1648,2016-06-23,623.0648973700154,0.1307926758567592,-0.9914097417023038,-0.2593382659754056,0.9657865518844574,0.4338837391175582,-0.900968867902419,0.5129102907232946,0,1,0,0,0,0
1649,2016-06-24,768.5776859351648,0.1137195145859496,-0.9935128947338008,-0.225963608248019,0.974135744004672,-0.433883739117558,-0.9009688679024191,0.5261219640934566,0,1,0,0,0,0
1650,2016-06-25,418.85562829102594,0.0966127018812031,-0.9953220513156602,-0.1923215052390948,0.9813319716704276,-0.9749279121818236,-0.2225209339563146,0.5394075072376265,0,1,0,0,0,0
1651,2016-06-27,572.1912721315138,0.062318379354325,-0.998056320853012,-0.1243945048397999,0.9922328391893008,0.0,1.0,0.5661541495171976,0,1,0,0,0,0
1652,2016-06-28,410.9844451040363,0.0451410177739719,-0.998980624694158,-0.0901900042703451,0.99592457702866,0.7818314824680298,0.6234898018587336,0.5795912885442627,0,1,0,0,0,0
1653,2016-06-29,702.2550439216825,0.0279502982402103,-0.999609314096404,-0.0558787569053731,0.9984375616565666,0.9749279121818236,-0.2225209339563143,0.5930544067956073,0,1,0,0,0,0
1654,2016-06-30,406.4662132503584,0.0107513077635219,-0.9999422030204416,-0.0215013727408137,0.999768818762748,0.4338837391175582,-0.900968867902419,0.6065306597126334,0,1,0,0,0,0
1655,2016-07-01,448.3405285070726,-0.0064508641981051,-0.9999791929590824,0.0129014599494196,0.9999167727021951,-0.433883739117558,-0.9009688679024191,0.6200068879809458,0,0,1,0,0,0
1656,2016-07-02,527.6312869566462,-0.0236511272452315,-0.9997202729664084,0.0472890227711323,0.9988812483600598,-0.9749279121818236,-0.2225209339563146,0.6334696366573507,0,0,1,0,0,0
1657,2016-07-04,468.9281055644601,-0.0580255693287803,-0.9983150972033183,0.1158556037694784,0.9932660666081418,0.0,1.0,0.6602995202173131,0,0,1,0,0,0
1658,2016-07-05,718.3665712719052,-0.0751895764147585,-0.9971692572470178,0.1499534681324453,0.9886930551971383,0.7818314824680298,0.6234898018587336,0.6736384553447267,0,0,1,0,0,0
1659,2016-07-06,489.3495770192072,-0.0923313336953912,-0.9957283388645872,0.1838738510513275,0.9829498496360606,0.9749279121818236,-0.2225209339563143,0.6869075574573877,0,0,1,0,0,0
1660,2016-07-07,564.9343202744178,-0.1094457686489155,-0.993992768446958,0.2175766051482817,0.976043247449696,0.4338837391175582,-0.900968867902419,0.7000922199176512,0,0,1,0,0,0
1661,2016-07-08,597.0056683559831,-0.1265278168386831,-0.9919630595773395,0.2510218406258827,0.9679814231320734,-0.433883739117558,-0.9009688679024191,0.71317767835549,0,0,1,0,0,0
1662,2016-07-09,540.7698802073401,-0.1435724234118113,-0.9896398128792412,0.2841699724797683,0.9587739184713192,-0.9749279121818236,-0.2225209339563146,0.7261490370736908,0,0,1,0,0,0
1663,2016-07-11,883.4855830657136,-0.1775291491870349,-0.984115542601034,0.3494183899593976,0.936966802377855,0.0,1.0,0.751689380082437,0,0,0,1,0,0
1664,2016-07-12,566.0864213057027,-0.1944312200476619,-0.9809161537413774,0.3814414490727919,0.9243930013415552,0.7818314824680298,0.6234898018587336,0.7642281651714905,0,0,0,1,0,0
1665,2016-07-13,580.3354724321748,-0.2112757555821793,-0.9774264960104057,0.4130130429412807,0.9107251102063584,0.9749279121818236,-0.2225209339563143,0.7765925101265281,0,0,0,1,0,0
1666,2016-07-14,672.9428655857602,-0.2280577712215198,-0.9736476020539838,0.4440958041592176,0.8959793059709459,0.4338837391175582,-0.900968867902419,0.7887672852587113,0,0,0,1,0,0
1667,2016-07-15,712.2442711549132,-0.2447723008972595,-0.9695805901076308,0.4746529438919349,0.8801730414269229,-0.433883739117558,-0.9009688679024191,0.8007374029168081,0,0,0,1,0,0
1668,2016-07-16,719.8047875174609,-0.2614143985111562,-0.965226663665613,0.5046482954181526,0.8633250245021008,-0.9749279121818236,-0.2225209339563146,0.8124878481707274,0,0,0,1,0,0
1669,2016-07-18,668.5256094195566,-0.2944616217868012,-0.9556633054034704,0.5628123335824821,0.8265847065893737,0.0,1.0,0.835270211411272,0,0,0,1,0,0
1670,2016-07-19,458.7913647805189,-0.3108569682435036,-0.9504567035349152,0.5909121786151564,0.8067358905889147,0.7818314824680298,0.6234898018587336,0.8462727428586204,0,0,0,1,0,0
1671,2016-07-20,565.3545667617508,-0.3271603271220951,-0.9449688462364056,0.6183126337097825,0.7859322407147274,0.9749279121818236,-0.2225209339563143,0.8569968914352789,0,0,0,1,0,0
1672,2016-07-21,486.29993216676667,-0.343366873996388,-0.939201357453208,0.6449812683237445,0.7641983796838971,0.4338837391175582,-0.900968867902419,0.8674284731834108,0,0,0,1,0,0
1673,2016-07-23,1601.8469076027436,-0.3754703786876202,-0.9268343944460494,0.6959977221267386,0.7180439894563502,-0.9749279121818236,-0.2225209339563146,0.8873585302803527,0,0,0,1,0,0
1674,2016-07-25,682.3298863281634,-0.4071294853542516,-0.9133704517637858,0.7437200839287408,0.6684911643103645,0.0,1.0,0.9059551911095096,0,0,0,1,0,0
1675,2016-07-26,581.9055524314463,-0.4227806579826773,-0.9062320427107696,0.7662747586044899,0.6425130304714689,0.7818314824680298,0.6234898018587336,0.914721343722234,0,0,0,1,0,0
1676,2016-07-27,620.8975556896058,-0.4383067230125192,-0.898825465016444,0.7879224882631226,0.6157744331240536,0.9749279121818236,-0.2225209339563143,0.9231163463866358,0,0,0,1,0,0
1677,2016-07-28,765.5658616420823,-0.4537030860313442,-0.8911529104063088,0.8086376511543126,0.5883070194512693,0.4338837391175582,-0.900968867902419,0.9311284654622024,0,0,0,1,0,0
1678,2016-07-29,623.8509545341483,-0.4689651910076318,-0.8832166493127127,0.8283957292921138,0.5601432992463508,-0.433883739117558,-0.9009688679024191,0.938746432156527,0,0,0,1,0,0
1679,2016-07-30,738.1054903286349,-0.4840885216389758,-0.8750190302029955,0.847173337473877,0.5313166064347815,-0.9749279121818236,-0.2225209339563146,0.9459594689067654,0,0,0,1,0,0
1680,2016-08-01,739.6975859277865,-0.5139010013093103,-0.8578494977869301,0.8816994317707848,0.4718115217065765,0.0,1.0,0.9591302497107984,0,0,0,1,0,0
1681,2016-08-02,904.7372933684956,-0.5285813283559292,-0.8488826652214553,0.8974070536021568,0.4412035586269627,0.7818314824680298,0.6234898018587336,0.9650691177896804,0,0,0,1,0,0
1682,2016-08-03,785.4219005021682,-0.5431052396834317,-0.8396646346181327,0.912052525275964,0.4100733972568043,0.9749279121818236,-0.2225209339563143,0.9705653490349352,0,0,0,1,0,0
1683,2016-08-04,863.3700078892522,-0.5574684374327892,-0.8301981337405212,0.9256185127518922,0.3784578825324888,0.4338837391175582,-0.900968867902419,0.975610980064846,0,0,0,1,0,0
1684,2016-08-05,1043.1507816452122,-0.5716666713027052,-0.8204859638785327,0.9380889596420648,0.3463944338433696,-0.433883739117558,-0.9009688679024191,0.9801986733067553,0,0,0,1,0,0
1685,2016-08-08,787.7380292621818,-0.6132298262997502,-0.7899045386224707,0.968786046025684,0.2478983602727564,0.0,1.0,0.9911505004882848,0,0,0,1,0,0
1686,2016-08-09,888.9280532655517,-0.6267266965083301,-0.7792391467859886,0.9767399525103048,0.214427295767511,0.7818314824680298,0.6234898018587336,0.9938461733264412,0,0,0,1,0,0
1687,2016-08-10,1033.295111726425,-0.6400381082043503,-0.7683431655492202,0.9835378122597296,0.1807024400923929,0.9749279121818236,-0.2225209339563143,0.9960571761381908,0,0,0,1,0,0
1688,2016-08-11,1005.0251828501968,-0.65316012232693,-0.7572198192083127,0.9891715794849548,0.1467637092037396,0.4338837391175582,-0.900968867902419,0.9977802450856064,0,0,0,1,0,0
1689,2016-08-12,1042.9176811173404,-0.666088855860977,-0.7458723993404063,0.993634586189866,0.112651272195629,-0.433883739117558,-0.9009688679024191,0.9990128332490112,0,0,0,1,0,0
1690,2016-08-13,1011.6195719006143,-0.6788204829862355,-0.734304263829602,0.9969215500633252,0.0784055037566676,-0.9749279121818236,-0.2225209339563146,0.9997531169004024,0,0,0,1,0,0
1691,2016-08-15,1197.3275831826363,-0.7036774074790128,-0.7105196029692745,0.999953184360873,0.0096762124072308,0.0,1.0,0.9997531169004024,0,0,0,1,0,0
1692,2016-08-16,1266.2288659161638,-0.7157953492826642,-0.6983101158835584,0.9996942666129788,-0.0247259641093823,0.7818314824680298,0.6234898018587336,0.9990128332490112,0,0,0,1,0,0
1693,2016-08-17,1200.7823619925052,-0.7277014757264236,-0.6858939875998223,0.998252133936544,-0.0590988755488295,0.9749279121818236,-0.2225209339563143,0.9977802450856064,0,0,0,1,0,0
1694,2016-08-18,1245.8253489605945,-0.7393922635959241,-0.673274892250183,0.9956284932063294,-0.093401838931009,0.4338837391175582,-0.900968867902419,0.9960571761381908,0,0,0,1,0,0
1695,2016-08-19,1289.5616650161626,-0.7508642533989489,-0.6604565640279754,0.9918264497026016,-0.1275942540647218,-0.433883739117558,-0.9009688679024191,0.9938461733264412,0,0,0,1,0,0
1696,2016-08-20,1557.0045749338728,-0.7621140503891487,-0.6474427960827475,0.9868505034357966,-0.1616356516011078,-0.9749279121818236,-0.2225209339563146,0.9911505004882848,0,0,0,1,0,0
1697,2016-08-22,1659.9688364054082,-0.7839338166829201,-0.620844401650647,0.973401842704431,-0.2291044578781002,0.0,1.0,0.9843217347761178,0,0,0,1,0,0
1698,2016-08-23,1591.4430468181108,-0.7944973291665992,-0.6072676460566135,0.9649450457625344,-0.2624520121057191,0.7818314824680298,0.6234898018587336,0.9801986733067553,0,0,0,1,0,0
1699,2016-08-24,1450.3491287957493,-0.8048257371083452,-0.593511190196115,0.9553461622632788,-0.2954889342239821,0.9749279121818236,-0.2225209339563143,0.975610980064846,0,0,0,1,0,0
1700,2016-08-25,1477.721295569323,-0.8149159841660791,-0.5795791048257612,0.9446165532223606,-0.3281761224987386,0.4338837391175582,-0.900968867902419,0.9705653490349352,0,0,0,1,0,0
1701,2016-08-26,1435.925463200552,-0.8247650844733614,-0.5654755126737576,0.9327689179559782,-0.3604748891327019,-0.433883739117558,-0.9009688679024191,0.9650691177896804,0,0,0,1,0,0
1702,2016-08-27,2006.5356874829813,-0.8343701235229537,-0.5512045872199277,0.9198172790502196,-0.3923470060554182,-0.9749279121818236,-0.2225209339563146,0.9591302497107984,0,0,0,1,0,0
1703,2016-08-29,1825.776284125407,-0.8528367217694595,-0.522177676659508,0.8906645958869751,-0.4546609479969567,0.0,1.0,0.9459594689067654,0,0,0,1,0,0
1704,2016-08-30,1946.8513547737823,-0.8616928164028521,-0.5074302810827518,0.8744980560685747,-0.4850290196805589,0.7818314824680298,0.6234898018587336,0.938746432156527,0,0,0,1,0,0
1705,2016-08-31,1884.16242407608,-0.8702939222685674,-0.4925327287220543,0.8572964806503138,-0.5148230222752145,0.9749279121818236,-0.2225209339563143,0.9311284654622024,0,0,0,1,0,0
1706,2016-09-01,1833.5983946041524,-0.8786374941610001,-0.4774894280028391,0.8390802290175676,-0.5440076922910431,0.4338837391175582,-0.900968867902419,0.9231163463866358,0,0,0,1,0,0
1707,2016-09-02,1790.3781984249813,-0.886721063082993,-0.4623048304798108,0.8198708615029215,-0.5725484874300667,-0.433883739117558,-0.9009688679024191,0.914721343722234,0,0,0,1,0,0
1708,2016-09-03,1647.4820779721458,-0.8945422369764496,-0.4469834295196741,0.7996911138678691,-0.600411627469661,-0.9749279121818236,-0.2225209339563146,0.9059551911095096,0,0,0,1,0,0
1709,2016-09-05,1633.687138636342,-0.9093882203647924,-0.4159483918249421,0.756517135610563,-0.6539738706764888,0.0,1.0,0.8873585302803527,0,0,0,1,0,0
1710,2016-09-06,1592.3245136240698,-0.9164086366943458,-0.4002439388573056,0.733574004706797,-0.6796095788159788,0.7818314824680298,0.6234898018587336,0.8775535639640376,0,0,0,1,0,0
1711,2016-09-07,1472.653701683657,-0.923157872964704,-0.3844210472688554,0.709762632639161,-0.7044409168334328,0.9749279121818236,-0.2225209339563143,0.8674284731834108,0,0,0,1,0,0
1712,2016-09-08,1582.6945552265022,-0.9296339319682696,-0.3684843993077793,0.6851112019949135,-0.72843849493357,0.4338837391175582,-0.900968867902419,0.8569968914352789,0,0,0,1,0,0
1713,2016-09-09,1687.567671194259,-0.935834897334994,-0.3524387108846032,0.6596488896351408,-0.7515739101399981,-0.433883739117558,-0.9009688679024191,0.8462727428586204,0,0,0,1,0,0
1714,2016-09-10,1484.145500551617,-0.9417589340994617,-0.3362887301766828,0.6334058321617086,-0.7738197799123084,-0.9749279121818236,-0.2225209339563146,0.835270211411272,0,0,0,1,0,0
1715,2016-09-12,1379.110890244049,-0.9527692922168512,-0.3036950375106588,0.578702611877601,-0.8155386483827991,0.0,1.0,0.8124878481707274,0,0,0,1,0,0
1716,2016-09-13,1985.400322565492,-0.9578523554276668,-0.2872609705505963,0.5503071945286527,-0.8349622695966589,0.7818314824680298,0.6234898018587336,0.8007374029168081,0,0,0,1,0,0
1717,2016-09-14,1223.4594401390716,-0.9626519747161488,-0.2707418984477642,0.5212604463582784,-0.8533976488498011,0.9749279121818236,-0.2225209339563143,0.7887672852587113,0,0,0,1,0,0
1718,2016-09-19,1275.1776704392328,-0.9823516608469236,-0.1870433490699165,0.3674846892184069,-0.9300295711374188,0.0,1.0,0.7261490370736908,0,0,0,1,0,0
1719,2016-09-20,1365.0604521622497,-0.9854237542919524,-0.1701176783204905,0.3352760024840169,-0.9421199510456922,0.7818314824680298,0.6234898018587336,0.71317767835549,0,0,0,1,0,0
1720,2016-09-21,1295.6277578219415,-0.9882042449941422,-0.15314166701312,0.3026704908556892,-0.9530952596488852,0.9749279121818236,-0.2225209339563143,0.7000922199176512,0,0,0,1,0,0
1721,2016-09-22,1358.03444775404,-0.9906923101615608,-0.136120338622667,0.2697067454601279,-0.962942506826501,0.4338837391175582,-0.900968867902419,0.6869075574573877,0,0,0,1,0,0
1722,2016-09-23,1332.7571273373428,-0.9928872135356962,-0.1190587300340498,0.2364237814212129,-0.9716500376053584,-0.433883739117558,-0.9009688679024191,0.6736384553447267,0,0,0,1,0,0
1723,2016-09-24,1433.4975190094167,-0.994788305609327,-0.1019618900517457,0.2028609916826013,-0.9792075459541514,-0.9749279121818236,-0.2225209339563146,0.6602995202173131,0,0,0,1,0,0
1724,2016-09-26,1385.67088678394,-0.9977068927101168,-0.0676827617545516,0.1350551158403456,-0.9908380875225532,0.0,1.0,0.6334696366573507,0,0,0,1,0,0
1725,2016-09-27,1567.5366357399346,-0.9987235240803972,-0.0505106171852228,0.1008922831974033,-0.9948973551031356,0.7818314824680298,0.6234898018587336,0.6200068879809458,0,0,0,1,0,0
1726,2016-09-28,1628.7537578714152,-0.9994446170919858,-0.0333235257116313,0.0666100367900326,-0.9977790852682924,0.9749279121818236,-0.2225209339563143,0.6065306597126334,0,0,0,1,0,0
1727,2016-09-29,1424.1975944829694,-0.9998699583618592,-0.0161265732706577,0.0322489522893041,-0.9994798672690922,0.4338837391175582,-0.900968867902419,0.5930544067956073,0,0,0,1,0,0
1728,2016-09-30,1445.47716101488,-0.9999994220246924,0.0010751512827982,-0.0021503013227746,-0.9999976880994382,-0.433883739117558,-0.9009688679024191,0.5795912885442627,0,0,0,1,0,0
1729,2016-10-01,1032.6724046570075,-0.999832969770105,0.0182765576816912,-0.0365470098881199,-0.9993319348786156,-0.9749279121818236,-0.2225209339563146,0.5661541495171976,0,0,0,0,1,0
1730,2016-10-03,1031.0680719401728,-0.9986126020839734,0.052658056924614,-0.1051699984923495,-0.9944542580818482,0.0,1.0,0.5394075072376265,0,0,0,0,1,0
1731,2016-10-04,1158.2171919418065,-0.9975590477788612,0.0698279757298708,-0.1393150579548309,-0.9902481076109372,0.7818314824680298,0.6234898018587336,0.5261219640934566,0,0,0,0,1,0
1732,2016-10-05,812.9695399999208,-0.9962102997023295,0.0869772313136861,-0.1732952273485721,-0.9848699224660112,0.9749279121818236,-0.2225209339563143,0.5129102907232946,0,0,0,0,1,0
1733,2016-10-06,1046.230381014449,-0.9945667569706336,0.1041007489354256,-0.2070702885338407,-0.9783260681421668,0.4338837391175582,-0.900968867902419,0.4997835137030315,0,0,0,0,1,0
1734,2016-10-07,753.407482283013,-0.9926289059345096,0.121193461470736,-0.2406002661322256,-0.9706242897934824,-0.433883739117558,-0.9009688679024191,0.4867522559599717,0,0,0,0,1,0
1735,2016-10-08,602.3645069110918,-0.9903973200352558,0.1382503109109819,-0.2738454748405547,-0.9617737030660336,-0.9749279121818236,-0.2225209339563146,0.473826726395364,0,0,0,0,1,0
1736,2016-10-10,658.4127482279098,-0.9850556718215012,0.172236243027682,-0.3393245761752893,-0.9406693531754186,0.0,1.0,0.448331563940943,0,0,0,0,1,0
1737,2016-10-12,683.826345658344,-0.9785481345802032,0.2060183203251708,-0.4031976860870853,-0.9151129033807908,0.9749279121818236,-0.2225209339563143,0.4233711028530494,0,0,0,0,1,0
1738,2016-10-13,783.0689656808102,-0.9748595108374124,0.2228204077947995,-0.4344371874948622,-0.9007021317403184,0.4338837391175582,-0.900968867902419,0.4111122905071874,0,0,0,0,1,0
1739,2016-10-14,803.4731875579564,-0.9708824104813836,0.239556559120927,-0.4651624991319035,-0.8852253099642835,-0.433883739117558,-0.9009688679024191,0.39901134372866,0,0,0,0,1,0
1740,2016-10-15,795.6968529702274,-0.9666180104000972,0.2562218218071163,-0.4953372552325659,-0.8687007560596847,-0.9749279121818236,-0.2225209339563146,0.3870753885499897,0,0,0,0,1,0
1741,2016-10-17,671.409578328281,-0.957232443323312,0.2893199776186952,-0.5538929381563792,-0.8325879011014353,0.0,1.0,0.3637246969042016,0,0,0,0,1,0
1742,2016-10-18,617.1790439719896,-0.9521140536681102,0.3057430764672831,-0.5822045598324479,-0.8130423423846421,0.7818314824680298,0.6234898018587336,0.3523219549954969,0,0,0,0,1,0
1743,2016-10-19,598.3465171788018,-0.9467139181463862,0.3220757010206104,-0.6098270977059321,-0.7925344856241648,0.9749279121818236,-0.2225209339563143,0.3411081980965921,0,0,0,0,1,0
1744,2016-10-20,563.2843206319462,-0.9410336347451196,0.3383130181923076,-0.6367278583821979,-0.7710886034432227,0.4338837391175582,-0.900968867902419,0.3300883075351398,0,0,0,0,1,0
1745,2016-10-21,522.129832890825,-0.9350748843515574,0.3544502230989869,-0.6628750027453377,-0.7487300786901568,-0.433883739117558,-0.9009688679024191,0.3192667256288431,0,0,0,0,0,1
1746,2016-10-22,512.5107520649157,-0.9288394302558068,0.3704825404820963,-0.6882375836422284,-0.7254853743958638,-0.9749279121818236,-0.2225209339563146,0.3086474612366189,0,0,0,0,0,1
1747,2016-10-24,505.9491561479738,-0.9155458729775467,0.4022135682368036,-0.7364899449095569,-0.6764484910524362,0.0,1.0,0.2880297924974456,0,0,0,0,0,1
1748,2016-10-25,521.0511901924857,-0.9084917035725082,0.4179028888867866,-0.7593226149052589,-0.6507143509201561,0.7818314824680298,0.6234898018587336,0.2780373004531941,0,0,0,0,0,1
1749,2016-10-26,656.37643366716,-0.9011686968561567,0.4334685453485363,-0.7812565682797488,-0.6242100403868479,0.9749279121818236,-0.2225209339563143,0.2682589673008851,0,0,0,0,0,1
1750,2016-10-27,521.2641264824803,-0.8935790198239952,0.4489059314938798,-0.8022658445149573,-0.5969669293392242,0.4338837391175582,-0.900968867902419,0.258696746701885,0,0,0,0,0,1
1751,2016-10-28,506.5539581839245,-0.8857249183835637,0.4642104791518923,-0.8223255775192096,-0.5690172620911411,-0.433883739117558,-0.9009688679024191,0.2493522087772961,0,0,0,0,0,1
1752,2016-10-29,459.6783264959475,-0.8776087166898392,0.4793776594606945,-0.8414120250581577,-0.5403941192199728,-0.9749279121818236,-0.2225209339563146,0.2402265507324824,0,0,0,0,0,1
1753,2016-10-31,523.5877612924335,-0.8605996962501181,0.5092820071573356,-0.876575881330507,-0.4812636743715911,0.0,1.0,0.2226348658788909,0,0,0,0,0,1
1754,2016-11-01,485.9063712571679,-0.8517119107469189,0.5240103253675756,-0.8926116709398649,-0.4508263578163351,0.7818314824680298,0.6234898018587336,0.2141694715316088,0,0,0,0,0,1
1755,2016-11-02,489.5858950950338,-0.8425720899866032,0.5385835804920232,-0.9075909860952636,-0.4198554536487849,0.9749279121818236,-0.2225209339563143,0.2059242464341987,0,0,0,0,0,1
1756,2016-11-03,605.2412657677583,-0.8331829385891785,0.5529974600700271,-0.9214960976269942,-0.3883876183121974,0.4338837391175582,-0.900968867902419,0.1978986990836146,0,0,0,0,0,1
1757,2016-11-04,522.0226001948158,-0.8235472349556007,0.5672476988027229,-0.9343105477678196,-0.3564600964060307,-0.433883739117558,-0.9009688679024191,0.1900920380007587,0,0,0,0,0,1
1758,2016-11-05,556.205942998294,-0.8136678304455991,0.5813300798152042,-0.9460191696320084,-0.3241106766040965,-0.9749279121818236,-0.2225209339563146,0.1825031849518363,0,0,0,0,0,1
1759,2016-11-07,590.6741066111053,-0.7931896839451843,0.6089746507720486,-0.9660648215530204,-0.2582997494341228,0.0,1.0,0.1679732367575336,0,0,0,0,0,1
1760,2016-11-08,558.6782430698356,-0.7825970017677834,0.6225286602431057,-0.9743781260415392,-0.2249161343518477,0.7818314824680298,0.6234898018587336,0.1610286725459804,0,0,0,0,0,1
1761,2016-11-09,557.7786762277946,-0.7717727365467837,0.6358984534680745,-0.9815381791978468,-0.1912663137538222,0.9749279121818236,-0.2225209339563143,0.1542950055015683,0,0,0,0,0,1
1762,2016-11-10,630.7131378366417,-0.7607200913564104,0.6490800741100398,-0.98753650654923,-0.1573901147866107,0.4338837391175582,-0.900968867902419,0.1477699265043177,0,0,0,0,0,1
1763,2016-11-11,783.3247431709303,-0.7494423368521953,0.6620696215153815,-0.992366008614672,-0.1233276325329588,-0.433883739117558,-0.9009688679024191,0.1414509211393686,0,0,0,0,0,1
1764,2016-11-12,822.141884087825,-0.7379428103031386,0.6748632518680403,-0.9960209693076332,-0.0891191825561879,-0.9749279121818236,-0.2225209339563146,0.1353352832366127,0,0,0,0,0,1
1765,2016-11-14,698.3206295280542,-0.7142921172691032,0.699847677146407,-0.999791358149542,-0.0204264575855568,0.0,1.0,0.1237024067768548,0,0,0,0,0,1
1766,2016-11-15,710.986547800429,-0.7021479494046978,0.7120310787787131,-0.9999023237537764,0.0139765142935557,0.7818314824680298,0.6234898018587336,0.1181789171817805,0,0,0,0,0,1
1767,2016-11-16,656.6968904558877,-0.6897960046655887,0.7240037789593305,-0.9988298281778684,0.0483629438947822,0.9749279121818236,-0.2225209339563143,0.1128463189671638,0,0,0,0,0,1
1768,2016-11-17,853.5130970083192,-0.6772399381909491,0.7357622347736527,-0.996575140802686,0.082692132238239,0.4338837391175582,-0.900968867902419,0.1077011451900321,0,0,0,0,0,1
1769,2016-11-18,929.8253149093014,-0.6644834655228552,0.7473029667054297,-0.9931409302238696,0.116923448093473,-0.433883739117558,-0.9009688679024191,0.1027398149024943,0,0,0,0,0,1
1770,2016-11-19,804.9978432569774,-0.6515303615068021,0.75862255966641,-0.9885312610933432,0.1510163760696315,-0.9749279121818236,-0.2225209339563146,0.0979586452573397,0,0,0,0,0,1
1771,2016-11-21,731.3797886989885,-0.6250496486104377,0.7805849965070866,-0.9758087555546684,0.2186258735439368,0.0,1.0,0.0889216174593863,0,0,0,0,0,1
1772,2016-11-22,666.911196541786,-0.6115298757991053,0.7912213413483807,-0.9677109772087537,0.2520624220102616,0.7818314824680298,0.6234898018587336,0.0846579886225299,0,0,0,0,0,1
1773,2016-11-23,796.2602670717928,-0.5978291414589552,0.801623551065242,-0.9584678386132248,0.2852006352448972,0.9749279121818236,-0.2225209339563143,0.080559000939185,0,0,0,0,0,1
1774,2016-11-24,830.1140825889155,-0.5839514998576998,0.8117885474764613,-0.948090279732366,0.3180012916278857,0.4338837391175582,-0.900968867902419,0.0766206321804935,0,0,0,0,0,1
1775,2016-11-25,872.2217682743355,-0.5699010576127624,0.821713322596059,-0.936590583203982,0.3504255690637097,-0.433883739117558,-0.9009688679024191,0.0728388237369676,0,0,0,0,0,1
1776,2016-11-26,703.8015799052973,-0.5556819724760489,0.8313949395234058,-0.9239823598019432,0.3824350909302552,-0.9749279121818236,-0.2225209339563146,0.0692094902133194,0,0,0,0,0,1
1777,2016-11-28,828.1945741413557,-0.5267547528105542,0.8500173118187018,-0.895501317943504,0.4450588607829839,0.0,1.0,0.0623918271307013,0,0,0,0,0,1
1778,2016-11-29,714.1495288838858,-0.5120551783114646,0.8589525565270845,-0.8796622089871292,0.4755989887288283,0.7818314824680298,0.6234898018587336,0.0591952734739325,0,0,0,0,0,1
1779,2016-11-30,729.3355493423751,-0.4972040784469378,0.8676336233547726,-0.8627819522593745,0.5055762087514626,0.9749279121818236,-0.2225209339563143,0.0561347628341337,0,0,0,0,0,1
1780,2016-12-01,786.5166855362312,-0.4822058478963526,0.8760579434344281,-0.8448805268402667,0.5349550405091192,0.4338837391175582,-0.900968867902419,0.0532062053822325,0,0,0,0,0,1
1781,2016-12-02,872.1785433039753,-0.4670649248774303,0.8842230238742036,-0.8259791204413983,0.5637007118984807,-0.433883739117558,-0.9009688679024191,0.0504055333627536,0,0,0,0,0,1
1782,2016-12-03,796.5214864880743,-0.451785789832884,0.8921264484954345,-0.8061001043286311,0.5917792002101544,-0.9749279121818236,-0.2225209339563146,0.0477287077631641,0,0,0,0,0,1
1783,2016-12-05,768.329874893329,-0.4208310085956556,0.9071390534005044,-0.7635044855580851,0.6458025244087264,0.0,1.0,0.0427306205788496,0,0,0,0,0,1
1784,2016-12-06,686.5621933359823,-0.4051645224207563,0.9142437912130223,-0.7408382980859317,0.6716834195431209,0.7818314824680298,0.6234898018587336,0.0404014788741632,0,0,0,0,0,1
1785,2016-12-07,688.2716428954292,-0.3893781415452015,0.9210779895789526,-0.717295271600886,0.6967693257736101,0.9749279121818236,-0.2225209339563143,0.0381804338005357,0,0,0,0,0,1
1786,2016-12-08,773.4550361373917,-0.3734765374130707,0.9276396261490468,-0.6929032710826029,0.7210305520038863,0.4338837391175582,-0.900968867902419,0.0360636756174023,0,0,0,0,0,1
1787,2016-12-09,707.4897372389383,-0.3574644155648614,0.9339267592294762,-0.6676911663366994,0.7444383832097442,-0.433883739117558,-0.9009688679024191,0.0340474547345993,0,0,0,0,0,1
1788,2016-12-10,687.0749119766233,-0.3413465142450361,0.9399375283564132,-0.641688797825113,0.7669651144255266,-0.9749279121818236,-0.2225209339563146,0.0321280855748041,0,0,0,0,0,1
1789,2016-12-12,717.7825339350843,-0.3088124812662537,0.9511229423235356,-0.587437271616382,0.8092697028283593,0.0,1.0,0.0285655007845503,0,0,0,0,0,1
1790,2016-12-13,690.6124276626308,-0.2924059769510773,0.956294277219772,-0.5592523247663436,0.828997489286572,0.7818314824680298,0.6234898018587336,0.0269152637299154,0,0,0,0,0,1
1791,2016-12-14,769.4797963666576,-0.2759129450029604,0.9611826292540836,-0.5304054598463659,0.8477440935595867,0.9749279121818236,-0.2225209339563143,0.0253478407929008,0,0,0,0,0,1
1792,2016-12-15,783.6852409251993,-0.2593382659754056,0.9657865518844574,-0.5009308193361626,0.8654873276017396,0.4338837391175582,-0.900968867902419,0.0238599118793802,0,0,0,0,0,1
1793,2016-12-16,807.6552459220221,-0.2426868445825954,0.9701046827361176,-0.4708632887360563,0.8822061909330864,-0.433883739117558,-0.9009688679024191,0.0224482367321429,0,0,0,0,0,1
1794,2016-12-17,883.5050847560808,-0.225963608248019,0.974135744004672,-0.4402384552773285,0.8978808954950716,-0.9749279121818236,-0.2225209339563146,0.021109656453671,0,0,0,0,0,1
1795,2016-12-19,854.2702069132239,-0.1923215052390948,0.9813319716704276,-0.3774624838618108,0.9260248772451376,0.0,1.0,0.0186395588695301,0,0,0,0,0,1
1796,2016-12-20,868.5131727899558,-0.1754125938042784,0.9844950085880858,-0.345385646087603,0.9384608438697104,0.7818314824680298,0.6234898018587336,0.0175021403684067,0,0,0,0,0,1
1797,2016-12-21,823.3095682014699,-0.1584517749608363,0.9873667175937016,-0.3129000178799537,0.949786070023521,0.9749279121818236,-0.2225209339563143,0.0164260155188855,0,0,0,0,0,1
1798,2016-12-22,834.8878960766383,-0.141444067687942,0.989946248902378,-0.2800440484743445,0.9599871514317776,0.4338837391175582,-0.900968867902419,0.0154084455711887,0,0,0,0,0,1
1799,2016-12-23,1349.0685375710827,-0.1243945048397999,0.9922328391893008,-0.2468566254334839,0.969052014331322,-0.433883739117558,-0.9009688679024191,0.0144467767640457,0,0,0,0,0,1
1800,2016-12-24,759.0470136290753,-0.1073081316563624,0.994225811815616,-0.2133770286209279,0.9769699297608416,-0.9749279121818236,-0.2225209339563146,0.0135384401366523,0,0,0,0,0,1
1801,2016-12-26,850.3119235530075,-0.0730451882110474,0.9973286321364752,-0.1457001152853506,0.9893288009584252,0.0,1.0,0.0118719091278277,0,0,0,0,0,1
1802,2016-12-27,849.1767546488945,-0.0558787569053731,0.9984375616565666,-0.1115828995860015,0.9937551290534204,0.7818314824680298,0.6234898018587336,0.0111089965382423,0,0,0,0,0,1
1803,2016-12-29,1875.0,-0.0215013727408137,0.999768818762748,-0.0429928040537219,0.9990753819405211,0.4338837391175582,-0.900968867902419,0.0097126998429016,0,0,0,0,0,1
1804,2016-12-30,959.397966226476,-0.0043005927029819,0.9999907524084426,-0.0086011058657144,0.999963009804806,-0.433883739117558,-0.9009688679024191,0.0090750878156515,0,0,0,0,0,1
1805,2016-12-31,1656.5039826885802,0.0129014599494196,0.9999167727021951,0.0258007723915406,0.9996671046623472,-0.9749279121818236,-0.2225209339563146,0.0084751469727328,0,0,0,0,0,1
1806,2017-01-03,829.0225515905448,0.0515843668694083,0.9986686402879996,0.1030313790431787,0.9946781061893646,0.7818314824680298,0.6234898018587336,0.0072532058010343,0,0,0,0,0,0
1807,2017-01-04,941.569143817544,0.0687554084811394,0.9976335468520452,0.1371854040566005,0.9905453876091832,0.9749279121818236,-0.2225209339563143,0.0067628442633904,0,0,0,0,0,0
1808,2017-01-05,1028.649976888537,0.0859061042613327,0.9963032375991964,0.1711770596101998,0.985240282501282,0.4338837391175582,-0.900968867902419,0.0063025210714774,0,0,0,0,0,0
1809,2017-01-06,836.5272735637774,0.1030313790431787,0.9946781061893646,0.2049661139694953,0.9787690698649216,-0.433883739117558,-0.9009688679024191,0.0058706306788869,0,0,0,0,0,0
1810,2017-01-07,1147.4119545374242,0.1201261651823505,0.9927586335250792,0.2385125751940764,0.9711394088771652,-0.9749279121818236,-0.2225209339563146,0.0054656365237319,0,0,0,0,0,0
1811,2017-01-09,754.9057082304004,0.1542040475626894,0.988039023376751,0.3047192331091634,0.9524422234305676,0.0,1.0,0.0047305247785057,0,0,0,0,0,0
1812,2017-01-10,784.7113059551685,0.1711770596101998,0.985240282501282,0.3373010691361842,0.9413968285264122,0.7818314824680298,0.6234898018587336,0.0043976626339341,0,0,0,0,0,0
1813,2017-01-11,804.387996065753,0.1880994176117975,0.9821499931752292,0.3694836834473831,0.9292372181882051,0.9749279121818236,-0.2225209339563143,0.0040862038707351,0,0,0,0,0,0
1814,2017-01-12,833.1922604902147,0.2049661139694953,0.9787690698649216,0.4012289854475009,0.9159777842484876,0.4338837391175582,-0.900968867902419,0.0037949292693038,0,0,0,0,0,0
1815,2017-01-13,791.3268052822932,0.2217721575564818,0.975098513039961,0.4324994021339788,0.901634220265486,-0.433883739117558,-0.9009688679024191,0.0035226774101574,0,0,0,0,0,0
1816,2017-01-14,822.3243480580728,0.2385125751940764,0.9711394088771652,0.4632579225674917,0.88622350294858,-0.9749279121818236,-0.2225209339563146,0.0032683427650369,0,0,0,0,0,0
1817,2017-01-17,791.0693747370686,0.2882906407095177,0.957542952811672,0.5521013427459208,0.8337770129585915,0.7818314824680298,0.6234898018587336,0.0026025852527254,0,0,0,0,0,0
1818,2017-01-18,866.2089990775719,0.3047192331091634,0.9524422234305676,0.580454927809098,0.8142923779467267,0.9749279121818236,-0.2225209339563143,0.0024099155339509,0,0,0,0,0,0
1819,2017-01-19,846.4937381470095,0.321057654185271,0.9470596510722284,0.6081214998935418,0.7938439653781019,0.4338837391175582,-0.900968867902419,0.0022304074712809,0,0,0,0,0,0
1820,2017-01-20,840.3586361638475,0.3373010691361842,0.9413968285264122,0.6350683134867438,0.7724559775191742,-0.433883739117558,-0.9009688679024191,0.0020632513354787,0,0,0,0,0,0
1821,2017-01-21,916.2160525593524,0.3534446712740877,0.9354554315134164,0.6612634749656386,0.7501537286959042,-0.9749279121818236,-0.2225209339563146,0.0019076802879754,0,0,0,0,0,0
1822,2017-01-23,1091.1315789473683,0.3854133594543256,0.9227440286201428,0.7112757519738152,0.7029130847082615,0.0,1.0,0.0016284300482412,0,0,0,0,0,0
1823,2017-01-24,752.3352059523971,0.4012289854475009,0.9159777842484876,0.7350336741329412,0.6780306024735382,0.7818314824680298,0.6234898018587336,0.0015034159919344,0,0,0,0,0,0
1824,2017-01-25,728.119215253669,0.4169258813287287,0.908940487313808,0.7579216274973472,0.6523456189565257,0.9749279121818236,-0.2225209339563143,0.0013873139624241,0,0,0,0,0,0
1825,2017-01-26,834.6063793830674,0.4324994021339788,0.901634220265486,0.7799125224167177,0.6258885343075018,0.4338837391175582,-0.900968867902419,0.0012795459378999,0,0,0,0,0,0
1826,2017-01-27,929.6156645204588,0.4479449394078911,0.8940611451454876,0.8009803309782905,0.5986906625177214,-0.433883739117558,-0.9009688679024191,0.0011795668021961,0,0,0,0,0,0
1827,2017-02-01,925.9998658224451,0.5230943033491326,0.8522748088519838,0.8916401947968874,0.452744699607371,0.9749279121818236,-0.2225209339563143,0.0007795407797602,0,0,0,0,0,0
1828,2017-02-02,933.4919733777336,0.5376773767406141,0.8431506618282,0.9066860720977984,0.4218060770826634,0.4338837391175582,-0.900968867902419,0.0007165041324157,0,0,0,0,0,0
1829,2017-02-06,828.8183482278461,0.5943761565849831,0.804187157621448,0.9559793438440766,0.2934339689665273,0.0,1.0,0.0005088543328223,0,0,0,0,0,0
1830,2017-02-07,1114.8953068592057,0.6081214998935418,0.7938439653781019,0.9655071658143364,0.2603764827344581,0.7818314824680298,0.6234898018587336,0.0004665530201723,0,0,0,0,0,0
1831,2017-02-08,959.0231306793398,0.6216868902665479,0.7832658619336791,0.9738922359149924,0.2270108209414184,0.9749279121818236,-0.2225209339563143,0.0004275570451654,0,0,0,0,0,0
1832,2017-02-09,808.5235326706048,0.6350683134867438,0.7724559775191742,0.981124629771712,0.1933764744102058,0.4338837391175582,-0.900968867902419,0.0003916270330904,0,0,0,0,0,0
1833,2017-02-10,835.8447032589535,0.6482618097757122,0.7614175109532997,0.9871957872910084,0.1595132519726365,-0.433883739117558,-0.9009688679024191,0.0003585393208955,0,0,0,0,0,0
1834,2017-02-11,995.255854769798,0.6612634749656386,0.7501537286959042,0.992098522791769,0.1254612333527364,-0.9749279121818236,-0.2225209339563146,0.0003280850598723,0,0,0,0,0,0
1835,2017-02-13,806.5946384850539,0.6866759803451553,0.726963615332308,0.998376906467142,0.0569521960340397,0.0,1.0,0.0002743104674934,0,0,0,0,0,0
1836,2017-02-14,829.9955552022202,0.6990793005655562,0.7150441465537444,0.9997451236925734,0.0225762630415454,0.7818314824680298,0.6234898018587336,0.0002805480820737,0,0,0,0,0,0
1837,2017-02-15,864.1978460906732,0.7112757519738152,0.7029130847082615,0.9999300657962056,-0.0118263906918325,0.9749279121818236,-0.2225209339563143,0.0003068548257635,0,0,0,0,0,0
1838,2017-02-16,1355.6543907722769,0.7232617254437388,0.6905740195722294,0.9989315138848576,-0.0462150469837083,0.4338837391175582,-0.900968867902419,0.0003354626279025,0,0,0,0,0,0
1839,2017-02-17,865.7686620505889,0.7350336741329412,0.6780306024735382,0.9967506498213928,-0.0805490042187416,-0.433883739117558,-0.9009688679024191,0.0003665564497251,0,0,0,0,0,0
1840,2017-02-18,952.2821357821264,0.746588114532413,0.6652865452111116,0.9933900548258936,-0.114787625522127,-0.9749279121818236,-0.2225209339563146,0.0004003345935883,0,0,0,0,0,0
1841,2017-02-20,832.2816626246295,0.7690308592589181,0.6392116531380588,0.98314697372215,-0.1828169249850199,0.0,1.0,0.0004768087638956,0,0,0,0,0,0
1842,2017-02-21,827.6177698587878,0.7799125224167177,0.6258885343075018,0.976276611086932,-0.2165270852448143,0.7818314824680298,0.6234898018587336,0.0005199757432558,0,0,0,0,0,0
1843,2017-02-22,2629.5311627906976,0.7905633969115482,0.612380204990065,0.9682507501166718,-0.2499809690726521,0.9749279121818236,-0.2225209339563143,0.0005667708074866,0,0,0,0,0,0
1844,2017-02-23,843.0928710337821,0.8009803309782905,0.5986906625177214,0.9590788900341132,-0.2831389812281835,0.4338837391175582,-0.900968867902419,0.0006174721799374,0,0,0,0,0,0
1845,2017-02-24,837.2086889636261,0.8111602420785621,0.5848239578463322,0.9487718864399473,-0.3159618766579029,-0.433883739117558,-0.9009688679024191,0.0006723770032408,0,0,0,0,0,0
1846,2017-02-25,807.8414617813637,0.8211001178128892,0.5707841943569036,0.9373419384643772,-0.3484108069446808,-0.9749279121818236,-0.2225209339563146,0.0007318024188804,0,0,0,0,0,0
1847,2017-02-27,589.8799113909292,0.8402480696078469,0.5422021592729844,0.9111686353326632,-0.4120336369594263,0.0,1.0,0.0008655903784247,0,0,0,0,0,0
1848,2017-02-28,1208.7036800157434,0.8494504794814806,0.527668345562516,0.8964562582905575,-0.4431322341826345,0.7818314824680298,0.6234898018587336,0.0009406975448679,0,0,0,0,0,0
1849,2017-03-01,1220.6839448564635,0.8584015232918917,0.512978386299228,0.8806828564301475,-0.47370635037968,0.9749279121818236,-0.2225209339563143,0.0010218170249252,0,0,0,0,0,0
1850,2017-03-02,825.619190535131,0.8670985522812081,0.4981366284784055,0.8638670987837349,-0.503719798736334,0.4338837391175582,-0.900968867902419,0.0011093837286151,0,0,0,0,0,0
1851,2017-03-03,843.329454382253,0.8755389928586302,0.4831474640149687,0.8460288880917339,-0.533137056031809,-0.433883739117558,-0.9009688679024191,0.0012038599948282,0,0,0,0,0,0
1852,2017-03-04,994.7128920761056,0.8837203473619977,0.4680153284438345,0.8271893372462497,-0.5619233046832195,-0.9749279121818236,-0.2225209339563146,0.0013057369899986,0,0,0,0,0,0
1853,2017-03-06,954.507484203969,0.8992961915530253,0.4373400963303323,0.7865965660866021,-0.6174672802835514,0.0,1.0,0.0015338106793244,0,0,0,0,0,0
1854,2017-03-07,746.7870650389443,0.9066860720977984,0.4218060770826634,0.7648913904341226,-0.6441592666722685,0.7818314824680298,0.6234898018587336,0.0016611470627641,0,0,0,0,0,0
1855,2017-03-08,1252.464937035351,0.9138076496466616,0.4061472386305788,0.742280907086982,-0.6700888411055113,0.9749279121818236,-0.2225209339563143,0.0017981666618475,0,0,0,0,0,0
1856,2017-03-09,1015.4032498401352,0.9206588168102428,0.3903682146763026,0.7187918772884232,-0.6952253139408722,0.4338837391175582,-0.900968867902419,0.0019455273214659,0,0,0,0,0,0
1857,2017-03-10,781.6832427384293,0.9272375462179536,0.374473674486883,0.6944521021088763,-0.719538934232584,-0.433883739117558,-0.9009688679024191,0.0021039250291307,0,0,0,0,0,0
1858,2017-03-11,921.9608587852226,0.9335418911179212,0.3584683215124808,0.6692903895412567,-0.7430009249440493,-0.9749279121818236,-0.2225209339563146,0.0022740956104016,0,0,0,0,0,0
1859,2017-03-13,727.6293311077748,0.945320046913132,0.3261441535642696,0.6166212130956382,-0.7872599821916922,0.0,1.0,0.0026529083096449,0,0,0,0,0,0
1860,2017-03-14,754.8054277051771,0.9507903724625832,0.3098349038318025,0.5891760872322963,-0.8080046647350754,0.7818314824680298,0.6234898018587336,0.0028632370196305,0,0,0,0,0,0
1861,2017-03-15,747.4880584801082,0.9559793438440766,0.2934339689665273,0.5610336262283677,-0.8277930117131022,0.9749279121818236,-0.2225209339563143,0.0030887154082367,0,0,0,0,0,0
1862,2017-03-16,675.0397861994132,0.9608854255574976,0.2769462022689364,0.5322271388474397,-0.8466016020976267,0.4338837391175582,-0.900968867902419,0.0033303050984696,0,0,0,0,0,0
1863,2017-03-17,726.5511811023622,0.9655071658143364,0.2603764827344581,0.5027907197793043,-0.8644081744776648,-0.433883739117558,-0.9009688679024191,0.0035890183886718,0,0,0,0,0,0
1864,2017-03-20,687.7783298299255,0.977653084481664,0.2102247521189836,0.4110537546870351,-0.911611107193024,0.0,1.0,0.004478822680028,0,0,0,0,0,0
1865,2017-03-21,634.0803632145286,0.981124629771712,0.1933764744102058,0.3794528437245443,-0.925211078289358,0.7818314824680298,0.6234898018587336,0.0048172331281061,0,0,0,0,0,0
1866,2017-03-22,664.5436933640461,0.984305844499033,0.1764709734915216,0.3474028211842774,-0.9377159910299092,0.9749279121818236,-0.2225209339563143,0.0051786551677508,0,0,0,0,0,0
1867,2017-03-23,1142.6864914546322,0.9871957872910084,0.1595132519726365,0.3149416207289519,-0.9491110448902284,0.4338837391175582,-0.900968867902419,0.0055644450277938,0,0,0,0,0,0
1868,2017-03-24,654.2698834994266,0.9897936029670716,0.1425083279161708,0.2821076626819194,-0.9593827529490744,-0.433883739117558,-0.9009688679024191,0.0059760228950059,0,0,0,0,0,0
1869,2017-03-25,840.4249803535303,0.992098522791769,0.1254612333527364,0.2489398085537665,-0.9685189578512204,-0.9749279121818236,-0.2225209339563146,0.0064148747704495,0,0,0,0,0,0
1870,2017-03-27,612.597076841345,0.9958270335100596,0.0912607217293118,0.1817597875913753,-0.9833429613388902,0.0,1.0,0.0073806845376742,0,0,0,0,0,0
1871,2017-03-28,600.8273495980039,0.9972495210773452,0.0741174251509443,0.1478271334705304,-0.9890132145779884,0.7818314824680298,0.6234898018587336,0.0079109597339302,0,0,0,0,0,0
1872,2017-03-29,1826.0101273148148,0.998376906467142,0.0569521960340397,0.1137195145859496,-0.9935128947338008,0.9749279121818236,-0.2225209339563143,0.0084751469727328,0,0,0,0,0,0
1873,2017-03-30,827.3530816498888,0.9992088560679752,0.0397701138460557,0.0794772999236209,-0.9968366760893436,0.4338837391175582,-0.900968867902419,0.0090750878156515,0,0,0,0,0,0
1874,2017-03-31,697.8860214106757,0.9997451236925734,0.0225762630415454,0.0451410177739719,-0.998980624694158,-0.433883739117558,-0.9009688679024191,0.0097126998429016,0,0,0,0,0,0
1875,2017-04-01,845.2638477596,0.9999855506507186,0.0053757315575838,0.0107513077635219,-0.9999422030204416,-0.9749279121818236,-0.2225209339563146,0.0103899781147773,0,0,0,0,0,0
1876,2017-04-03,587.2182508368084,0.9995786855478958,-0.0290250133219752,-0.0580255693287803,-0.9983150972033183,0.0,1.0,0.0118719091278277,0,0,0,0,0,0
1877,2017-04-04,1003.54861923707,0.9989315138848576,-0.0462150469837083,-0.0923313336953912,-0.9957283388645872,0.7818314824680298,0.6234898018587336,0.0126809511496068,0,0,0,0,0,0
1878,2017-04-05,897.0335679307232,0.9979887423155984,-0.0633914048695103,-0.1265278168386831,-0.9919630595773395,0.9749279121818236,-0.2225209339563143,0.0135384401366523,0,0,0,0,0,0
1879,2017-04-06,973.4141645978734,0.9967506498213928,-0.0805490042187416,-0.1605745445949937,-0.9870237158387384,0.4338837391175582,-0.900968867902419,0.0144467767640457,0,0,0,0,0,0
1880,2017-04-07,630.1566057668074,0.9952176027737294,-0.0976827678217159,-0.1944312200476619,-0.9809161537413774,-0.433883739117558,-0.9009688679024191,0.0154084455711887,0,0,0,0,0,0
1881,2017-04-08,629.0813699563881,0.9933900548258936,-0.114787625522127,-0.2280577712215198,-0.9736476020539838,-0.9749279121818236,-0.2225209339563146,0.0164260155188855,0,0,0,0,0,0
1882,2017-04-10,608.5791258477769,0.9888537064205885,-0.1488903868564548,-0.2944616217868012,-0.9556633054034704,0.0,1.0,0.0186395588695301,0,0,0,0,0,0
1883,2017-04-11,460.76867839540427,0.986146248341595,-0.1658781989346314,-0.3271603271220951,-0.9449688462364056,0.7818314824680298,0.6234898018587336,0.0198410947443702,1,0,0,0,0,0
1884,2017-04-12,681.2344320441147,0.98314697372215,-0.1828169249850199,-0.3594718130884232,-0.9331559438780432,0.9749279121818236,-0.2225209339563143,0.021109656453671,1,0,0,0,0,0
1885,2017-04-13,467.7227598530327,0.9798567700958664,-0.1997015525660636,-0.3913578365610259,-0.9202385798054076,0.4338837391175582,-0.900968867902419,0.0224482367321429,1,0,0,0,0,0
1886,2017-04-14,554.27348683611,0.976276611086932,-0.2165270852448143,-0.4227806579826773,-0.9062320427107696,-0.433883739117558,-0.9009688679024191,0.0238599118793802,1,0,0,0,0,0
1887,2017-04-15,915.5326127124908,0.9724075561219968,-0.2332885440754551,-0.4537030860313442,-0.8911529104063088,-0.9749279121818236,-0.2225209339563146,0.0253478407929008,1,0,0,0,0,0
1888,2017-04-17,782.4208101363025,0.9638074231367308,-0.2665994206792935,-0.5139010013093103,-0.8578494977869301,0.0,1.0,0.0285655007845503,1,0,0,0,0,0
1889,2017-04-18,931.6128326996196,0.9590788900341132,-0.2831389812281835,-0.5431052396834317,-0.8396646346181327,0.7818314824680298,0.6234898018587336,0.0303019500674343,1,0,0,0,0,0
1890,2017-04-19,538.4208878166203,0.9540665500578388,-0.2995947563972602,-0.5716666713027052,-0.8204859638785327,0.9749279121818236,-0.2225209339563143,0.0321280855748041,1,0,0,0,0,0
1891,2017-04-20,533.6450026406126,0.9487718864399473,-0.3159618766579029,-0.5995514915196489,-0.8003361849976323,0.4338837391175582,-0.900968867902419,0.0340474547345993,1,0,0,0,0,0
1892,2017-04-21,540.6670157587088,0.9431964659565866,-0.3322354987159043,-0.6267266965083301,-0.7792391467859886,-0.433883739117558,-0.9009688679024191,0.0360636756174023,1,0,0,0,0,0
1893,2017-04-22,706.9471173227907,0.9373419384643772,-0.3484108069446808,-0.65316012232693,-0.7572198192083127,-0.9749279121818236,-0.2225209339563146,0.0381804338005357,1,0,0,0,0,0
1894,2017-04-24,535.7853563928611,0.9248025743285088,-0.3804473662878516,-0.7036774074790128,-0.7105196029692745,0.0,1.0,0.0427306205788496,1,0,0,0,0,0
1895,2017-04-25,881.9638047814097,0.9181214482844364,-0.3962991372689181,-0.7277014757264236,-0.6858939875998223,0.7818314824680298,0.6234898018587336,0.0451717245647246,1,0,0,0,0,0
1896,2017-04-26,782.235238049236,0.9111686353326632,-0.4120336369594263,-0.7508642533989489,-0.6604565640279754,0.9749279121818236,-0.2225209339563143,0.0477287077631641,1,0,0,0,0,0
1897,2017-04-27,671.6297610296408,0.9039461929224012,-0.4276462092677746,-0.7731383255706026,-0.6342374393978054,0.4338837391175582,-0.900968867902419,0.0504055333627536,1,0,0,0,0,0
1898,2017-04-28,545.8235000899622,0.8964562582905575,-0.4431322341826345,-0.7944973291665992,-0.6072676460566135,-0.433883739117558,-0.9009688679024191,0.0532062053822325,1,0,0,0,0,0
1899,2017-04-29,512.4110300261137,0.8887010478292915,-0.4584871291400876,-0.8149159841660791,-0.5795791048257612,-0.9749279121818236,-0.2225209339563146,0.0561347628341337,1,0,0,0,0,0
1900,2017-05-01,504.61845665215856,0.8724040568049612,-0.4887853942889926,-0.8528367217694595,-0.522177676659508,0.0,1.0,0.0623918271307013,1,0,0,0,0,0
1901,2017-05-02,358.8219554677769,0.8638670987837349,-0.503719798736334,-0.8702939222685674,-0.4925327287220543,0.7818314824680298,0.6234898018587336,0.0657285286165304,1,0,0,0,0,0
1902,2017-05-03,819.5551948051948,0.8550745085896932,-0.518505144391157,-0.886721063082993,-0.4623048304798108,0.9749279121818236,-0.2225209339563143,0.0692094902133194,1,0,0,0,0,0
1903,2017-05-04,696.3869606633856,0.8460288880917339,-0.533137056031809,-0.9020987014301836,-0.4315297589714714,0.4338837391175582,-0.900968867902419,0.0728388237369676,1,0,0,0,0,0
1904,2017-05-05,381.0298824427724,0.8367329140344921,-0.5476112038402312,-0.9164086366943458,-0.4002439388573056,-0.433883739117558,-0.9009688679024191,0.0766206321804935,1,0,0,0,0,0
1905,2017-05-06,427.8312555029103,0.8271893372462497,-0.5619233046832195,-0.9296339319682696,-0.3684843993077793,-0.9749279121818236,-0.2225209339563146,0.080559000939185,1,0,0,0,0,0
1906,2017-05-08,423.8006321291097,0.8073707443023492,-0.5900444739548627,-0.9527692922168512,-0.3036950375106588,0.0,1.0,0.0889216174593863,1,0,0,0,0,0
1907,2017-05-09,410.8569994950367,0.7971015927871943,-0.6038452208771035,-0.9626519747161488,-0.2707418984477642,0.7818314824680298,0.6234898018587336,0.093353863304629,1,0,0,0,0,0
1908,2017-05-10,419.5347416713345,0.7865965660866021,-0.6174672802835514,-0.97139528468375,-0.2374683155584684,0.9749279121818236,-0.2225209339563143,0.0979586452573397,1,0,0,0,0,0
1909,2017-05-11,383.7882008726502,0.7758587728069828,-0.6309066211876704,-0.978988873740932,-0.2039136706831147,0.4338837391175582,-0.900968867902419,0.1027398149024943,1,0,0,0,0,0
1910,2017-05-12,351.52916624626835,0.7648913904341226,-0.6441592666722685,-0.9854237542919524,-0.1701176783204905,-0.433883739117558,-0.9009688679024191,0.1077011451900321,1,0,0,0,0,0
1911,2017-05-13,368.28869507706185,0.753697664392914,-0.6572212950663319,-0.9906923101615608,-0.136120338622667,-0.9749279121818236,-0.2225209339563146,0.1128463189671638,1,0,0,0,0,0
1912,2017-05-15,397.73515526773366,0.7306444969184916,-0.6827580970759147,-0.9977068927101168,-0.0676827617545516,0.0,1.0,0.1237024067768548,1,0,0,0,0,0
1913,2017-05-16,378.31326183054415,0.7187918772884232,-0.6952253139408722,-0.9994446170919858,-0.0333235257116313,0.7818314824680298,0.6234898018587336,0.1294201282977755,1,0,0,0,0,0
1914,2017-05-17,448.4269634177539,0.7067265555776158,-0.7074868024503348,-0.9999994220246924,0.0010751512827982,0.9749279121818236,-0.2225209339563143,0.1353352832366127,1,0,0,0,0,0
1915,2017-05-18,288.3864817300821,0.6944521021088763,-0.719538934232584,-0.9993706508539968,0.0354725557531255,0.4338837391175582,-0.900968867902419,0.1414509211393686,1,0,0,0,0,0
1916,2017-05-19,333.3940558981761,0.6819721490904629,-0.7313781428679254,-0.9975590477788612,0.0698279757298708,-0.433883739117558,-0.9009688679024191,0.1477699265043177,1,0,0,0,0,0
1917,2017-05-22,326.78352327652,0.6433365204044917,-0.765583517007675,-0.9850556718215012,0.172236243027682,0.0,1.0,0.1679732367575336,0,1,0,0,0,0
1918,2017-05-23,436.9231618882966,0.6300720909843687,-0.7765366444428655,-0.9785481345802032,0.2060183203251708,0.7818314824680298,0.6234898018587336,0.1751307883451509,0,1,0,0,0,0
1919,2017-05-24,326.5742561387047,0.6166212130956382,-0.7872599821916922,-0.9708824104813836,0.239556559120927,0.9749279121818236,-0.2225209339563143,0.1825031849518363,0,1,0,0,0,0
1920,2017-05-25,537.0336351182777,0.6029878670694714,-0.7977503570459932,-0.9620675724981452,0.2728112643340191,0.4338837391175582,-0.900968867902419,0.1900920380007587,0,1,0,0,0,0
1921,2017-05-26,300.2270822047311,0.5891760872322963,-0.8080046647350754,-0.9521140536681102,0.3057430764672831,-0.433883739117558,-0.9009688679024191,0.1978986990836146,0,1,0,0,0,0
1922,2017-05-27,335.32457147466494,0.5751899607119775,-0.8180198708443175,-0.9410336347451196,0.3383130181923076,-0.9749279121818236,-0.2225209339563146,0.2059242464341987,0,1,0,0,0,0
1923,2017-05-29,580.4452062822317,0.5467112728685939,-0.8373211953118121,-0.9155458729775467,0.4022135682368036,0.0,1.0,0.2226348658788909,0,1,0,0,0,0
1924,2017-05-30,261.50680449558786,0.5322271388474397,-0.8466016020976267,-0.9011686968561567,0.4334685453485363,0.7818314824680298,0.6234898018587336,0.2313206080041767,0,1,0,0,0,0
1925,2017-05-31,315.6047461538901,0.5175855102531889,-0.8556314858488706,-0.8857249183835637,0.4642104791518923,0.9749279121818236,-0.2225209339563143,0.2402265507324824,0,1,0,0,0,0
1926,2017-06-01,270.0447684712236,0.5027907197793043,-0.8644081744776648,-0.8692328164574792,0.4944029842076181,0.4338837391175582,-0.900968867902419,0.2493522087772961,0,1,0,0,0,0
1927,2017-06-02,304.5561497326203,0.4878471454423119,-0.8729290708206411,-0.8517119107469189,0.5240103253675756,-0.433883739117558,-0.9009688679024191,0.258696746701885,0,1,0,0,0,0
1928,2017-06-05,396.38770053475935,0.442168151967072,-0.8969321743510065,-0.7931896839451843,0.6089746507720486,0.0,1.0,0.2880297924974456,0,1,0,0,0,0
1929,2017-06-06,850.3832173394313,0.4266740831899246,-0.9044054548343,-0.7717727365467837,0.6358984534680745,0.7818314824680298,0.6234898018587336,0.2982340961814215,0,1,0,0,0,0
1930,2017-06-07,768.4275147016037,0.4110537546870351,-0.911611107193024,-0.7494423368521953,0.6620696215153815,0.9749279121818236,-0.2225209339563143,0.3086474612366189,0,1,0,0,0,0
1931,2017-06-08,492.0351142410845,0.3953117887649151,-0.9185469991587164,-0.7262249146041543,0.6874571793269664,0.4338837391175582,-0.900968867902419,0.3192667256288431,0,1,0,0,0,0
1932,2017-06-09,328.8358831941536,0.3794528437245443,-0.925211078289358,-0.7021479494046978,0.7120310787787131,-0.433883739117558,-0.9009688679024191,0.3300883075351398,0,1,0,0,0,0
1933,2017-06-10,264.60842335422547,0.3634816124829063,-0.9316013725767188,-0.6772399381909491,0.7357622347736527,-0.9749279121818236,-0.2225209339563146,0.3411081980965921,0,1,0,0,0,0
1934,2017-06-13,487.8850560336202,0.3149416207289519,-0.9491110448902284,-0.5978291414589552,0.801623551065242,0.7818314824680298,0.6234898018587336,0.3753110988513995,0,1,0,0,0,0
1935,2017-06-14,354.4227050469098,0.2985688173637202,-0.9543881083175908,-0.5699010576127624,0.821713322596059,0.9749279121818236,-0.2225209339563143,0.3870753885499897,0,1,0,0,0,0
1936,2017-06-15,521.5005152617197,0.2821076626819194,-0.9593827529490744,-0.5412984521036173,0.8408305333122887,0.4338837391175582,-0.900968867902419,0.39901134372866,0,1,0,0,0,0
1937,2017-06-16,352.12613674476546,0.2655630278040559,-0.9640935007889756,-0.5120551783114646,0.8589525565270845,-0.433883739117558,-0.9009688679024191,0.4111122905071874,0,1,0,0,0,0
1938,2017-06-17,340.21266078129406,0.2489398085537665,-0.9685189578512204,-0.4822058478963526,0.8760579434344281,-0.9749279121818236,-0.2225209339563146,0.4233711028530494,0,1,0,0,0,0
1939,2017-06-19,263.4786410919415,0.2154773150467301,-0.976508846196619,-0.4208310085956556,0.9071390534005044,0.0,1.0,0.448331563940943,0,1,0,0,0,0
1940,2017-06-20,299.42623927712043,0.1986479428801711,-0.9800709131432666,-0.3893781415452015,0.9210779895789526,0.7818314824680298,0.6234898018587336,0.4610167107835354,0,1,0,0,0,0
1941,2017-06-21,344.59788159915223,0.1817597875913753,-0.9833429613388902,-0.3574644155648614,0.9339267592294762,0.9749279121818236,-0.2225209339563143,0.473826726395364,0,1,0,0,0,0
1942,2017-06-22,337.77377554432366,0.1648178466571979,-0.9863240225317866,-0.3251276029999093,0.9456701548465688,0.4338837391175582,-0.900968867902419,0.4867522559599717,0,1,0,0,0,0
1943,2017-06-23,316.5338908495555,0.1478271334705304,-0.9890132145779884,-0.2924059769510773,0.956294277219772,-0.433883739117558,-0.9009688679024191,0.4997835137030315,0,1,0,0,0,0
1944,2017-06-24,551.8426541031757,0.1307926758567592,-0.9914097417023038,-0.2593382659754056,0.9657865518844574,-0.9749279121818236,-0.2225209339563146,0.5129102907232946,0,1,0,0,0,0
1945,2017-06-26,324.23262446348366,0.0966127018812031,-0.9953220513156602,-0.1923215052390948,0.9813319716704276,0.0,1.0,0.5394075072376265,0,1,0,0,0,0
1946,2017-06-27,332.4978981794119,0.0794772999236209,-0.9968366760893436,-0.1584517749608363,0.9873667175937016,0.7818314824680298,0.6234898018587336,0.5527555015877842,0,1,0,0,0,0
1947,2017-06-28,509.6579947798456,0.062318379354325,-0.998056320853012,-0.1243945048397999,0.9922328391893008,0.9749279121818236,-0.2225209339563143,0.5661541495171976,0,1,0,0,0,0
1948,2017-06-29,430.9070222115931,0.0451410177739719,-0.998980624694158,-0.0901900042703451,0.99592457702866,0.4338837391175582,-0.900968867902419,0.5795912885442627,0,1,0,0,0,0
1949,2017-06-30,297.1152937361466,0.0279502982402103,-0.999609314096404,-0.0558787569053731,0.9984375616565666,-0.433883739117558,-0.9009688679024191,0.5930544067956073,0,1,0,0,0,0
1950,2017-07-01,312.36035814962787,0.0107513077635219,-0.9999422030204416,-0.0215013727408137,0.999768818762748,-0.9749279121818236,-0.2225209339563146,0.6065306597126334,0,0,1,0,0,0
1951,2017-07-03,420.3884726224784,-0.0236511272452315,-0.9997202729664084,0.0472890227711323,0.9988812483600598,0.0,1.0,0.6334696366573507,0,0,1,0,0,0
1952,2017-07-04,447.43986697590617,-0.0408443915432961,-0.9991655196610107,0.0816206154031905,0.996663471358916,0.7818314824680298,0.6234898018587336,0.6469051754643523,0,0,1,0,0,0
1953,2017-07-05,381.3518111964874,-0.0580255693287803,-0.9983150972033183,0.1158556037694784,0.9932660666081418,0.9749279121818236,-0.2225209339563143,0.6602995202173131,0,0,1,0,0,0
1954,2017-07-06,488.31373949509634,-0.0751895764147585,-0.9971692572470178,0.1499534681324453,0.9886930551971383,0.4338837391175582,-0.900968867902419,0.6736384553447267,0,0,1,0,0,0
1955,2017-07-07,343.6499490288133,-0.0923313336953912,-0.9957283388645872,0.1838738510513275,0.9829498496360606,-0.433883739117558,-0.9009688679024191,0.6869075574573877,0,0,1,0,0,0
1956,2017-07-08,506.2787501031949,-0.1094457686489155,-0.993992768446958,0.2175766051482817,0.976043247449696,-0.9749279121818236,-0.2225209339563146,0.7000922199176512,0,0,1,0,0,0
1957,2017-07-10,430.45883283553593,-0.1435724234118113,-0.9896398128792412,0.2841699724797683,0.9587739184713192,0.0,1.0,0.7261490370736908,0,0,1,0,0,0
1958,2017-07-11,494.8711038215304,-0.1605745445949937,-0.9870237158387384,0.3169817673505278,0.9484316312562208,0.7818314824680298,0.6234898018587336,0.7389912962803088,0,0,0,1,0,0
1959,2017-07-12,895.3831823822978,-0.1775291491870349,-0.984115542601034,0.3494183899593976,0.936966802377855,0.9749279121818236,-0.2225209339563143,0.751689380082437,0,0,0,1,0,0
1960,2017-07-13,760.2903188366548,-0.1944312200476619,-0.9809161537413774,0.3814414490727919,0.9243930013415552,0.4338837391175582,-0.900968867902419,0.7642281651714905,0,0,0,1,0,0
1961,2017-07-14,487.64246577390406,-0.2112757555821793,-0.9774264960104057,0.4130130429412807,0.9107251102063584,-0.433883739117558,-0.9009688679024191,0.7765925101265281,0,0,0,1,0,0
1962,2017-07-15,709.2053445447558,-0.2280577712215198,-0.9736476020539838,0.4440958041592176,0.8959793059709459,-0.9749279121818236,-0.2225209339563146,0.7887672852587113,0,0,0,1,0,0
1963,2017-07-17,650.9510312678166,-0.2614143985111562,-0.965226663665613,0.5046482954181526,0.8633250245021008,0.0,1.0,0.8124878481707274,0,0,0,1,0,0
1964,2017-07-18,724.3453380868934,-0.2779791393987801,-0.9605871111248128,0.5340463569360717,0.8454551961182272,0.7818314824680298,0.6234898018587336,0.8240037097874371,0,0,0,1,0,0
1965,2017-07-19,741.5027034727483,-0.2944616217868012,-0.9556633054034704,0.5628123335824821,0.8265847065893737,0.9749279121818236,-0.2225209339563143,0.835270211411272,0,0,0,1,0,0
1966,2017-07-20,929.0948899295933,-0.3108569682435036,-0.9504567035349152,0.5909121786151564,0.8067358905889147,0.4338837391175582,-0.900968867902419,0.8462727428586204,0,0,0,1,0,0
1967,2017-07-21,945.5726776619288,-0.3271603271220951,-0.9449688462364056,0.6183126337097825,0.7859322407147274,-0.433883739117558,-0.9009688679024191,0.8569968914352789,0,0,0,1,0,0
1968,2017-07-22,1264.9965248215972,-0.343366873996388,-0.939201357453208,0.6449812683237445,0.7641983796838971,-0.9749279121818236,-0.2225209339563146,0.8674284731834108,0,0,0,1,0,0
1969,2017-07-24,1439.5349571353408,-0.3754703786876202,-0.9268343944460494,0.6959977221267386,0.7180439894563502,0.0,1.0,0.8873585302803527,0,0,0,1,0,0
1970,2017-07-25,778.3181128743803,-0.3913578365610259,-0.9202385798054076,0.7202851594252706,0.6936780875245466,0.7818314824680298,0.6234898018587336,0.8968300597468688,0,0,0,1,0,0
1971,2017-07-26,997.7448755333696,-0.4071294853542516,-0.9133704517637858,0.7437200839287408,0.6684911643103645,0.9749279121818236,-0.2225209339563143,0.9059551911095096,0,0,0,1,0,0
1972,2017-07-27,1067.539604051443,-0.4227806579826773,-0.9062320427107696,0.7662747586044899,0.6425130304714689,0.4338837391175582,-0.900968867902419,0.914721343722234,0,0,0,1,0,0
1973,2017-07-28,753.5982155226441,-0.4383067230125192,-0.898825465016444,0.7879224882631226,0.6157744331240536,-0.433883739117558,-0.9009688679024191,0.9231163463866358,0,0,0,1,0,0
1974,2017-07-29,917.3943840289592,-0.4537030860313442,-0.8911529104063088,0.8086376511543126,0.5883070194512693,-0.9749279121818236,-0.2225209339563146,0.9311284654622024,0,0,0,1,0,0
1975,2017-07-31,888.292147888328,-0.4840885216389758,-0.8750190302029955,0.847173337473877,0.5313166064347815,0.0,1.0,0.9459594689067654,0,0,0,1,0,0
1976,2017-08-01,892.7590226567128,-0.4990686026885319,-0.8665624788845385,0.8649482509584342,0.5018610596210326,0.7818314824680298,0.6234898018587336,0.9527573147659876,0,0,0,1,0,0
1977,2017-08-02,1113.177898010659,-0.5139010013093103,-0.8578494977869301,0.8816994317707848,0.4718115217065765,0.9749279121818236,-0.2225209339563143,0.9591302497107984,0,0,0,1,0,0
1978,2017-08-03,907.562305584622,-0.5285813283559292,-0.8488826652214553,0.8974070536021568,0.4412035586269627,0.4338837391175582,-0.900968867902419,0.9650691177896804,0,0,0,1,0,0
1979,2017-08-04,911.6889762216664,-0.5431052396834317,-0.8396646346181327,0.912052525275964,0.4100733972568043,-0.433883739117558,-0.9009688679024191,0.9705653490349352,0,0,0,1,0,0
1980,2017-08-07,946.1989830895797,-0.5856957398073508,-0.8105309990194823,0.9494491062150135,0.3139210007430401,0.0,1.0,0.9843217347761178,0,0,0,1,0,0
1981,2017-08-08,844.5601414098776,-0.5995514915196489,-0.8003361849976323,0.9596855068649522,0.2810760180331286,0.7818314824680298,0.6234898018587336,0.987974130351234,0,0,0,1,0,0
1982,2017-08-09,1778.6726804123712,-0.6132298262997502,-0.7899045386224707,0.968786046025684,0.2478983602727564,0.9749279121818236,-0.2225209339563143,0.9911505004882848,0,0,0,1,0,0
1983,2017-08-10,1202.542347711856,-0.6267266965083301,-0.7792391467859886,0.9767399525103048,0.214427295767511,0.4338837391175582,-0.900968867902419,0.9938461733264412,0,0,0,1,0,0
1984,2017-08-11,1330.318673907028,-0.6400381082043503,-0.7683431655492202,0.9835378122597296,0.1807024400923929,-0.433883739117558,-0.9009688679024191,0.9960571761381908,0,0,0,1,0,0
1985,2017-08-12,1168.1739525651967,-0.65316012232693,-0.7572198192083127,0.9891715794849548,0.1467637092037396,-0.9749279121818236,-0.2225209339563146,0.9977802450856064,0,0,0,1,0,0
1986,2017-08-14,1324.1817647566263,-0.6788204829862355,-0.734304263829602,0.9969215500633252,0.0784055037566676,0.0,1.0,0.9997531169004024,0,0,0,1,0,0
1987,2017-08-15,1226.0231852056306,-0.6913512362094071,-0.722518835873311,0.9990285807311906,0.0440669363834491,0.7818314824680298,0.6234898018587336,1.0,0,0,0,1,0,0
1988,2017-08-16,1223.4105714122818,-0.7036774074790128,-0.7105196029692745,0.999953184360873,0.0096762124072308,0.9749279121818236,-0.2225209339563143,0.9997531169004024,0,0,0,1,0,0
1989,2017-08-17,1170.273687083915,-0.7157953492826642,-0.6983101158835584,0.9996942666129788,-0.0247259641093823,0.4338837391175582,-0.900968867902419,0.9990128332490112,0,0,0,1,0,0
1990,2017-08-18,1102.5686226937612,-0.7277014757264236,-0.6858939875998223,0.998252133936544,-0.0590988755488295,-0.433883739117558,-0.9009688679024191,0.9977802450856064,0,0,0,1,0,0
1991,2017-08-19,1312.7620992356567,-0.7393922635959241,-0.673274892250183,0.9956284932063294,-0.093401838931009,-0.9749279121818236,-0.2225209339563146,0.9960571761381908,0,0,0,1,0,0
1992,2017-08-21,1123.3403321654632,-0.7621140503891487,-0.6474427960827475,0.9868505034357966,-0.1616356516011078,0.0,1.0,0.9911505004882848,0,0,0,1,0,0
1993,2017-08-22,1292.0379601541365,-0.7731383255706026,-0.6342374393978054,0.9807065438204116,-0.1954857409322303,0.7818314824680298,0.6234898018587336,0.987974130351234,0,0,0,1,0,0
1994,2017-08-23,1063.6671532452085,-0.7839338166829201,-0.620844401650647,0.973401842704431,-0.2291044578781002,0.9749279121818236,-0.2225209339563143,0.9843217347761178,0,0,0,1,0,0
1995,2017-08-24,896.8326045405149,-0.7944973291665992,-0.6072676460566135,0.9649450457625344,-0.2624520121057191,0.4338837391175582,-0.900968867902419,0.9801986733067553,0,0,0,1,0,0
1996,2017-08-25,1330.4891163722434,-0.8048257371083452,-0.593511190196115,0.9553461622632788,-0.2954889342239821,-0.433883739117558,-0.9009688679024191,0.975610980064846,0,0,0,1,0,0
1997,2017-08-26,1217.1052895224643,-0.8149159841660791,-0.5795791048257612,0.9446165532223606,-0.3281761224987386,-0.9749279121818236,-0.2225209339563146,0.9705653490349352,0,0,0,1,0,0
1998,2017-08-28,1764.3207223290306,-0.8343701235229537,-0.5512045872199277,0.9198172790502196,-0.3923470060554182,0.0,1.0,0.9591302497107984,0,0,0,1,0,0
1999,2017-08-29,2605.871997076417,-0.8437282590292712,-0.5367705514607103,0.905776965764254,-0.4237547501691298,0.7818314824680298,0.6234898018587336,0.9527573147659876,0,0,0,1,0,0
2000,2017-08-30,2563.552581321812,-0.8528367217694595,-0.522177676659508,0.8906645958869751,-0.4546609479969567,0.9749279121818236,-0.2225209339563143,0.9459594689067654,0,0,0,1,0,0
2001,2017-08-31,1960.9440344028303,-0.8616928164028521,-0.5074302810827518,0.8744980560685747,-0.4850290196805589,0.4338837391175582,-0.900968867902419,0.938746432156527,0,0,0,1,0,0
2002,2017-09-01,1494.081932306981,-0.8702939222685674,-0.4925327287220543,0.8572964806503138,-0.5148230222752145,-0.433883739117558,-0.9009688679024191,0.9311284654622024,0,0,0,1,0,0
2003,2017-09-02,1688.6472869398267,-0.8786374941610001,-0.4774894280028391,0.8390802290175676,-0.5440076922910431,-0.9749279121818236,-0.2225209339563146,0.9231163463866358,0,0,0,1,0,0
2004,2017-09-04,1297.98544684565,-0.8945422369764496,-0.4469834295196741,0.7996911138678691,-0.600411627469661,0.0,1.0,0.9059551911095096,0,0,0,1,0,0
2005,2017-09-05,1239.2587169480992,-0.9020987014301836,-0.4315297589714714,0.7785648703932891,-0.6275641342440474,0.7818314824680298,0.6234898018587336,0.8968300597468688,0,0,0,1,0,0
2006,2017-09-06,1322.3309211660276,-0.9093882203647924,-0.4159483918249421,0.756517135610563,-0.6539738706764888,0.9749279121818236,-0.2225209339563143,0.8873585302803527,0,0,0,1,0,0
2007,2017-09-07,1110.2053807274517,-0.9164086366943458,-0.4002439388573056,0.733574004706797,-0.6796095788159788,0.4338837391175582,-0.900968867902419,0.8775535639640376,0,0,0,1,0,0
2008,2017-09-08,1188.2678251693826,-0.923157872964704,-0.3844210472688554,0.709762632639161,-0.7044409168334328,-0.433883739117558,-0.9009688679024191,0.8674284731834108,0,0,0,1,0,0
2009,2017-09-09,1349.2651233960964,-0.9296339319682696,-0.3684843993077793,0.6851112019949135,-0.72843849493357,-0.9749279121818236,-0.2225209339563146,0.8569968914352789,0,0,0,1,0,0
2010,2017-09-11,1221.4652372304347,-0.9417589340994617,-0.3362887301766828,0.6334058321617086,-0.7738197799123084,0.0,1.0,0.835270211411272,0,0,0,1,0,0
2011,2017-09-12,1419.404595639268,-0.9474042892438844,-0.3200392362231385,0.6064130902482765,-0.7951497745554202,0.7818314824680298,0.6234898018587336,0.8240037097874371,0,0,0,1,0,0
2012,2017-09-13,1287.298942229455,-0.9527692922168512,-0.3036950375106588,0.578702611877601,-0.8155386483827991,0.9749279121818236,-0.2225209339563143,0.8124878481707274,0,0,0,1,0,0
2013,2017-09-14,1260.0156841427076,-0.9578523554276668,-0.2872609705505963,0.5503071945286527,-0.8349622695966589,0.4338837391175582,-0.900968867902419,0.8007374029168081,0,0,0,1,0,0
2014,2017-09-15,1108.698434919519,-0.9626519747161488,-0.2707418984477642,0.5212604463582784,-0.8533976488498011,-0.433883739117558,-0.9009688679024191,0.7887672852587113,0,0,0,1,0,0
2015,2017-09-16,1803.653342991352,-0.9671667297977312,-0.2541427094613622,0.4915967464233612,-0.8708229664552752,-0.9749279121818236,-0.2225209339563146,0.7765925101265281,0,0,0,1,0,0
2016,2017-09-19,1069.2023905313158,-0.978988873740932,-0.2039136706831147,0.3992584296048835,-0.9168384298170764,0.7818314824680298,0.6234898018587336,0.7389912962803088,0,0,0,1,0,0
2017,2017-09-20,1130.7373380703852,-0.9823516608469236,-0.1870433490699165,0.3674846892184069,-0.9300295711374188,0.9749279121818236,-0.2225209339563143,0.7261490370736908,0,0,0,1,0,0
2018,2017-09-21,1025.0658796927023,-0.9854237542919524,-0.1701176783204905,0.3352760024840169,-0.9421199510456922,0.4338837391175582,-0.900968867902419,0.71317767835549,0,0,0,1,0,0
2019,2017-09-22,1097.43711914158,-0.9882042449941422,-0.15314166701312,0.3026704908556892,-0.9530952596488852,-0.433883739117558,-0.9009688679024191,0.7000922199176512,0,0,0,1,0,0
2020,2017-09-23,1048.353016854206,-0.9906923101615608,-0.136120338622667,0.2697067454601279,-0.962942506826501,-0.9749279121818236,-0.2225209339563146,0.6869075574573877,0,0,0,1,0,0
2021,2017-09-26,1129.0255199641824,-0.9963950238187232,-0.0848348779057653,0.1690581003831471,-0.9856060869814276,0.7818314824680298,0.6234898018587336,0.6469051754643523,0,0,0,1,0,0
2022,2017-09-27,1022.5985901087796,-0.9977068927101168,-0.0676827617545516,0.1350551158403456,-0.9908380875225532,0.9749279121818236,-0.2225209339563143,0.6334696366573507,0,0,0,1,0,0
2023,2017-09-28,1087.224496384478,-0.9987235240803972,-0.0505106171852228,0.1008922831974033,-0.9948973551031356,0.4338837391175582,-0.900968867902419,0.6200068879809458,0,0,0,1,0,0
2024,2017-09-29,1026.4817227223816,-0.9994446170919858,-0.0333235257116313,0.0666100367900326,-0.9977790852682924,-0.433883739117558,-0.9009688679024191,0.6065306597126334,0,0,0,1,0,0
2025,2017-09-30,1195.4487974883004,-0.9998699583618592,-0.0161265732706577,0.0322489522893041,-0.9994798672690922,-0.9749279121818236,-0.2225209339563146,0.5930544067956073,0,0,0,1,0,0
2026,2017-10-02,1267.1530383574957,-0.999832969770105,0.0182765576816912,-0.0365470098881199,-0.9993319348786156,0.0,1.0,0.5661541495171976,0,0,0,0,1,0
2027,2017-10-03,1938.8629857875312,-0.9993706508539968,0.0354725557531255,-0.0709004622609115,-0.9974833955766828,0.7818314824680298,0.6234898018587336,0.5527555015877842,0,0,0,0,1,0
2028,2017-10-07,1670.7685589954492,-0.9945667569706336,0.1041007489354256,-0.2070702885338407,-0.9783260681421668,-0.9749279121818236,-0.2225209339563146,0.4997835137030315,0,0,0,0,1,0
2029,2017-10-09,983.6878542219672,-0.9903973200352558,0.1382503109109819,-0.2738454748405547,-0.9617737030660336,0.0,1.0,0.473826726395364,0,0,0,0,1,0
2030,2017-10-10,615.0013330324018,-0.9878726596350428,0.1552662498599956,-0.3067665664015059,-0.9517847833088268,0.7818314824680298,0.6234898018587336,0.4610167107835354,0,0,0,0,1,0
2031,2017-10-11,1393.75,-0.9850556718215012,0.172236243027682,-0.3393245761752893,-0.9406693531754186,0.9749279121818236,-0.2225209339563143,0.448331563940943,0,0,0,0,1,0
2032,2017-10-12,392.7315329328352,-0.981947190186646,0.1891552687200409,-0.3714809692572883,-0.9284405686308982,0.4338837391175582,-0.900968867902419,0.4357802031543156,0,0,0,0,1,0
2033,2017-10-13,353.17981608337163,-0.9785481345802032,0.2060183203251708,-0.4031976860870853,-0.9151129033807908,-0.433883739117558,-0.9009688679024191,0.4233711028530494,0,0,0,0,1,0
2034,2017-10-14,355.9485250686813,-0.9748595108374124,0.2228204077947995,-0.4344371874948622,-0.9007021317403184,-0.9749279121818236,-0.2225209339563146,0.4111122905071874,0,0,0,0,1,0
2035,2017-10-16,433.3559814441685,-0.9666180104000972,0.2562218218071163,-0.4953372552325659,-0.8687007560596847,0.0,1.0,0.3870753885499897,0,0,0,0,1,0
2036,2017-10-17,385.5134202906444,-0.9620675724981452,0.2728112643340191,-0.5249257416559593,-0.8511480281049478,0.7818314824680298,0.6234898018587336,0.3753110988513995,0,0,0,0,1,0
2037,2017-10-18,440.18515899019934,-0.957232443323312,0.2893199776186952,-0.5538929381563792,-0.8325879011014353,0.9749279121818236,-0.2225209339563143,0.3637246969042016,0,0,0,0,1,0
2038,2017-10-19,557.1371786340247,-0.9521140536681102,0.3057430764672831,-0.5822045598324479,-0.8130423423846421,0.4338837391175582,-0.900968867902419,0.3523219549954969,0,0,0,0,1,0
2039,2017-10-20,365.5979038968576,-0.9467139181463862,0.3220757010206104,-0.6098270977059321,-0.7925344856241648,-0.433883739117558,-0.9009688679024191,0.3411081980965921,0,0,0,0,1,0
2040,2017-10-21,361.5922195502581,-0.9410336347451196,0.3383130181923076,-0.6367278583821979,-0.7710886034432227,-0.9749279121818236,-0.2225209339563146,0.3300883075351398,0,0,0,0,0,1
2041,2017-10-23,878.2345314735336,-0.9288394302558068,0.3704825404820963,-0.6882375836422284,-0.7254853743958638,0.0,1.0,0.3086474612366189,0,0,0,0,0,1
2042,2017-10-24,476.6918654173765,-0.9223291176290545,0.3864052261209853,-0.7127855825108473,-0.7013820024527804,0.7818314824680298,0.6234898018587336,0.2982340961814215,0,0,0,0,0,1
2043,2017-10-25,330.2255548190473,-0.9155458729775467,0.4022135682368036,-0.7364899449095569,-0.6764484910524362,0.9749279121818236,-0.2225209339563143,0.2880297924974456,0,0,0,0,0,1
2044,2017-10-26,319.5126925365752,-0.9084917035725082,0.4179028888867866,-0.7593226149052589,-0.6507143509201561,0.4338837391175582,-0.900968867902419,0.2780373004531941,0,0,0,0,0,1
2045,2017-10-27,318.2887691486929,-0.9011686968561567,0.4334685453485363,-0.7812565682797488,-0.6242100403868479,-0.433883739117558,-0.9009688679024191,0.2682589673008851,0,0,0,0,0,1
2046,2017-10-28,619.6808394461386,-0.8935790198239952,0.4489059314938798,-0.8022658445149573,-0.5969669293392242,-0.9749279121818236,-0.2225209339563146,0.258696746701885,0,0,0,0,0,1
2047,2017-10-30,357.90304844523183,-0.8776087166898392,0.4793776594606945,-0.8414120250581577,-0.5403941192199728,0.0,1.0,0.2402265507324824,0,0,0,0,0,1
2048,2017-10-31,299.9896820049123,-0.8692328164574792,0.4944029842076181,-0.8595025968555411,-0.5111313784132033,0.7818314824680298,0.6234898018587336,0.2313206080041767,0,0,0,0,0,1
2049,2017-11-01,342.1798474190033,-0.8605996962501181,0.5092820071573356,-0.876575881330507,-0.4812636743715911,0.9749279121818236,-0.2225209339563143,0.2226348658788909,0,0,0,0,0,1
2050,2017-11-02,343.77307495401885,-0.8517119107469189,0.5240103253675756,-0.8926116709398649,-0.4508263578163351,0.4338837391175582,-0.900968867902419,0.2141694715316088,0,0,0,0,0,1
2051,2017-11-03,442.3436980568887,-0.8425720899866032,0.5385835804920232,-0.9075909860952636,-0.4198554536487849,-0.433883739117558,-0.9009688679024191,0.2059242464341987,0,0,0,0,0,1
2052,2017-11-04,437.5331406694527,-0.8331829385891785,0.5529974600700271,-0.9214960976269942,-0.3883876183121974,-0.9749279121818236,-0.2225209339563146,0.1978986990836146,0,0,0,0,0,1
2053,2017-11-06,827.4529814841814,-0.8136678304455991,0.5813300798152042,-0.9460191696320084,-0.3241106766040965,0.0,1.0,0.1825031849518363,0,0,0,0,0,1
2054,2017-11-07,338.52097865849146,-0.8035476485339116,0.5952404359043674,-0.9566081051665098,-0.2913776469287574,0.7818314824680298,0.6234898018587336,0.1751307883451509,0,0,0,0,0,1
2055,2017-11-08,345.8160288142717,-0.7931896839451843,0.6089746507720486,-0.9660648215530204,-0.2582997494341228,0.9749279121818236,-0.2225209339563143,0.1679732367575336,0,0,0,0,0,1
2056,2017-11-09,360.1576163857468,-0.7825970017677834,0.6225286602431057,-0.9743781260415392,-0.2249161343518477,0.4338837391175582,-0.900968867902419,0.1610286725459804,0,0,0,0,0,1
2057,2017-11-10,479.2285211419902,-0.7717727365467837,0.6358984534680745,-0.9815381791978468,-0.1912663137538222,-0.433883739117558,-0.9009688679024191,0.1542950055015683,0,0,0,0,0,1
2058,2017-11-11,475.1794398880079,-0.7607200913564104,0.6490800741100398,-0.98753650654923,-0.1573901147866107,-0.9749279121818236,-0.2225209339563146,0.1477699265043177,0,0,0,0,0,1
2059,2017-11-13,862.7971678950728,-0.7379428103031386,0.6748632518680403,-0.9960209693076332,-0.0891191825561879,0.0,1.0,0.1353352832366127,0,0,0,0,0,1
2060,2017-11-14,421.9169860944014,-0.7262249146041543,0.6874571793269664,-0.998497062701478,-0.0548052531836224,0.7818314824680298,0.6234898018587336,0.1294201282977755,0,0,0,0,0,1
2061,2017-11-15,363.1477495775793,-0.7142921172691032,0.699847677146407,-0.999791358149542,-0.0204264575855568,0.9749279121818236,-0.2225209339563143,0.1237024067768548,0,0,0,0,0,1
2062,2017-11-16,417.1717095834772,-0.7021479494046978,0.7120310787787131,-0.9999023237537764,0.0139765142935557,0.4338837391175582,-0.900968867902419,0.1181789171817805,0,0,0,0,0,1
2063,2017-11-17,483.0925603803621,-0.6897960046655887,0.7240037789593305,-0.9988298281778684,0.0483629438947822,-0.433883739117558,-0.9009688679024191,0.1128463189671638,0,0,0,0,0,1
2064,2017-11-18,475.2495491737688,-0.6772399381909491,0.7357622347736527,-0.996575140802686,0.082692132238239,-0.9749279121818236,-0.2225209339563146,0.1077011451900321,0,0,0,0,0,1
2065,2017-11-20,613.1721973946943,-0.6515303615068021,0.75862255966641,-0.9885312610933432,0.1510163760696315,0.0,1.0,0.0979586452573397,0,0,0,0,0,1
2066,2017-11-21,404.614828424848,-0.6383844591746642,0.769717664006921,-0.9827515893084884,0.1849305645685428,0.7818314824680298,0.6234898018587336,0.093353863304629,0,0,0,0,0,1
2067,2017-11-22,460.99256476822814,-0.6250496486104377,0.7805849965070866,-0.9758087555546684,0.2186258735439368,0.9749279121818236,-0.2225209339563143,0.0889216174593863,0,0,0,0,0,1
2068,2017-11-23,514.2747274747043,-0.6115298757991053,0.7912213413483807,-0.9677109772087537,0.2520624220102616,0.4338837391175582,-0.900968867902419,0.0846579886225299,0,0,0,0,0,1
2069,2017-11-24,608.261804192035,-0.5978291414589552,0.801623551065242,-0.9584678386132248,0.2852006352448972,-0.433883739117558,-0.9009688679024191,0.080559000939185,0,0,0,0,0,1
2070,2017-11-25,669.0467030242935,-0.5839514998576998,0.8117885474764613,-0.948090279732366,0.3180012916278857,-0.9749279121818236,-0.2225209339563146,0.0766206321804935,0,0,0,0,0,1
2071,2017-11-27,596.277388177387,-0.5556819724760489,0.8313949395234058,-0.9239823598019432,0.3824350909302552,0.0,1.0,0.0692094902133194,0,0,0,0,0,1
2072,2017-11-28,338.23442899072575,-0.5412984521036173,0.8408305333122887,-0.9102805323268018,0.4139919715004559,0.7818314824680298,0.6234898018587336,0.0657285286165304,0,0,0,0,0,1
2073,2017-11-29,375.6473665934722,-0.5267547528105542,0.8500173118187018,-0.895501317943504,0.4450588607829839,0.9749279121818236,-0.2225209339563143,0.0623918271307013,0,0,0,0,0,1
2074,2017-11-30,915.6199210587416,-0.5120551783114646,0.8589525565270845,-0.8796622089871292,0.4755989887288283,0.4338837391175582,-0.900968867902419,0.0591952734739325,0,0,0,0,0,1
2075,2017-12-01,450.8369831162713,-0.4972040784469378,0.8676336233547726,-0.8627819522593745,0.5055762087514626,-0.433883739117558,-0.9009688679024191,0.0561347628341337,0,0,0,0,0,1
2076,2017-12-02,502.855486147807,-0.4822058478963526,0.8760579434344281,-0.8448805268402667,0.5349550405091192,-0.9749279121818236,-0.2225209339563146,0.0532062053822325,0,0,0,0,0,1
2077,2017-12-04,548.0083624520813,-0.451785789832884,0.8921264484954345,-0.8061001043286311,0.5917792002101544,0.0,1.0,0.0477287077631641,0,0,0,0,0,1
2078,2017-12-05,413.0640175174696,-0.4363729641045924,0.8997658785476209,-0.7852670068439961,0.6191572723971441,0.7818314824680298,0.6234898018587336,0.0451717245647246,0,0,0,0,0,1
2079,2017-12-06,493.3881370064668,-0.4208310085956556,0.9071390534005044,-0.7635044855580851,0.6458025244087264,0.9749279121818236,-0.2225209339563143,0.0427306205788496,0,0,0,0,0,1
2080,2017-12-07,519.0282719676295,-0.4051645224207563,0.9142437912130223,-0.7408382980859317,0.6716834195431209,0.4338837391175582,-0.900968867902419,0.0404014788741632,0,0,0,0,0,1
2081,2017-12-08,458.6108995756029,-0.3893781415452015,0.9210779895789526,-0.717295271600886,0.6967693257736101,-0.433883739117558,-0.9009688679024191,0.0381804338005357,0,0,0,0,0,1
2082,2017-12-09,539.8129142106369,-0.3734765374130707,0.9276396261490468,-0.6929032710826029,0.7210305520038863,-0.9749279121818236,-0.2225209339563146,0.0360636756174023,0,0,0,0,0,1
2083,2017-12-11,490.79649700461886,-0.3413465142450361,0.9399375283564132,-0.641688797825113,0.7669651144255266,0.0,1.0,0.0321280855748041,0,0,0,0,0,1
2084,2017-12-12,827.7987273155786,-0.3251276029999093,0.9456701548465688,-0.6149269413476359,0.7885840835350667,0.7818314824680298,0.6234898018587336,0.0303019500674343,0,0,0,0,0,1
2085,2017-12-13,533.8124942514825,-0.3088124812662537,0.9511229423235356,-0.587437271616382,0.8092697028283593,0.9749279121818236,-0.2225209339563143,0.0285655007845503,0,0,0,0,0,1
2086,2017-12-14,489.2761736360615,-0.2924059769510773,0.956294277219772,-0.5592523247663436,0.828997489286572,0.4338837391175582,-0.900968867902419,0.0269152637299154,0,0,0,0,0,1
2087,2017-12-15,610.0449149669889,-0.2759129450029604,0.9611826292540836,-0.5304054598463659,0.8477440935595867,-0.433883739117558,-0.9009688679024191,0.0253478407929008,0,0,0,0,0,1
2088,2017-12-16,661.4965853877703,-0.2593382659754056,0.9657865518844574,-0.5009308193361626,0.8654873276017396,-0.9749279121818236,-0.2225209339563146,0.0238599118793802,0,0,0,0,0,1
2089,2017-12-18,550.3544748298337,-0.225963608248019,0.974135744004672,-0.4402384552773285,0.8978808954950716,0.0,1.0,0.021109656453671,0,0,0,0,0,1
2090,2017-12-19,578.5843281536454,-0.2091735056463563,0.9778785428342386,-0.4090925658019766,0.9124928890712274,0.7818314824680298,0.6234898018587336,0.0198410947443702,0,0,0,0,0,1
2091,2017-12-20,882.2956467033333,-0.1923215052390948,0.9813319716704276,-0.3774624838618108,0.9260248772451376,0.9749279121818236,-0.2225209339563143,0.0186395588695301,0,0,0,0,0,1
2092,2017-12-21,541.223748211731,-0.1754125938042784,0.9844950085880858,-0.345385646087603,0.9384608438697104,0.4338837391175582,-0.900968867902419,0.0175021403684067,0,0,0,0,0,1
2093,2017-12-22,592.7128604877765,-0.1584517749608363,0.9873667175937016,-0.3129000178799537,0.949786070023521,-0.433883739117558,-0.9009688679024191,0.0164260155188855,0,0,0,0,0,1
2094,2017-12-23,473.959362447654,-0.141444067687942,0.989946248902378,-0.2800440484743445,0.9599871514317776,-0.9749279121818236,-0.2225209339563146,0.0154084455711887,0,0,0,0,0,1
2095,2017-12-25,454.1830060702301,-0.1073081316563624,0.994225811815616,-0.2133770286209279,0.9769699297608416,0.0,1.0,0.0135384401366523,0,0,0,0,0,1
2096,2017-12-26,537.6323790956509,-0.0901900042703451,0.99592457702866,-0.179644883710313,0.9837315262594304,0.7818314824680298,0.6234898018587336,0.0126809511496068,0,0,0,0,0,1
2097,2017-12-27,545.640020654313,-0.0730451882110474,0.9973286321364752,-0.1457001152853506,0.9893288009584252,0.9749279121818236,-0.2225209339563143,0.0118719091278277,0,0,0,0,0,1
2098,2017-12-28,843.1906754111743,-0.0558787569053731,0.9984375616565666,-0.1115828995860015,0.9937551290534204,0.4338837391175582,-0.900968867902419,0.0111089965382423,0,0,0,0,0,1
2099,2017-12-29,517.1447064661589,-0.0386957901765268,0.999251037438848,-0.0773336169568209,0.9970052716452285,-0.433883739117558,-0.9009688679024191,0.0103899781147773,0,0,0,0,0,1
2100,2017-12-30,600.1163457664078,-0.0215013727408137,0.999768818762748,-0.0429928040537219,0.9990753819405211,-0.9749279121818236,-0.2225209339563146,0.0097126998429016,0,0,0,0,0,1
2101,2018-01-03,625.5419996143876,0.0515843668694083,0.9986686402879996,0.1030313790431787,0.9946781061893646,0.9749279121818236,-0.2225209339563143,0.0072532058010343,0,0,0,0,0,0
2102,2018-01-04,540.1785249570603,0.0687554084811394,0.9976335468520452,0.1371854040566005,0.9905453876091832,0.4338837391175582,-0.900968867902419,0.0067628442633904,0,0,0,0,0,0
2103,2018-01-05,521.044971127223,0.0859061042613327,0.9963032375991964,0.1711770596101998,0.985240282501282,-0.433883739117558,-0.9009688679024191,0.0063025210714774,0,0,0,0,0,0
2104,2018-01-06,521.414642951197,0.1030313790431787,0.9946781061893646,0.2049661139694953,0.9787690698649216,-0.9749279121818236,-0.2225209339563146,0.0058706306788869,0,0,0,0,0,0
2105,2018-01-08,503.4020545068528,0.1371854040566005,0.9905453876091832,0.2717767384711357,0.9623603298276544,0.0,1.0,0.0050860692310127,0,0,0,0,0,0
2106,2018-01-09,564.783351401071,0.1542040475626894,0.988039023376751,0.3047192331091634,0.9524422234305676,0.7818314824680298,0.6234898018587336,0.0047305247785057,0,0,0,0,0,0
2107,2018-01-10,570.2630455059948,0.1711770596101998,0.985240282501282,0.3373010691361842,0.9413968285264122,0.9749279121818236,-0.2225209339563143,0.0043976626339341,0,0,0,0,0,0
2108,2018-01-11,568.6000413953415,0.1880994176117975,0.9821499931752292,0.3694836834473831,0.9292372181882051,0.4338837391175582,-0.900968867902419,0.0040862038707351,0,0,0,0,0,0
2109,2018-01-12,706.8419711415946,0.2049661139694953,0.9787690698649216,0.4012289854475009,0.9159777842484876,-0.433883739117558,-0.9009688679024191,0.0037949292693038,0,0,0,0,0,0
2110,2018-01-13,813.8377311409471,0.2217721575564818,0.975098513039961,0.4324994021339788,0.901634220265486,-0.9749279121818236,-0.2225209339563146,0.0035226774101574,0,0,0,0,0,0
2111,2018-01-15,536.8931424607209,0.2551824131233728,0.966892928939152,0.4934681416772373,0.8697638720650646,0.0,1.0,0.0030308737915416,0,0,0,0,0,0
2112,2018-01-16,542.4814637872445,0.2717767384711357,0.9623603298276544,0.5230943033491326,0.8522748088519838,0.7818314824680298,0.6234898018587336,0.0028092710364807,0,0,0,0,0,0
2113,2018-01-17,533.920298142907,0.2882906407095177,0.957542952811672,0.5521013427459208,0.8337770129585915,0.9749279121818236,-0.2225209339563143,0.0026025852527254,0,0,0,0,0,0
2114,2018-01-18,517.492696332486,0.3047192331091634,0.9524422234305676,0.580454927809098,0.8142923779467267,0.4338837391175582,-0.900968867902419,0.0024099155339509,0,0,0,0,0,0
2115,2018-01-19,528.4947059852992,0.321057654185271,0.9470596510722284,0.6081214998935418,0.7938439653781019,-0.433883739117558,-0.9009688679024191,0.0022304074712809,0,0,0,0,0,0
2116,2018-01-20,609.1152592277502,0.3373010691361842,0.9413968285264122,0.6350683134867438,0.7724559775191742,-0.9749279121818236,-0.2225209339563146,0.0020632513354787,0,0,0,0,0,0
2117,2018-01-22,573.0813953488372,0.3694836834473831,0.9292372181882051,0.6866759803451553,0.726963615332308,0.0,1.0,0.0017629686236867,0,0,0,0,0,0
2118,2018-01-23,573.1746805945074,0.3854133594543256,0.9227440286201428,0.7112757519738152,0.7029130847082615,0.7818314824680298,0.6234898018587336,0.0016284300482412,0,0,0,0,0,0
2119,2018-01-24,545.7084117470308,0.4012289854475009,0.9159777842484876,0.7350336741329412,0.6780306024735382,0.9749279121818236,-0.2225209339563143,0.0015034159919344,0,0,0,0,0,0
2120,2018-01-25,593.3472769688682,0.4169258813287287,0.908940487313808,0.7579216274973472,0.6523456189565257,0.4338837391175582,-0.900968867902419,0.0013873139624241,0,0,0,0,0,0
2121,2018-01-26,953.5900862592638,0.4324994021339788,0.901634220265486,0.7799125224167177,0.6258885343075018,-0.433883739117558,-0.9009688679024191,0.0012795459378999,0,0,0,0,0,0
2122,2018-01-27,783.2771971249002,0.4479449394078911,0.8940611451454876,0.8009803309782905,0.5986906625177214,-0.9749279121818236,-0.2225209339563146,0.0011795668021961,0,0,0,0,0,0
2123,2018-01-29,838.7268901008288,0.4784338202547012,0.8781236129591848,0.8402480696078469,0.5422021592729844,0.0,1.0,0.0010009501745566,0,0,0,0,0,0
2124,2018-01-30,814.0138217430786,0.4934681416772373,0.8697638720650646,0.8584015232918917,0.512978386299228,0.7818314824680298,0.6234898018587336,0.0009213735043575,0,0,0,0,0,0
2125,2018-01-31,798.7469443978135,0.5083564379375122,0.8611467540480452,0.8755389928586302,0.4831474640149687,0.9749279121818236,-0.2225209339563143,0.0008477045464715,0,0,0,0,0,0
2126,2018-02-01,951.177865774982,0.5230943033491326,0.8522748088519838,0.8916401947968874,0.452744699607371,0.4338837391175582,-0.900968867902419,0.0007795407797602,0,0,0,0,0,0
2127,2018-02-02,907.33255279963,0.5376773767406141,0.8431506618282,0.9066860720977984,0.4218060770826634,-0.433883739117558,-0.9009688679024191,0.0007165041324157,0,0,0,0,0,0
2128,2018-02-03,1044.0899173813627,0.5521013427459208,0.8337770129585915,0.9206588168102428,0.3903682146763026,-0.9749279121818236,-0.2225209339563146,0.000658239732409,0,0,0,0,0,0
2129,2018-02-05,903.5322556044028,0.580454927809098,0.8142923779467267,0.945320046913132,0.3261441535642696,0.0,1.0,0.000554717008343,0,0,0,0,0,0
2130,2018-02-06,928.8494301560928,0.5943761565849831,0.804187157621448,0.9559793438440766,0.2934339689665273,0.7818314824680298,0.6234898018587336,0.0005088543328223,0,0,0,0,0,0
2131,2018-02-07,887.7662148339163,0.6081214998935418,0.7938439653781019,0.9655071658143364,0.2603764827344581,0.9749279121818236,-0.2225209339563143,0.0004665530201723,0,0,0,0,0,0
2132,2018-02-08,777.5667909370436,0.6216868902665479,0.7832658619336791,0.9738922359149924,0.2270108209414184,0.4338837391175582,-0.900968867902419,0.0004275570451654,0,0,0,0,0,0
2133,2018-02-09,937.1455302491426,0.6350683134867438,0.7724559775191742,0.981124629771712,0.1933764744102058,-0.433883739117558,-0.9009688679024191,0.0003916270330904,0,0,0,0,0,0
2134,2018-02-10,838.8457689125116,0.6482618097757122,0.7614175109532997,0.9871957872910084,0.1595132519726365,-0.9749279121818236,-0.2225209339563146,0.0003585393208955,0,0,0,0,0,0
2135,2018-02-12,716.0384436457839,0.6740694616546161,0.7386679638813748,0.9958270335100596,0.0912607217293118,0.0,1.0,0.0003000693589348,0,0,0,0,0,0
2136,2018-02-13,642.5733417127752,0.6866759803451553,0.726963615332308,0.998376906467142,0.0569521960340397,0.7818314824680298,0.6234898018587336,0.0002743104674934,0,0,0,0,0,0
2137,2018-02-14,786.3116354889581,0.6990793005655562,0.7150441465537444,0.9997451236925734,0.0225762630415454,0.9749279121818236,-0.2225209339563143,0.0002805480820737,0,0,0,0,0,0
2138,2018-02-15,870.4023446601346,0.7112757519738152,0.7029130847082615,0.9999300657962056,-0.0118263906918325,0.4338837391175582,-0.900968867902419,0.0003068548257635,0,0,0,0,0,0
2139,2018-02-19,617.2611303176031,0.7579216274973472,0.6523456189565257,0.9888537064205885,-0.1488903868564548,0.0,1.0,0.0004370095298997,0,0,0,0,0,0
2140,2018-02-20,550.1692946742783,0.7690308592589181,0.6392116531380588,0.98314697372215,-0.1828169249850199,0.7818314824680298,0.6234898018587336,0.0004768087638956,0,0,0,0,0,0
2141,2018-02-21,596.0840140924729,0.7799125224167177,0.6258885343075018,0.976276611086932,-0.2165270852448143,0.9749279121818236,-0.2225209339563143,0.0005199757432558,0,0,0,0,0,0
2142,2018-02-22,667.715505173724,0.7905633969115482,0.612380204990065,0.9682507501166718,-0.2499809690726521,0.4338837391175582,-0.900968867902419,0.0005667708074866,0,0,0,0,0,0
2143,2018-02-23,674.7973567330992,0.8009803309782905,0.5986906625177214,0.9590788900341132,-0.2831389812281835,-0.433883739117558,-0.9009688679024191,0.0006174721799374,0,0,0,0,0,0
2144,2018-02-24,751.9826748241752,0.8111602420785621,0.5848239578463322,0.9487718864399473,-0.3159618766579029,-0.9749279121818236,-0.2225209339563146,0.0006723770032408,0,0,0,0,0,0
2145,2018-02-26,677.6627373696631,0.8307970168121247,0.5565755266413303,0.9248025743285088,-0.3804473662878516,0.0,1.0,0.0007960866914957,0,0,0,0,0,0
2146,2018-02-27,692.589423720731,0.8402480696078469,0.5422021592729844,0.9111686353326632,-0.4120336369594263,0.7818314824680298,0.6234898018587336,0.0008655903784247,0,0,0,0,0,0
2147,2018-02-28,693.8952602462573,0.8494504794814806,0.527668345562516,0.8964562582905575,-0.4431322341826345,0.9749279121818236,-0.2225209339563143,0.0009406975448679,0,0,0,0,0,0
2148,2018-03-01,773.2551896334052,0.8584015232918917,0.512978386299228,0.8806828564301475,-0.47370635037968,0.4338837391175582,-0.900968867902419,0.0010218170249252,0,0,0,0,0,0
2149,2018-03-02,760.4553336689601,0.8670985522812081,0.4981366284784055,0.8638670987837349,-0.503719798736334,-0.433883739117558,-0.9009688679024191,0.0011093837286151,0,0,0,0,0,0
2150,2018-03-03,722.529505681996,0.8755389928586302,0.4831474640149687,0.8460288880917339,-0.533137056031809,-0.9749279121818236,-0.2225209339563146,0.0012038599948282,0,0,0,0,0,0
2151,2018-03-05,723.4429837206173,0.8916401947968874,0.452744699607371,0.8073707443023492,-0.5900444739548627,0.0,1.0,0.0014155361520939,0,0,0,0,0,0
2152,2018-03-06,678.9796589625126,0.8992961915530253,0.4373400963303323,0.7865965660866021,-0.6174672802835514,0.7818314824680298,0.6234898018587336,0.0015338106793244,0,0,0,0,0,0
2153,2018-03-07,634.3473990128588,0.9066860720977984,0.4218060770826634,0.7648913904341226,-0.6441592666722685,0.9749279121818236,-0.2225209339563143,0.0016611470627641,0,0,0,0,0,0
2154,2018-03-08,670.0647904159083,0.9138076496466616,0.4061472386305788,0.742280907086982,-0.6700888411055113,0.4338837391175582,-0.900968867902419,0.0017981666618475,0,0,0,0,0,0
2155,2018-03-09,627.2247245120535,0.9206588168102428,0.3903682146763026,0.7187918772884232,-0.6952253139408722,-0.433883739117558,-0.9009688679024191,0.0019455273214659,0,0,0,0,0,0
2156,2018-03-10,670.4702360043727,0.9272375462179536,0.374473674486883,0.6944521021088763,-0.719538934232584,-0.9749279121818236,-0.2225209339563146,0.0021039250291307,0,0,0,0,0,0
2157,2018-03-12,708.3039016890235,0.9395699859530622,0.342356891994542,0.6433365204044917,-0.765583517007675,0.0,1.0,0.0024568164604892,0,0,0,0,0,0
2158,2018-03-13,588.855025084748,0.945320046913132,0.3261441535642696,0.6166212130956382,-0.7872599821916922,0.7818314824680298,0.6234898018587336,0.0026529083096449,0,0,0,0,0,0
2159,2018-03-14,559.1875671969225,0.9507903724625832,0.3098349038318025,0.5891760872322963,-0.8080046647350754,0.9749279121818236,-0.2225209339563143,0.0028632370196305,0,0,0,0,0,0
2160,2018-03-15,629.539185985673,0.9559793438440766,0.2934339689665273,0.5610336262283677,-0.8277930117131022,0.4338837391175582,-0.900968867902419,0.0030887154082367,0,0,0,0,0,0
2161,2018-03-16,772.8761435074356,0.9608854255574976,0.2769462022689364,0.5322271388474397,-0.8466016020976267,-0.433883739117558,-0.9009688679024191,0.0033303050984696,0,0,0,0,0,0
2162,2018-03-17,759.5760755038447,0.9655071658143364,0.2603764827344581,0.5027907197793043,-0.8644081744776648,-0.9749279121818236,-0.2225209339563146,0.0035890183886718,0,0,0,0,0,0
2163,2018-03-19,723.2163033805922,0.9738922359149924,0.2270108209414184,0.442168151967072,-0.8969321743510065,0.0,1.0,0.0041621296730796,0,0,0,0,0,0
2164,2018-03-20,695.1830385361202,0.977653084481664,0.2102247521189836,0.4110537546870351,-0.911611107193024,0.7818314824680298,0.6234898018587336,0.004478822680028,0,0,0,0,0,0
2165,2018-03-21,747.2624029513794,0.981124629771712,0.1933764744102058,0.3794528437245443,-0.925211078289358,0.9749279121818236,-0.2225209339563143,0.0048172331281061,0,0,0,0,0,0
2166,2018-03-22,848.4990735121315,0.984305844499033,0.1764709734915216,0.3474028211842774,-0.9377159910299092,0.4338837391175582,-0.900968867902419,0.0051786551677508,0,0,0,0,0,0
2167,2018-03-23,696.1157075987481,0.9871957872910084,0.1595132519726365,0.3149416207289519,-0.9491110448902284,-0.433883739117558,-0.9009688679024191,0.0055644450277938,0,0,0,0,0,0
2168,2018-03-24,691.2599166804827,0.9897936029670716,0.1425083279161708,0.2821076626819194,-0.9593827529490744,-0.9749279121818236,-0.2225209339563146,0.0059760228950059,0,0,0,0,0,0
2169,2018-03-26,822.4983019554323,0.9941098647022418,0.108377012791876,0.2154773150467301,-0.976508846196619,0.0,1.0,0.0068825542952156,0,0,0,0,0,0
2170,2018-03-27,778.0711088976976,0.9958270335100596,0.0912607217293118,0.1817597875913753,-0.9833429613388902,0.7818314824680298,0.6234898018587336,0.0073806845376742,0,0,0,0,0,0
2171,2018-03-28,680.5806959231253,0.9972495210773452,0.0741174251509443,0.1478271334705304,-0.9890132145779884,0.9749279121818236,-0.2225209339563143,0.0079109597339302,0,0,0,0,0,0
2172,2018-03-29,699.6922066742325,0.998376906467142,0.0569521960340397,0.1137195145859496,-0.9935128947338008,0.4338837391175582,-0.900968867902419,0.0084751469727328,0,0,0,0,0,0
2173,2018-03-30,725.438495681161,0.9992088560679752,0.0397701138460557,0.0794772999236209,-0.9968366760893436,-0.433883739117558,-0.9009688679024191,0.0090750878156515,0,0,0,0,0,0
2174,2018-03-31,801.3574502030555,0.9997451236925734,0.0225762630415454,0.0451410177739719,-0.998980624694158,-0.9749279121818236,-0.2225209339563146,0.0097126998429016,0,0,0,0,0,0
2175,2018-04-02,728.8779979847931,0.9999300657962056,-0.0118263906918325,-0.0236511272452315,-0.9997202729664084,0.0,1.0,0.0111089965382423,0,0,0,0,0,0
2176,2018-04-03,665.3183714810398,0.9995786855478958,-0.0290250133219752,-0.0580255693287803,-0.9983150972033183,0.7818314824680298,0.6234898018587336,0.0118719091278277,0,0,0,0,0,0
2177,2018-04-04,694.3781709393801,0.9989315138848576,-0.0462150469837083,-0.0923313336953912,-0.9957283388645872,0.9749279121818236,-0.2225209339563143,0.0126809511496068,0,0,0,0,0,0
2178,2018-04-05,711.6132105605182,0.9979887423155984,-0.0633914048695103,-0.1265278168386831,-0.9919630595773395,0.4338837391175582,-0.900968867902419,0.0135384401366523,0,0,0,0,0,0
2179,2018-04-06,676.6977937351462,0.9967506498213928,-0.0805490042187416,-0.1605745445949937,-0.9870237158387384,-0.433883739117558,-0.9009688679024191,0.0144467767640457,0,0,0,0,0,0
2180,2018-04-07,692.3969221498597,0.9952176027737294,-0.0976827678217159,-0.1944312200476619,-0.9809161537413774,-0.9749279121818236,-0.2225209339563146,0.0154084455711887,0,0,0,0,0,0
2181,2018-04-09,656.8145884863476,0.9912685467787256,-0.1318585157173911,-0.2614143985111562,-0.965226663665613,0.0,1.0,0.0175021403684067,0,0,0,0,0,0
2182,2018-04-10,608.5981448811673,0.9888537064205885,-0.1488903868564548,-0.2944616217868012,-0.9556633054034704,0.7818314824680298,0.6234898018587336,0.0186395588695301,0,0,0,0,0,0
2183,2018-04-11,603.354498747417,0.986146248341595,-0.1658781989346314,-0.3271603271220951,-0.9449688462364056,0.9749279121818236,-0.2225209339563143,0.0198410947443702,1,0,0,0,0,0
2184,2018-04-12,550.5836696517619,0.98314697372215,-0.1828169249850199,-0.3594718130884232,-0.9331559438780432,0.4338837391175582,-0.900968867902419,0.021109656453671,1,0,0,0,0,0
2185,2018-04-13,616.540586380871,0.9798567700958664,-0.1997015525660636,-0.3913578365610259,-0.9202385798054076,-0.433883739117558,-0.9009688679024191,0.0224482367321429,1,0,0,0,0,0
2186,2018-04-14,754.6453517678405,0.976276611086932,-0.2165270852448143,-0.4227806579826773,-0.9062320427107696,-0.9749279121818236,-0.2225209339563146,0.0238599118793802,1,0,0,0,0,0
2187,2018-04-16,617.9658719477023,0.9682507501166718,-0.2499809690726521,-0.4840885216389758,-0.8750190302029955,0.0,1.0,0.0269152637299154,1,0,0,0,0,0
2188,2018-04-17,577.6049407612805,0.9638074231367308,-0.2665994206792935,-0.5139010013093103,-0.8578494977869301,0.7818314824680298,0.6234898018587336,0.0285655007845503,1,0,0,0,0,0
2189,2018-04-18,564.4015453602979,0.9590788900341132,-0.2831389812281835,-0.5431052396834317,-0.8396646346181327,0.9749279121818236,-0.2225209339563143,0.0303019500674343,1,0,0,0,0,0
2190,2018-04-19,581.2967053369337,0.9540665500578388,-0.2995947563972602,-0.5716666713027052,-0.8204859638785327,0.4338837391175582,-0.900968867902419,0.0321280855748041,1,0,0,0,0,0
2191,2018-04-20,641.4665458202451,0.9487718864399473,-0.3159618766579029,-0.5995514915196489,-0.8003361849976323,-0.433883739117558,-0.9009688679024191,0.0340474547345993,1,0,0,0,0,0
2192,2018-04-21,640.7663230865803,0.9431964659565866,-0.3322354987159043,-0.6267266965083301,-0.7792391467859886,-0.9749279121818236,-0.2225209339563146,0.0360636756174023,1,0,0,0,0,0
2193,2018-04-23,625.3233420240076,0.9312100364121948,-0.3644830148102912,-0.6788204829862355,-0.734304263829602,0.0,1.0,0.0404014788741632,1,0,0,0,0,0
2194,2018-04-24,575.0678238003895,0.9248025743285088,-0.3804473662878516,-0.7036774074790128,-0.7105196029692745,0.7818314824680298,0.6234898018587336,0.0427306205788496,1,0,0,0,0,0
2195,2018-04-25,545.2409611750297,0.9181214482844364,-0.3962991372689181,-0.7277014757264236,-0.6858939875998223,0.9749279121818236,-0.2225209339563143,0.0451717245647246,1,0,0,0,0,0
2196,2018-04-26,585.3210354155703,0.9111686353326632,-0.4120336369594263,-0.7508642533989489,-0.6604565640279754,0.4338837391175582,-0.900968867902419,0.0477287077631641,1,0,0,0,0,0
2197,2018-04-27,500.6733908785616,0.9039461929224012,-0.4276462092677746,-0.7731383255706026,-0.6342374393978054,-0.433883739117558,-0.9009688679024191,0.0504055333627536,1,0,0,0,0,0
2198,2018-04-28,616.3470380711933,0.8964562582905575,-0.4431322341826345,-0.7944973291665992,-0.6072676460566135,-0.9749279121818236,-0.2225209339563146,0.0532062053822325,1,0,0,0,0,0
2199,2018-04-30,494.96145007875975,0.8806828564301475,-0.47370635037968,-0.8343701235229537,-0.5512045872199277,0.0,1.0,0.0591952734739325,1,0,0,0,0,0
2200,2018-05-01,495.1018539711605,0.8724040568049612,-0.4887853942889926,-0.8528367217694595,-0.522177676659508,0.7818314824680298,0.6234898018587336,0.0623918271307013,1,0,0,0,0,0
2201,2018-05-02,458.2048883314882,0.8638670987837349,-0.503719798736334,-0.8702939222685674,-0.4925327287220543,0.9749279121818236,-0.2225209339563143,0.0657285286165304,1,0,0,0,0,0
2202,2018-05-03,457.8227779444688,0.8550745085896932,-0.518505144391157,-0.886721063082993,-0.4623048304798108,0.4338837391175582,-0.900968867902419,0.0692094902133194,1,0,0,0,0,0
2203,2018-05-04,588.3013382638835,0.8460288880917339,-0.533137056031809,-0.9020987014301836,-0.4315297589714714,-0.433883739117558,-0.9009688679024191,0.0728388237369676,1,0,0,0,0,0
2204,2018-05-05,570.7349906462749,0.8367329140344921,-0.5476112038402312,-0.9164086366943458,-0.4002439388573056,-0.9749279121818236,-0.2225209339563146,0.0766206321804935,1,0,0,0,0,0
2205,2018-05-07,510.9218124016674,0.8174009818249189,-0.5760691233798758,-0.9417589340994617,-0.3362887301766828,0.0,1.0,0.0846579886225299,1,0,0,0,0,0
2206,2018-05-08,514.2569480198373,0.8073707443023492,-0.5900444739548627,-0.9527692922168512,-0.3036950375106588,0.7818314824680298,0.6234898018587336,0.0889216174593863,1,0,0,0,0,0
2207,2018-05-09,429.87383683311606,0.7971015927871943,-0.6038452208771035,-0.9626519747161488,-0.2707418984477642,0.9749279121818236,-0.2225209339563143,0.093353863304629,1,0,0,0,0,0
2208,2018-05-10,468.4240995989659,0.7865965660866021,-0.6174672802835514,-0.97139528468375,-0.2374683155584684,0.4338837391175582,-0.900968867902419,0.0979586452573397,1,0,0,0,0,0
2209,2018-05-11,469.9493646351952,0.7758587728069828,-0.6309066211876704,-0.978988873740932,-0.2039136706831147,-0.433883739117558,-0.9009688679024191,0.1027398149024943,1,0,0,0,0,0
2210,2018-05-12,560.6113487953164,0.7648913904341226,-0.6441592666722685,-0.9854237542919524,-0.1701176783204905,-0.9749279121818236,-0.2225209339563146,0.1077011451900321,1,0,0,0,0,0
2211,2018-05-14,503.6889482707956,0.742280907086982,-0.6700888411055113,-0.994788305609327,-0.1019618900517457,0.0,1.0,0.1181789171817805,1,0,0,0,0,0
2212,2018-05-15,423.1196917415734,0.7306444969184916,-0.6827580970759147,-0.9977068927101168,-0.0676827617545516,0.7818314824680298,0.6234898018587336,0.1237024067768548,1,0,0,0,0,0
2213,2018-05-16,409.2261062988462,0.7187918772884232,-0.6952253139408722,-0.9994446170919858,-0.0333235257116313,0.9749279121818236,-0.2225209339563143,0.1294201282977755,1,0,0,0,0,0
2214,2018-05-17,348.6400335689664,0.7067265555776158,-0.7074868024503348,-0.9999994220246924,0.0010751512827982,0.4338837391175582,-0.900968867902419,0.1353352832366127,1,0,0,0,0,0
2215,2018-05-18,254.3533837332457,0.6944521021088763,-0.719538934232584,-0.9993706508539968,0.0354725557531255,-0.433883739117558,-0.9009688679024191,0.1414509211393686,1,0,0,0,0,0
2216,2018-05-19,262.78097914711327,0.6819721490904629,-0.7313781428679254,-0.9975590477788612,0.0698279757298708,-0.9749279121818236,-0.2225209339563146,0.1477699265043177,1,0,0,0,0,0
2217,2018-05-21,305.8953914244606,0.6564105761979381,-0.7544038410927472,-0.9903973200352558,0.1382503109109819,0.0,1.0,0.1610286725459804,0,1,0,0,0,0
2218,2018-05-22,284.3489626001194,0.6433365204044917,-0.765583517007675,-0.9850556718215012,0.172236243027682,0.7818314824680298,0.6234898018587336,0.1679732367575336,0,1,0,0,0,0
2219,2018-05-23,269.2467682530512,0.6300720909843687,-0.7765366444428655,-0.9785481345802032,0.2060183203251708,0.9749279121818236,-0.2225209339563143,0.1751307883451509,0,1,0,0,0,0
2220,2018-05-24,293.31958217784154,0.6166212130956382,-0.7872599821916922,-0.9708824104813836,0.239556559120927,0.4338837391175582,-0.900968867902419,0.1825031849518363,0,1,0,0,0,0
2221,2018-05-25,359.87455933980647,0.6029878670694714,-0.7977503570459932,-0.9620675724981452,0.2728112643340191,-0.433883739117558,-0.9009688679024191,0.1900920380007587,0,1,0,0,0,0
2222,2018-05-26,350.86033537038634,0.5891760872322963,-0.8080046647350754,-0.9521140536681102,0.3057430764672831,-0.9749279121818236,-0.2225209339563146,0.1978986990836146,0,1,0,0,0,0
2223,2018-05-28,351.2477862598228,0.5610336262283677,-0.8277930117131022,-0.9288394302558068,0.3704825404820963,0.0,1.0,0.2141694715316088,0,1,0,0,0,0
2224,2018-05-29,358.39569960721747,0.5467112728685939,-0.8373211953118121,-0.9155458729775467,0.4022135682368036,0.7818314824680298,0.6234898018587336,0.2226348658788909,0,1,0,0,0,0
2225,2018-05-30,296.1083007215294,0.5322271388474397,-0.8466016020976267,-0.9011686968561567,0.4334685453485363,0.9749279121818236,-0.2225209339563143,0.2313206080041767,0,1,0,0,0,0
2226,2018-05-31,301.6948990402667,0.5175855102531889,-0.8556314858488706,-0.8857249183835637,0.4642104791518923,0.4338837391175582,-0.900968867902419,0.2402265507324824,0,1,0,0,0,0
2227,2018-06-01,318.92369907092973,0.5027907197793043,-0.8644081744776648,-0.8692328164574792,0.4944029842076181,-0.433883739117558,-0.9009688679024191,0.2493522087772961,0,1,0,0,0,0
2228,2018-06-02,276.0957007238111,0.4878471454423119,-0.8729290708206411,-0.8517119107469189,0.5240103253675756,-0.9749279121818236,-0.2225209339563146,0.258696746701885,0,1,0,0,0,0
2229,2018-06-04,240.60047210336228,0.4575313760742512,-0.8891934772070711,-0.8136678304455991,0.5813300798152042,0.0,1.0,0.2780373004531941,0,1,0,0,0,0
2230,2018-06-05,328.303526770332,0.442168151967072,-0.8969321743510065,-0.7931896839451843,0.6089746507720486,0.7818314824680298,0.6234898018587336,0.2880297924974456,0,1,0,0,0,0
2231,2018-06-06,236.7133871275176,0.4266740831899246,-0.9044054548343,-0.7717727365467837,0.6358984534680745,0.9749279121818236,-0.2225209339563143,0.2982340961814215,0,1,0,0,0,0
2232,2018-06-07,234.0350989907183,0.4110537546870351,-0.911611107193024,-0.7494423368521953,0.6620696215153815,0.4338837391175582,-0.900968867902419,0.3086474612366189,0,1,0,0,0,0
2233,2018-06-08,220.3729592273233,0.3953117887649151,-0.9185469991587164,-0.7262249146041543,0.6874571793269664,-0.433883739117558,-0.9009688679024191,0.3192667256288431,0,1,0,0,0,0
2234,2018-06-09,263.31584898976826,0.3794528437245443,-0.925211078289358,-0.7021479494046978,0.7120310787787131,-0.9749279121818236,-0.2225209339563146,0.3300883075351398,0,1,0,0,0,0
2235,2018-06-11,265.2276153150437,0.3474028211842774,-0.9377159910299092,-0.6515303615068021,0.75862255966641,0.0,1.0,0.3523219549954969,0,1,0,0,0,0
2236,2018-06-12,274.43587329015,0.3312212278016865,-0.9435531242349544,-0.6250496486104377,0.7805849965070866,0.7818314824680298,0.6234898018587336,0.3637246969042016,0,1,0,0,0,0
2237,2018-06-13,287.30486527331743,0.3149416207289519,-0.9491110448902284,-0.5978291414589552,0.801623551065242,0.9749279121818236,-0.2225209339563143,0.3753110988513995,0,1,0,0,0,0
2238,2018-06-14,362.27455767359737,0.2985688173637202,-0.9543881083175908,-0.5699010576127624,0.821713322596059,0.4338837391175582,-0.900968867902419,0.3870753885499897,0,1,0,0,0,0
2239,2018-06-15,366.5504203514368,0.2821076626819194,-0.9593827529490744,-0.5412984521036173,0.8408305333122887,-0.433883739117558,-0.9009688679024191,0.39901134372866,0,1,0,0,0,0
2240,2018-06-16,409.6950784545797,0.2655630278040559,-0.9640935007889756,-0.5120551783114646,0.8589525565270845,-0.9749279121818236,-0.2225209339563146,0.4111122905071874,0,1,0,0,0,0
2241,2018-06-18,320.2002449147228,0.2322429240090701,-0.9726578145718654,-0.451785789832884,0.8921264484954345,0.0,1.0,0.4357802031543156,0,1,0,0,0,0
2242,2018-06-19,307.4766415852169,0.2154773150467301,-0.976508846196619,-0.4208310085956556,0.9071390534005044,0.7818314824680298,0.6234898018587336,0.448331563940943,0,1,0,0,0,0
2243,2018-06-20,302.0909171958366,0.1986479428801711,-0.9800709131432666,-0.3893781415452015,0.9210779895789526,0.9749279121818236,-0.2225209339563143,0.4610167107835354,0,1,0,0,0,0
2244,2018-06-21,332.43769972353743,0.1817597875913753,-0.9833429613388902,-0.3574644155648614,0.9339267592294762,0.4338837391175582,-0.900968867902419,0.473826726395364,0,1,0,0,0,0
2245,2018-06-22,335.9954550087975,0.1648178466571979,-0.9863240225317866,-0.3251276029999093,0.9456701548465688,-0.433883739117558,-0.9009688679024191,0.4867522559599717,0,1,0,0,0,0
2246,2018-06-23,424.77923765648006,0.1478271334705304,-0.9890132145779884,-0.2924059769510773,0.956294277219772,-0.9749279121818236,-0.2225209339563146,0.4997835137030315,0,1,0,0,0,0
2247,2018-06-25,451.4428013058731,0.1137195145859496,-0.9935128947338008,-0.225963608248019,0.974135744004672,0.0,1.0,0.5261219640934566,0,1,0,0,0,0
2248,2018-06-26,465.9949089446188,0.0966127018812031,-0.9953220513156602,-0.1923215052390948,0.9813319716704276,0.7818314824680298,0.6234898018587336,0.5394075072376265,0,1,0,0,0,0
2249,2018-06-27,480.0832870152636,0.0794772999236209,-0.9968366760893436,-0.1584517749608363,0.9873667175937016,0.9749279121818236,-0.2225209339563143,0.5527555015877842,0,1,0,0,0,0
2250,2018-06-28,375.12448886337273,0.062318379354325,-0.998056320853012,-0.1243945048397999,0.9922328391893008,0.4338837391175582,-0.900968867902419,0.5661541495171976,0,1,0,0,0,0
2251,2018-06-29,301.747014315245,0.0451410177739719,-0.998980624694158,-0.0901900042703451,0.99592457702866,-0.433883739117558,-0.9009688679024191,0.5795912885442627,0,1,0,0,0,0
2252,2018-06-30,261.6228927912937,0.0279502982402103,-0.999609314096404,-0.0558787569053731,0.9984375616565666,-0.9749279121818236,-0.2225209339563146,0.5930544067956073,0,1,0,0,0,0
2253,2018-07-02,531.1620186353528,-0.0064508641981051,-0.9999791929590824,0.0129014599494196,0.9999167727021951,0.0,1.0,0.6200068879809458,0,0,1,0,0,0
2254,2018-07-03,381.6979235711284,-0.0236511272452315,-0.9997202729664084,0.0472890227711323,0.9988812483600598,0.7818314824680298,0.6234898018587336,0.6334696366573507,0,0,1,0,0,0
2255,2018-07-04,364.7966927149379,-0.0408443915432961,-0.9991655196610107,0.0816206154031905,0.996663471358916,0.9749279121818236,-0.2225209339563143,0.6469051754643523,0,0,1,0,0,0
2256,2018-07-05,311.4174829471274,-0.0580255693287803,-0.9983150972033183,0.1158556037694784,0.9932660666081418,0.4338837391175582,-0.900968867902419,0.6602995202173131,0,0,1,0,0,0
2257,2018-07-06,404.6150425202388,-0.0751895764147585,-0.9971692572470178,0.1499534681324453,0.9886930551971383,-0.433883739117558,-0.9009688679024191,0.6736384553447267,0,0,1,0,0,0
2258,2018-07-07,532.1908089333065,-0.0923313336953912,-0.9957283388645872,0.1838738510513275,0.9829498496360606,-0.9749279121818236,-0.2225209339563146,0.6869075574573877,0,0,1,0,0,0
2259,2018-07-09,514.2888200010852,-0.1265278168386831,-0.9919630595773395,0.2510218406258827,0.9679814231320734,0.0,1.0,0.71317767835549,0,0,1,0,0,0
2260,2018-07-10,539.4252244786979,-0.1435724234118113,-0.9896398128792412,0.2841699724797683,0.9587739184713192,0.7818314824680298,0.6234898018587336,0.7261490370736908,0,0,1,0,0,0
2261,2018-07-11,795.9352399243766,-0.1605745445949937,-0.9870237158387384,0.3169817673505278,0.9484316312562208,0.9749279121818236,-0.2225209339563143,0.7389912962803088,0,0,0,1,0,0
2262,2018-07-12,614.7355351094022,-0.1775291491870349,-0.984115542601034,0.3494183899593976,0.936966802377855,0.4338837391175582,-0.900968867902419,0.751689380082437,0,0,0,1,0,0
2263,2018-07-13,478.14591435747855,-0.1944312200476619,-0.9809161537413774,0.3814414490727919,0.9243930013415552,-0.433883739117558,-0.9009688679024191,0.7642281651714905,0,0,0,1,0,0
2264,2018-07-14,683.9404552331391,-0.2112757555821793,-0.9774264960104057,0.4130130429412807,0.9107251102063584,-0.9749279121818236,-0.2225209339563146,0.7765925101265281,0,0,0,1,0,0
2265,2018-07-16,563.4143011115833,-0.2447723008972595,-0.9695805901076308,0.4746529438919349,0.8801730414269229,0.0,1.0,0.8007374029168081,0,0,0,1,0,0
2266,2018-07-17,543.193685670737,-0.2614143985111562,-0.965226663665613,0.5046482954181526,0.8633250245021008,0.7818314824680298,0.6234898018587336,0.8124878481707274,0,0,0,1,0,0
2267,2018-07-18,581.5982409457896,-0.2779791393987801,-0.9605871111248128,0.5340463569360717,0.8454551961182272,0.9749279121818236,-0.2225209339563143,0.8240037097874371,0,0,0,1,0,0
2268,2018-07-19,566.849668186488,-0.2944616217868012,-0.9556633054034704,0.5628123335824821,0.8265847065893737,0.4338837391175582,-0.900968867902419,0.835270211411272,0,0,0,1,0,0
2269,2018-07-20,651.236598089059,-0.3108569682435036,-0.9504567035349152,0.5909121786151564,0.8067358905889147,-0.433883739117558,-0.9009688679024191,0.8462727428586204,0,0,0,1,0,0
2270,2018-07-21,851.5395315161584,-0.3271603271220951,-0.9449688462364056,0.6183126337097825,0.7859322407147274,-0.9749279121818236,-0.2225209339563146,0.8569968914352789,0,0,0,1,0,0
2271,2018-07-23,705.9968052714632,-0.3594718130884232,-0.9331559438780432,0.6708865180801582,0.7415600311898435,0.0,1.0,0.8775535639640376,0,0,0,1,0,0
2272,2018-07-24,658.9617717158409,-0.3754703786876202,-0.9268343944460494,0.6959977221267386,0.7180439894563502,0.7818314824680298,0.6234898018587336,0.8873585302803527,0,0,0,1,0,0
2273,2018-07-25,939.8968414426804,-0.3913578365610259,-0.9202385798054076,0.7202851594252706,0.6936780875245466,0.9749279121818236,-0.2225209339563143,0.8968300597468688,0,0,0,1,0,0
2274,2018-07-26,958.9204573547588,-0.4071294853542516,-0.9133704517637858,0.7437200839287408,0.6684911643103645,0.4338837391175582,-0.900968867902419,0.9059551911095096,0,0,0,1,0,0
2275,2018-07-27,1029.283599825199,-0.4227806579826773,-0.9062320427107696,0.7662747586044899,0.6425130304714689,-0.433883739117558,-0.9009688679024191,0.914721343722234,0,0,0,1,0,0
2276,2018-07-28,980.8948443583296,-0.4383067230125192,-0.898825465016444,0.7879224882631226,0.6157744331240536,-0.9749279121818236,-0.2225209339563146,0.9231163463866358,0,0,0,1,0,0
2277,2018-07-30,920.8705539445184,-0.4689651910076318,-0.8832166493127127,0.8283957292921138,0.5601432992463508,0.0,1.0,0.938746432156527,0,0,0,1,0,0
2278,2018-07-31,911.434368733703,-0.4840885216389758,-0.8750190302029955,0.847173337473877,0.5313166064347815,0.7818314824680298,0.6234898018587336,0.9459594689067654,0,0,0,1,0,0
2279,2018-08-01,933.2164936629008,-0.4990686026885319,-0.8665624788845385,0.8649482509584342,0.5018610596210326,0.9749279121818236,-0.2225209339563143,0.9527573147659876,0,0,0,1,0,0
2280,2018-08-02,770.4220738764426,-0.5139010013093103,-0.8578494977869301,0.8816994317707848,0.4718115217065765,0.4338837391175582,-0.900968867902419,0.9591302497107984,0,0,0,1,0,0
2281,2018-08-03,679.8737445962547,-0.5285813283559292,-0.8488826652214553,0.8974070536021568,0.4412035586269627,-0.433883739117558,-0.9009688679024191,0.9650691177896804,0,0,0,1,0,0
2282,2018-08-06,759.4150857237744,-0.5716666713027052,-0.8204859638785327,0.9380889596420648,0.3463944338433696,0.0,1.0,0.9801986733067553,0,0,0,1,0,0
2283,2018-08-07,779.0466695598119,-0.5856957398073508,-0.8105309990194823,0.9494491062150135,0.3139210007430401,0.7818314824680298,0.6234898018587336,0.9843217347761178,0,0,0,1,0,0
2284,2018-08-08,907.182710847488,-0.5995514915196489,-0.8003361849976323,0.9596855068649522,0.2810760180331286,0.9749279121818236,-0.2225209339563143,0.987974130351234,0,0,0,1,0,0
2285,2018-08-09,918.1417055320808,-0.6132298262997502,-0.7899045386224707,0.968786046025684,0.2478983602727564,0.4338837391175582,-0.900968867902419,0.9911505004882848,0,0,0,1,0,0
2286,2018-08-10,830.2930748655651,-0.6267266965083301,-0.7792391467859886,0.9767399525103048,0.214427295767511,-0.433883739117558,-0.9009688679024191,0.9938461733264412,0,0,0,1,0,0
2287,2018-08-11,966.2454232796888,-0.6400381082043503,-0.7683431655492202,0.9835378122597296,0.1807024400923929,-0.9749279121818236,-0.2225209339563146,0.9960571761381908,0,0,0,1,0,0
2288,2018-08-13,956.0061310187832,-0.666088855860977,-0.7458723993404063,0.993634586189866,0.112651272195629,0.0,1.0,0.9990128332490112,0,0,0,1,0,0
2289,2018-08-14,1101.4326153529428,-0.6788204829862355,-0.734304263829602,0.9969215500633252,0.0784055037566676,0.7818314824680298,0.6234898018587336,0.9997531169004024,0,0,0,1,0,0
2290,2018-08-15,1367.6722844169694,-0.6913512362094071,-0.722518835873311,0.9990285807311906,0.0440669363834491,0.9749279121818236,-0.2225209339563143,1.0,0,0,0,1,0,0
2291,2018-08-16,1368.4474559685411,-0.7036774074790128,-0.7105196029692745,0.999953184360873,0.0096762124072308,0.4338837391175582,-0.900968867902419,0.9997531169004024,0,0,0,1,0,0
2292,2018-08-17,1338.8273052147588,-0.7157953492826642,-0.6983101158835584,0.9996942666129788,-0.0247259641093823,-0.433883739117558,-0.9009688679024191,0.9990128332490112,0,0,0,1,0,0
2293,2018-08-18,1547.9683700100836,-0.7277014757264236,-0.6858939875998223,0.998252133936544,-0.0590988755488295,-0.9749279121818236,-0.2225209339563146,0.9977802450856064,0,0,0,1,0,0
2294,2018-08-20,1287.7747711313618,-0.7508642533989489,-0.6604565640279754,0.9918264497026016,-0.1275942540647218,0.0,1.0,0.9938461733264412,0,0,0,1,0,0
2295,2018-08-21,1610.5895274897412,-0.7621140503891487,-0.6474427960827475,0.9868505034357966,-0.1616356516011078,0.7818314824680298,0.6234898018587336,0.9911505004882848,0,0,0,1,0,0
2296,2018-08-22,1585.3249668676497,-0.7731383255706026,-0.6342374393978054,0.9807065438204116,-0.1954857409322303,0.9749279121818236,-0.2225209339563143,0.987974130351234,0,0,0,1,0,0
2297,2018-08-23,1771.2882835208952,-0.7839338166829201,-0.620844401650647,0.973401842704431,-0.2291044578781002,0.4338837391175582,-0.900968867902419,0.9843217347761178,0,0,0,1,0,0
2298,2018-08-24,1907.1539372110767,-0.7944973291665992,-0.6072676460566135,0.9649450457625344,-0.2624520121057191,-0.433883739117558,-0.9009688679024191,0.9801986733067553,0,0,0,1,0,0
2299,2018-08-25,1692.6678378835422,-0.8048257371083452,-0.593511190196115,0.9553461622632788,-0.2954889342239821,-0.9749279121818236,-0.2225209339563146,0.975610980064846,0,0,0,1,0,0
2300,2018-08-27,1285.6881089787073,-0.8247650844733614,-0.5654755126737576,0.9327689179559782,-0.3604748891327019,0.0,1.0,0.9650691177896804,0,0,0,1,0,0
2301,2018-08-28,1307.2753393228552,-0.8343701235229537,-0.5512045872199277,0.9198172790502196,-0.3923470060554182,0.7818314824680298,0.6234898018587336,0.9591302497107984,0,0,0,1,0,0
2302,2018-08-29,1085.3893683843987,-0.8437282590292712,-0.5367705514607103,0.905776965764254,-0.4237547501691298,0.9749279121818236,-0.2225209339563143,0.9527573147659876,0,0,0,1,0,0
2303,2018-08-30,867.1581914906166,-0.8528367217694595,-0.522177676659508,0.8906645958869751,-0.4546609479969567,0.4338837391175582,-0.900968867902419,0.9459594689067654,0,0,0,1,0,0
2304,2018-08-31,960.4989119413018,-0.8616928164028521,-0.5074302810827518,0.8744980560685747,-0.4850290196805589,-0.433883739117558,-0.9009688679024191,0.938746432156527,0,0,0,1,0,0
2305,2018-09-01,1063.363500313834,-0.8702939222685674,-0.4925327287220543,0.8572964806503138,-0.5148230222752145,-0.9749279121818236,-0.2225209339563146,0.9311284654622024,0,0,0,1,0,0
2306,2018-09-03,731.4261019297644,-0.886721063082993,-0.4623048304798108,0.8198708615029215,-0.5725484874300667,0.0,1.0,0.914721343722234,0,0,0,1,0,0
2307,2018-09-04,949.70149669468,-0.8945422369764496,-0.4469834295196741,0.7996911138678691,-0.600411627469661,0.7818314824680298,0.6234898018587336,0.9059551911095096,0,0,0,1,0,0
2308,2018-09-05,909.1607571046636,-0.9020987014301836,-0.4315297589714714,0.7785648703932891,-0.6275641342440474,0.9749279121818236,-0.2225209339563143,0.8968300597468688,0,0,0,1,0,0
2309,2018-09-06,771.5195054673801,-0.9093882203647924,-0.4159483918249421,0.756517135610563,-0.6539738706764888,0.4338837391175582,-0.900968867902419,0.8873585302803527,0,0,0,1,0,0
2310,2018-09-07,793.7948923983957,-0.9164086366943458,-0.4002439388573056,0.733574004706797,-0.6796095788159788,-0.433883739117558,-0.9009688679024191,0.8775535639640376,0,0,0,1,0,0
2311,2018-09-08,733.3269462273225,-0.923157872964704,-0.3844210472688554,0.709762632639161,-0.7044409168334328,-0.9749279121818236,-0.2225209339563146,0.8674284731834108,0,0,0,1,0,0
2312,2018-09-10,941.9165552997092,-0.935834897334994,-0.3524387108846032,0.6596488896351408,-0.7515739101399981,0.0,1.0,0.8462727428586204,0,0,0,1,0,0
2313,2018-09-11,854.6874826495776,-0.9417589340994617,-0.3362887301766828,0.6334058321617086,-0.7738197799123084,0.7818314824680298,0.6234898018587336,0.835270211411272,0,0,0,1,0,0
2314,2018-09-12,869.78156713321,-0.9474042892438844,-0.3200392362231385,0.6064130902482765,-0.7951497745554202,0.9749279121818236,-0.2225209339563143,0.8240037097874371,0,0,0,1,0,0
2315,2018-09-13,949.4754450040195,-0.9527692922168512,-0.3036950375106588,0.578702611877601,-0.8155386483827991,0.4338837391175582,-0.900968867902419,0.8124878481707274,0,0,0,1,0,0
2316,2018-09-14,764.5169275791817,-0.9578523554276668,-0.2872609705505963,0.5503071945286527,-0.8349622695966589,-0.433883739117558,-0.9009688679024191,0.8007374029168081,0,0,0,1,0,0
2317,2018-09-15,820.474185662403,-0.9626519747161488,-0.2707418984477642,0.5212604463582784,-0.8533976488498011,-0.9749279121818236,-0.2225209339563146,0.7887672852587113,0,0,0,1,0,0
2318,2018-09-17,614.2605397209354,-0.97139528468375,-0.2374683155584684,0.461351203990578,-0.8872175982116474,0.0,1.0,0.7642281651714905,0,0,0,1,0,0
2319,2018-09-18,626.4997598928038,-0.9753363880767836,-0.2207236509605022,0.4305596169818739,-0.9025621398133328,0.7818314824680298,0.6234898018587336,0.751689380082437,0,0,0,1,0,0
2320,2018-09-19,684.2200351002729,-0.978988873740932,-0.2039136706831147,0.3992584296048835,-0.9168384298170764,0.9749279121818236,-0.2225209339563143,0.7389912962803088,0,0,0,1,0,0
2321,2018-09-20,644.2635402583296,-0.9823516608469236,-0.1870433490699165,0.3674846892184069,-0.9300295711374188,0.4338837391175582,-0.900968867902419,0.7261490370736908,0,0,0,1,0,0
2322,2018-09-21,643.5885094237112,-0.9854237542919524,-0.1701176783204905,0.3352760024840169,-0.9421199510456922,-0.433883739117558,-0.9009688679024191,0.71317767835549,0,0,0,1,0,0
2323,2018-09-22,725.2050138698978,-0.9882042449941422,-0.15314166701312,0.3026704908556892,-0.9530952596488852,-0.9749279121818236,-0.2225209339563146,0.7000922199176512,0,0,0,1,0,0
2324,2018-09-27,620.9509153335121,-0.9977068927101168,-0.0676827617545516,0.1350551158403456,-0.9908380875225532,0.4338837391175582,-0.900968867902419,0.6334696366573507,0,0,0,1,0,0
2325,2018-09-28,389.33000732648094,-0.9987235240803972,-0.0505106171852228,0.1008922831974033,-0.9948973551031356,-0.433883739117558,-0.9009688679024191,0.6200068879809458,0,0,0,1,0,0
2326,2018-09-29,412.6816583118504,-0.9994446170919858,-0.0333235257116313,0.0666100367900326,-0.9977790852682924,-0.9749279121818236,-0.2225209339563146,0.6065306597126334,0,0,0,1,0,0
2327,2018-10-01,491.4566185931569,-0.9999994220246924,0.0010751512827982,-0.0021503013227746,-0.9999976880994382,0.0,1.0,0.5795912885442627,0,0,0,0,1,0
2328,2018-10-02,443.4229598741473,-0.999832969770105,0.0182765576816912,-0.0365470098881199,-0.9993319348786156,0.7818314824680298,0.6234898018587336,0.5661541495171976,0,0,0,0,1,0
2329,2018-10-03,429.73417376568005,-0.9993706508539968,0.0354725557531255,-0.0709004622609115,-0.9974833955766828,0.9749279121818236,-0.2225209339563143,0.5527555015877842,0,0,0,0,1,0
2330,2018-10-04,429.7206299256261,-0.9986126020839734,0.052658056924614,-0.1051699984923495,-0.9944542580818482,0.4338837391175582,-0.900968867902419,0.5394075072376265,0,0,0,0,1,0
2331,2018-10-05,567.6366908296297,-0.9975590477788612,0.0698279757298708,-0.1393150579548309,-0.9902481076109372,-0.433883739117558,-0.9009688679024191,0.5261219640934566,0,0,0,0,1,0
2332,2018-10-06,944.1306721669498,-0.9962102997023295,0.0869772313136861,-0.1732952273485721,-0.9848699224660112,-0.9749279121818236,-0.2225209339563146,0.5129102907232946,0,0,0,0,1,0
2333,2018-10-08,458.0627601577608,-0.9926289059345096,0.121193461470736,-0.2406002661322256,-0.9706242897934824,0.0,1.0,0.4867522559599717,0,0,0,0,1,0
2334,2018-10-09,351.3327790499037,-0.9903973200352558,0.1382503109109819,-0.2738454748405547,-0.9617737030660336,0.7818314824680298,0.6234898018587336,0.473826726395364,0,0,0,0,1,0
2335,2018-10-10,363.4143569467153,-0.9878726596350428,0.1552662498599956,-0.3067665664015059,-0.9517847833088268,0.9749279121818236,-0.2225209339563143,0.4610167107835354,0,0,0,0,1,0
2336,2018-10-11,381.0181292403514,-0.9850556718215012,0.172236243027682,-0.3393245761752893,-0.9406693531754186,0.4338837391175582,-0.900968867902419,0.448331563940943,0,0,0,0,1,0
2337,2018-10-12,371.2098079807798,-0.981947190186646,0.1891552687200409,-0.3714809692572883,-0.9284405686308982,-0.433883739117558,-0.9009688679024191,0.4357802031543156,0,0,0,0,1,0
2338,2018-10-13,389.9411696311968,-0.9785481345802032,0.2060183203251708,-0.4031976860870853,-0.9151129033807908,-0.9749279121818236,-0.2225209339563146,0.4233711028530494,0,0,0,0,1,0
2339,2018-10-15,437.1823126798131,-0.9708824104813836,0.239556559120927,-0.4651624991319035,-0.8852253099642835,0.0,1.0,0.39901134372866,0,0,0,0,1,0
2340,2018-10-16,431.9542556893903,-0.9666180104000972,0.2562218218071163,-0.4953372552325659,-0.8687007560596847,0.7818314824680298,0.6234898018587336,0.3870753885499897,0,0,0,0,1,0
2341,2018-10-17,538.8958541427488,-0.9620675724981452,0.2728112643340191,-0.5249257416559593,-0.8511480281049478,0.9749279121818236,-0.2225209339563143,0.3753110988513995,0,0,0,0,1,0
2342,2018-10-18,446.9664977105144,-0.957232443323312,0.2893199776186952,-0.5538929381563792,-0.8325879011014353,0.4338837391175582,-0.900968867902419,0.3637246969042016,0,0,0,0,1,0
2343,2018-10-19,502.9580138664517,-0.9521140536681102,0.3057430764672831,-0.5822045598324479,-0.8130423423846421,-0.433883739117558,-0.9009688679024191,0.3523219549954969,0,0,0,0,1,0
2344,2018-10-20,396.82568719776026,-0.9467139181463862,0.3220757010206104,-0.6098270977059321,-0.7925344856241648,-0.9749279121818236,-0.2225209339563146,0.3411081980965921,0,0,0,0,1,0
2345,2018-10-22,433.5735273774365,-0.9350748843515574,0.3544502230989869,-0.6628750027453377,-0.7487300786901568,0.0,1.0,0.3192667256288431,0,0,0,0,0,1
2346,2018-10-23,393.1118511214605,-0.9288394302558068,0.3704825404820963,-0.6882375836422284,-0.7254853743958638,0.7818314824680298,0.6234898018587336,0.3086474612366189,0,0,0,0,0,1
2347,2018-10-24,374.8560890621906,-0.9223291176290545,0.3864052261209853,-0.7127855825108473,-0.7013820024527804,0.9749279121818236,-0.2225209339563143,0.2982340961814215,0,0,0,0,0,1
2348,2018-10-25,456.66915898967454,-0.9155458729775467,0.4022135682368036,-0.7364899449095569,-0.6764484910524362,0.4338837391175582,-0.900968867902419,0.2880297924974456,0,0,0,0,0,1
2349,2018-10-26,471.1392546702994,-0.9084917035725082,0.4179028888867866,-0.7593226149052589,-0.6507143509201561,-0.433883739117558,-0.9009688679024191,0.2780373004531941,0,0,0,0,0,1
2350,2018-10-27,489.1859579485452,-0.9011686968561567,0.4334685453485363,-0.7812565682797488,-0.6242100403868479,-0.9749279121818236,-0.2225209339563146,0.2682589673008851,0,0,0,0,0,1
2351,2018-10-29,475.56104982883227,-0.8857249183835637,0.4642104791518923,-0.8223255775192096,-0.5690172620911411,0.0,1.0,0.2493522087772961,0,0,0,0,0,1
2352,2018-10-30,458.80135424996826,-0.8776087166898392,0.4793776594606945,-0.8414120250581577,-0.5403941192199728,0.7818314824680298,0.6234898018587336,0.2402265507324824,0,0,0,0,0,1
2353,2018-10-31,444.2366098975688,-0.8692328164574792,0.4944029842076181,-0.8595025968555411,-0.5111313784132033,0.9749279121818236,-0.2225209339563143,0.2313206080041767,0,0,0,0,0,1
2354,2018-11-01,447.2510933130855,-0.8605996962501181,0.5092820071573356,-0.876575881330507,-0.4812636743715911,0.4338837391175582,-0.900968867902419,0.2226348658788909,0,0,0,0,0,1
2355,2018-11-02,450.8369802988243,-0.8517119107469189,0.5240103253675756,-0.8926116709398649,-0.4508263578163351,-0.433883739117558,-0.9009688679024191,0.2141694715316088,0,0,0,0,0,1
2356,2018-11-03,425.64951095076594,-0.8425720899866032,0.5385835804920232,-0.9075909860952636,-0.4198554536487849,-0.9749279121818236,-0.2225209339563146,0.2059242464341987,0,0,0,0,0,1
2357,2018-11-05,432.0904065287768,-0.8235472349556007,0.5672476988027229,-0.9343105477678196,-0.3564600964060307,0.0,1.0,0.1900920380007587,0,0,0,0,0,1
2358,2018-11-06,432.815655395412,-0.8136678304455991,0.5813300798152042,-0.9460191696320084,-0.3241106766040965,0.7818314824680298,0.6234898018587336,0.1825031849518363,0,0,0,0,0,1
2359,2018-11-07,398.9881993966652,-0.8035476485339116,0.5952404359043674,-0.9566081051665098,-0.2913776469287574,0.9749279121818236,-0.2225209339563143,0.1751307883451509,0,0,0,0,0,1
2360,2018-11-08,537.2478288737346,-0.7931896839451843,0.6089746507720486,-0.9660648215530204,-0.2582997494341228,0.4338837391175582,-0.900968867902419,0.1679732367575336,0,0,0,0,0,1
2361,2018-11-09,583.1501593082197,-0.7825970017677834,0.6225286602431057,-0.9743781260415392,-0.2249161343518477,-0.433883739117558,-0.9009688679024191,0.1610286725459804,0,0,0,0,0,1
2362,2018-11-10,469.0446816872375,-0.7717727365467837,0.6358984534680745,-0.9815381791978468,-0.1912663137538222,-0.9749279121818236,-0.2225209339563146,0.1542950055015683,0,0,0,0,0,1
2363,2018-11-12,439.2662724552983,-0.7494423368521953,0.6620696215153815,-0.992366008614672,-0.1233276325329588,0.0,1.0,0.1414509211393686,0,0,0,0,0,1
2364,2018-11-13,434.86920163296736,-0.7379428103031386,0.6748632518680403,-0.9960209693076332,-0.0891191825561879,0.7818314824680298,0.6234898018587336,0.1353352832366127,0,0,0,0,0,1
2365,2018-11-14,432.2358194854284,-0.7262249146041543,0.6874571793269664,-0.998497062701478,-0.0548052531836224,0.9749279121818236,-0.2225209339563143,0.1294201282977755,0,0,0,0,0,1
2366,2018-11-15,505.3367448328504,-0.7142921172691032,0.699847677146407,-0.999791358149542,-0.0204264575855568,0.4338837391175582,-0.900968867902419,0.1237024067768548,0,0,0,0,0,1
2367,2018-11-16,480.713338002178,-0.7021479494046978,0.7120310787787131,-0.9999023237537764,0.0139765142935557,-0.433883739117558,-0.9009688679024191,0.1181789171817805,0,0,0,0,0,1
2368,2018-11-17,485.1537914395541,-0.6897960046655887,0.7240037789593305,-0.9988298281778684,0.0483629438947822,-0.9749279121818236,-0.2225209339563146,0.1128463189671638,0,0,0,0,0,1
2369,2018-11-19,393.5195153555335,-0.6644834655228552,0.7473029667054297,-0.9931409302238696,0.116923448093473,0.0,1.0,0.1027398149024943,0,0,0,0,0,1
2370,2018-11-20,346.84467980947954,-0.6515303615068021,0.75862255966641,-0.9885312610933432,0.1510163760696315,0.7818314824680298,0.6234898018587336,0.0979586452573397,0,0,0,0,0,1
2371,2018-11-21,439.4658078736368,-0.6383844591746642,0.769717664006921,-0.9827515893084884,0.1849305645685428,0.9749279121818236,-0.2225209339563143,0.093353863304629,0,0,0,0,0,1
2372,2018-11-22,495.5189521441537,-0.6250496486104377,0.7805849965070866,-0.9758087555546684,0.2186258735439368,0.4338837391175582,-0.900968867902419,0.0889216174593863,0,0,0,0,0,1
2373,2018-11-23,527.7636194120329,-0.6115298757991053,0.7912213413483807,-0.9677109772087537,0.2520624220102616,-0.433883739117558,-0.9009688679024191,0.0846579886225299,0,0,0,0,0,1
2374,2018-11-24,444.04846680661655,-0.5978291414589552,0.801623551065242,-0.9584678386132248,0.2852006352448972,-0.9749279121818236,-0.2225209339563146,0.080559000939185,0,0,0,0,0,1
2375,2018-11-26,435.5581990624342,-0.5699010576127624,0.821713322596059,-0.936590583203982,0.3504255690637097,0.0,1.0,0.0728388237369676,0,0,0,0,0,1
2376,2018-11-27,325.16282126331987,-0.5556819724760489,0.8313949395234058,-0.9239823598019432,0.3824350909302552,0.7818314824680298,0.6234898018587336,0.0692094902133194,0,0,0,0,0,1
2377,2018-11-28,368.5155502568734,-0.5412984521036173,0.8408305333122887,-0.9102805323268018,0.4139919715004559,0.9749279121818236,-0.2225209339563143,0.0657285286165304,0,0,0,0,0,1
2378,2018-11-29,385.2114399792121,-0.5267547528105542,0.8500173118187018,-0.895501317943504,0.4450588607829839,0.4338837391175582,-0.900968867902419,0.0623918271307013,0,0,0,0,0,1
2379,2018-11-30,516.6920573979579,-0.5120551783114646,0.8589525565270845,-0.8796622089871292,0.4755989887288283,-0.433883739117558,-0.9009688679024191,0.0591952734739325,0,0,0,0,0,1
2380,2018-12-01,491.6477956255032,-0.4972040784469378,0.8676336233547726,-0.8627819522593745,0.5055762087514626,-0.9749279121818236,-0.2225209339563146,0.0561347628341337,0,0,0,0,0,1
2381,2018-12-03,382.4116492459296,-0.4670649248774303,0.8842230238742036,-0.8259791204413983,0.5637007118984807,0.0,1.0,0.0504055333627536,0,0,0,0,0,1
2382,2018-12-04,392.8037221406487,-0.451785789832884,0.8921264484954345,-0.8061001043286311,0.5917792002101544,0.7818314824680298,0.6234898018587336,0.0477287077631641,0,0,0,0,0,1
2383,2018-12-05,372.0656754672284,-0.4363729641045924,0.8997658785476209,-0.7852670068439961,0.6191572723971441,0.9749279121818236,-0.2225209339563143,0.0451717245647246,0,0,0,0,0,1
2384,2018-12-06,347.9089878814585,-0.4208310085956556,0.9071390534005044,-0.7635044855580851,0.6458025244087264,0.4338837391175582,-0.900968867902419,0.0427306205788496,0,0,0,0,0,1
2385,2018-12-07,418.1822265102148,-0.4051645224207563,0.9142437912130223,-0.7408382980859317,0.6716834195431209,-0.433883739117558,-0.9009688679024191,0.0404014788741632,0,0,0,0,0,1
2386,2018-12-08,436.4616121424247,-0.3893781415452015,0.9210779895789526,-0.717295271600886,0.6967693257736101,-0.9749279121818236,-0.2225209339563146,0.0381804338005357,0,0,0,0,0,1
2387,2018-12-10,480.833683751499,-0.3574644155648614,0.9339267592294762,-0.6676911663366994,0.7444383832097442,0.0,1.0,0.0340474547345993,0,0,0,0,0,1
2388,2018-12-11,514.8451732148997,-0.3413465142450361,0.9399375283564132,-0.641688797825113,0.7669651144255266,0.7818314824680298,0.6234898018587336,0.0321280855748041,0,0,0,0,0,1
2389,2018-12-12,445.34193114353087,-0.3251276029999093,0.9456701548465688,-0.6149269413476359,0.7885840835350667,0.9749279121818236,-0.2225209339563143,0.0303019500674343,0,0,0,0,0,1
2390,2018-12-13,364.99412939045664,-0.3088124812662537,0.9511229423235356,-0.587437271616382,0.8092697028283593,0.4338837391175582,-0.900968867902419,0.0285655007845503,0,0,0,0,0,1
2391,2018-12-14,335.3823590867695,-0.2924059769510773,0.956294277219772,-0.5592523247663436,0.828997489286572,-0.433883739117558,-0.9009688679024191,0.0269152637299154,0,0,0,0,0,1
2392,2018-12-15,335.63656170102064,-0.2759129450029604,0.9611826292540836,-0.5304054598463659,0.8477440935595867,-0.9749279121818236,-0.2225209339563146,0.0253478407929008,0,0,0,0,0,1
2393,2018-12-17,341.91537962472654,-0.2426868445825954,0.9701046827361176,-0.4708632887360563,0.8822061909330864,0.0,1.0,0.0224482367321429,0,0,0,0,0,1
2394,2018-12-18,286.9693930077784,-0.225963608248019,0.974135744004672,-0.4402384552773285,0.8978808954950716,0.7818314824680298,0.6234898018587336,0.021109656453671,0,0,0,0,0,1
2395,2018-12-19,267.73170079068933,-0.2091735056463563,0.9778785428342386,-0.4090925658019766,0.9124928890712274,0.9749279121818236,-0.2225209339563143,0.0198410947443702,0,0,0,0,0,1
2396,2018-12-20,286.6882512644232,-0.1923215052390948,0.9813319716704276,-0.3774624838618108,0.9260248772451376,0.4338837391175582,-0.900968867902419,0.0186395588695301,0,0,0,0,0,1
2397,2018-12-21,268.08923285249915,-0.1754125938042784,0.9844950085880858,-0.345385646087603,0.9384608438697104,-0.433883739117558,-0.9009688679024191,0.0175021403684067,0,0,0,0,0,1
2398,2018-12-22,335.9377202031647,-0.1584517749608363,0.9873667175937016,-0.3129000178799537,0.949786070023521,-0.9749279121818236,-0.2225209339563146,0.0164260155188855,0,0,0,0,0,1
2399,2018-12-24,306.23104400766,-0.1243945048397999,0.9922328391893008,-0.2468566254334839,0.969052014331322,0.0,1.0,0.0144467767640457,0,0,0,0,0,1
2400,2018-12-25,300.2101676850718,-0.1073081316563624,0.994225811815616,-0.2133770286209279,0.9769699297608416,0.7818314824680298,0.6234898018587336,0.0135384401366523,0,0,0,0,0,1
2401,2018-12-26,266.2433990627908,-0.0901900042703451,0.99592457702866,-0.179644883710313,0.9837315262594304,0.9749279121818236,-0.2225209339563143,0.0126809511496068,0,0,0,0,0,1
2402,2018-12-27,291.6742695550073,-0.0730451882110474,0.9973286321364752,-0.1457001152853506,0.9893288009584252,0.4338837391175582,-0.900968867902419,0.0118719091278277,0,0,0,0,0,1
2403,2018-12-28,291.77269779576534,-0.0558787569053731,0.9984375616565666,-0.1115828995860015,0.9937551290534204,-0.433883739117558,-0.9009688679024191,0.0111089965382423,0,0,0,0,0,1
2404,2018-12-29,458.4576206876423,-0.0386957901765268,0.999251037438848,-0.0773336169568209,0.9970052716452285,-0.9749279121818236,-0.2225209339563146,0.0103899781147773,0,0,0,0,0,1
2405,2018-12-31,566.3886438696178,-0.0043005927029819,0.9999907524084426,-0.0086011058657144,0.999963009804806,0.0,1.0,0.0090750878156515,0,0,0,0,0,1
2406,2019-01-03,337.0554739298521,0.0515843668694083,0.9986686402879996,0.1030313790431787,0.9946781061893646,0.4338837391175582,-0.900968867902419,0.0072532058010343,0,0,0,0,0,0
2407,2019-01-04,280.23757017612803,0.0687554084811394,0.9976335468520452,0.1371854040566005,0.9905453876091832,-0.433883739117558,-0.9009688679024191,0.0067628442633904,0,0,0,0,0,0
2408,2019-01-05,520.6876396878713,0.0859061042613327,0.9963032375991964,0.1711770596101998,0.985240282501282,-0.9749279121818236,-0.2225209339563146,0.0063025210714774,0,0,0,0,0,0
2409,2019-01-07,305.4085422172461,0.1201261651823505,0.9927586335250792,0.2385125751940764,0.9711394088771652,0.0,1.0,0.0054656365237319,0,0,0,0,0,0
2410,2019-01-08,281.85178735637453,0.1371854040566005,0.9905453876091832,0.2717767384711357,0.9623603298276544,0.7818314824680298,0.6234898018587336,0.0050860692310127,0,0,0,0,0,0
2411,2019-01-09,279.0113770105924,0.1542040475626894,0.988039023376751,0.3047192331091634,0.9524422234305676,0.9749279121818236,-0.2225209339563143,0.0047305247785057,0,0,0,0,0,0
2412,2019-01-10,263.4465730473314,0.1711770596101998,0.985240282501282,0.3373010691361842,0.9413968285264122,0.4338837391175582,-0.900968867902419,0.0043976626339341,0,0,0,0,0,0
2413,2019-01-11,274.7134434891806,0.1880994176117975,0.9821499931752292,0.3694836834473831,0.9292372181882051,-0.433883739117558,-0.9009688679024191,0.0040862038707351,0,0,0,0,0,0
2414,2019-01-12,283.9793872547716,0.2049661139694953,0.9787690698649216,0.4012289854475009,0.9159777842484876,-0.9749279121818236,-0.2225209339563146,0.0037949292693038,0,0,0,0,0,0
2415,2019-01-14,303.3383943076749,0.2385125751940764,0.9711394088771652,0.4632579225674917,0.88622350294858,0.0,1.0,0.0032683427650369,0,0,0,0,0,0
2416,2019-01-15,368.5942905035752,0.2551824131233728,0.966892928939152,0.4934681416772373,0.8697638720650646,0.7818314824680298,0.6234898018587336,0.0030308737915416,0,0,0,0,0,0
2417,2019-01-16,323.97024479086616,0.2717767384711357,0.9623603298276544,0.5230943033491326,0.8522748088519838,0.9749279121818236,-0.2225209339563143,0.0028092710364807,0,0,0,0,0,0
2418,2019-01-17,284.98015316486897,0.2882906407095177,0.957542952811672,0.5521013427459208,0.8337770129585915,0.4338837391175582,-0.900968867902419,0.0026025852527254,0,0,0,0,0,0
2419,2019-01-18,269.5046474132743,0.3047192331091634,0.9524422234305676,0.580454927809098,0.8142923779467267,-0.433883739117558,-0.9009688679024191,0.0024099155339509,0,0,0,0,0,0
2420,2019-01-19,359.67201309137323,0.321057654185271,0.9470596510722284,0.6081214998935418,0.7938439653781019,-0.9749279121818236,-0.2225209339563146,0.0022304074712809,0,0,0,0,0,0
2421,2019-01-21,304.63704891900466,0.3534446712740877,0.9354554315134164,0.6612634749656386,0.7501537286959042,0.0,1.0,0.0019076802879754,0,0,0,0,0,0
2422,2019-01-22,301.159760185749,0.3694836834473831,0.9292372181882051,0.6866759803451553,0.726963615332308,0.7818314824680298,0.6234898018587336,0.0017629686236867,0,0,0,0,0,0
2423,2019-01-23,314.94630427713497,0.3854133594543256,0.9227440286201428,0.7112757519738152,0.7029130847082615,0.9749279121818236,-0.2225209339563143,0.0016284300482412,0,0,0,0,0,0
2424,2019-01-24,303.0040152679324,0.4012289854475009,0.9159777842484876,0.7350336741329412,0.6780306024735382,0.4338837391175582,-0.900968867902419,0.0015034159919344,0,0,0,0,0,0
2425,2019-01-25,313.3257337063227,0.4169258813287287,0.908940487313808,0.7579216274973472,0.6523456189565257,-0.433883739117558,-0.9009688679024191,0.0013873139624241,0,0,0,0,0,0
2426,2019-01-26,343.1003173146768,0.4324994021339788,0.901634220265486,0.7799125224167177,0.6258885343075018,-0.9749279121818236,-0.2225209339563146,0.0012795459378999,0,0,0,0,0,0
2427,2019-01-28,330.4162107443578,0.4632579225674917,0.88622350294858,0.8211001178128892,0.5707841943569036,0.0,1.0,0.0010868628230603,0,0,0,0,0,0
2428,2019-01-29,309.1731998670551,0.4784338202547012,0.8781236129591848,0.8402480696078469,0.5422021592729844,0.7818314824680298,0.6234898018587336,0.0010009501745566,0,0,0,0,0,0
2429,2019-01-30,263.0430634352158,0.4934681416772373,0.8697638720650646,0.8584015232918917,0.512978386299228,0.9749279121818236,-0.2225209339563143,0.0009213735043575,0,0,0,0,0,0
2430,2019-01-31,278.4796732390441,0.5083564379375122,0.8611467540480452,0.8755389928586302,0.4831474640149687,0.4338837391175582,-0.900968867902419,0.0008477045464715,0,0,0,0,0,0
2431,2019-02-01,329.8755833867921,0.5230943033491326,0.8522748088519838,0.8916401947968874,0.452744699607371,-0.433883739117558,-0.9009688679024191,0.0007795407797602,0,0,0,0,0,0
2432,2019-02-02,381.2979638031511,0.5376773767406141,0.8431506618282,0.9066860720977984,0.4218060770826634,-0.9749279121818236,-0.2225209339563146,0.0007165041324157,0,0,0,0,0,0
2433,2019-02-04,513.208564650345,0.5663619330814524,0.8241566360566663,0.9335418911179212,0.3584683215124808,0.0,1.0,0.0006044147037595,0,0,0,0,0,0
2434,2019-02-08,320.2712076403218,0.6216868902665479,0.7832658619336791,0.9738922359149924,0.2270108209414184,-0.433883739117558,-0.9009688679024191,0.0004275570451654,0,0,0,0,0,0
2435,2019-02-09,343.5326974260981,0.6350683134867438,0.7724559775191742,0.981124629771712,0.1933764744102058,-0.9749279121818236,-0.2225209339563146,0.0003916270330904,0,0,0,0,0,0
2436,2019-02-11,364.67979229627406,0.6612634749656386,0.7501537286959042,0.992098522791769,0.1254612333527364,0.0,1.0,0.0003280850598723,0,0,0,0,0,0
2437,2019-02-12,354.48559076208363,0.6740694616546161,0.7386679638813748,0.9958270335100596,0.0912607217293118,0.7818314824680298,0.6234898018587336,0.0003000693589348,0,0,0,0,0,0
2438,2019-02-13,310.5120190963068,0.6866759803451553,0.726963615332308,0.998376906467142,0.0569521960340397,0.9749279121818236,-0.2225209339563143,0.0002743104674934,0,0,0,0,0,0
2439,2019-02-14,334.32327600747163,0.6990793005655562,0.7150441465537444,0.9997451236925734,0.0225762630415454,0.4338837391175582,-0.900968867902419,0.0002805480820737,0,0,0,0,0,0
2440,2019-02-15,289.9607710395067,0.7112757519738152,0.7029130847082615,0.9999300657962056,-0.0118263906918325,-0.433883739117558,-0.9009688679024191,0.0003068548257635,0,0,0,0,0,0
2441,2019-02-16,294.57646754130167,0.7232617254437388,0.6905740195722294,0.9989315138848576,-0.0462150469837083,-0.9749279121818236,-0.2225209339563146,0.0003354626279025,0,0,0,0,0,0
2442,2019-02-18,274.67514734558057,0.746588114532413,0.6652865452111116,0.9933900548258936,-0.114787625522127,0.0,1.0,0.0004003345935883,0,0,0,0,0,0
2443,2019-02-19,272.7749344007517,0.7579216274973472,0.6523456189565257,0.9888537064205885,-0.1488903868564548,0.7818314824680298,0.6234898018587336,0.0004370095298997,0,0,0,0,0,0
2444,2019-02-20,293.51741350923373,0.7690308592589181,0.6392116531380588,0.98314697372215,-0.1828169249850199,0.9749279121818236,-0.2225209339563143,0.0004768087638956,0,0,0,0,0,0
2445,2019-02-21,264.0906411456708,0.7799125224167177,0.6258885343075018,0.976276611086932,-0.2165270852448143,0.4338837391175582,-0.900968867902419,0.0005199757432558,0,0,0,0,0,0
2446,2019-02-22,281.0398412795764,0.7905633969115482,0.612380204990065,0.9682507501166718,-0.2499809690726521,-0.433883739117558,-0.9009688679024191,0.0005667708074866,0,0,0,0,0,0
2447,2019-02-23,267.4292264741193,0.8009803309782905,0.5986906625177214,0.9590788900341132,-0.2831389812281835,-0.9749279121818236,-0.2225209339563146,0.0006174721799374,0,0,0,0,0,0
2448,2019-02-25,281.39635266300684,0.8211001178128892,0.5707841943569036,0.9373419384643772,-0.3484108069446808,0.0,1.0,0.0007318024188804,0,0,0,0,0,0
2449,2019-02-26,256.8524858322204,0.8307970168121247,0.5565755266413303,0.9248025743285088,-0.3804473662878516,0.7818314824680298,0.6234898018587336,0.0007960866914957,0,0,0,0,0,0
2450,2019-02-27,283.534610253196,0.8402480696078469,0.5422021592729844,0.9111686353326632,-0.4120336369594263,0.9749279121818236,-0.2225209339563143,0.0008655903784247,0,0,0,0,0,0
2451,2019-02-28,350.53964458453345,0.8494504794814806,0.527668345562516,0.8964562582905575,-0.4431322341826345,0.4338837391175582,-0.900968867902419,0.0009406975448679,0,0,0,0,0,0
2452,2019-03-01,269.2256050534357,0.8584015232918917,0.512978386299228,0.8806828564301475,-0.47370635037968,-0.433883739117558,-0.9009688679024191,0.0010218170249252,0,0,0,0,0,0
2453,2019-03-02,295.7677163687477,0.8670985522812081,0.4981366284784055,0.8638670987837349,-0.503719798736334,-0.9749279121818236,-0.2225209339563146,0.0011093837286151,0,0,0,0,0,0
2454,2019-03-04,235.9737540756572,0.8837203473619977,0.4680153284438345,0.8271893372462497,-0.5619233046832195,0.0,1.0,0.0013057369899986,0,0,0,0,0,0
2455,2019-03-05,264.6678682762248,0.8916401947968874,0.452744699607371,0.8073707443023492,-0.5900444739548627,0.7818314824680298,0.6234898018587336,0.0014155361520939,0,0,0,0,0,0
2456,2019-03-06,272.5596383654836,0.8992961915530253,0.4373400963303323,0.7865965660866021,-0.6174672802835514,0.9749279121818236,-0.2225209339563143,0.0015338106793244,0,0,0,0,0,0
2457,2019-03-07,276.3011876076787,0.9066860720977984,0.4218060770826634,0.7648913904341226,-0.6441592666722685,0.4338837391175582,-0.900968867902419,0.0016611470627641,0,0,0,0,0,0
2458,2019-03-08,244.80117955572788,0.9138076496466616,0.4061472386305788,0.742280907086982,-0.6700888411055113,-0.433883739117558,-0.9009688679024191,0.0017981666618475,0,0,0,0,0,0
2459,2019-03-09,315.4211704041662,0.9206588168102428,0.3903682146763026,0.7187918772884232,-0.6952253139408722,-0.9749279121818236,-0.2225209339563146,0.0019455273214659,0,0,0,0,0,0
2460,2019-03-11,278.5175652684729,0.9335418911179212,0.3584683215124808,0.6692903895412567,-0.7430009249440493,0.0,1.0,0.0022740956104016,0,0,0,0,0,0
2461,2019-03-12,288.7760987168127,0.9395699859530622,0.342356891994542,0.6433365204044917,-0.765583517007675,0.7818314824680298,0.6234898018587336,0.0024568164604892,0,0,0,0,0,0
2462,2019-03-13,308.1201983202282,0.945320046913132,0.3261441535642696,0.6166212130956382,-0.7872599821916922,0.9749279121818236,-0.2225209339563143,0.0026529083096449,0,0,0,0,0,0
2463,2019-03-14,279.494902424332,0.9507903724625832,0.3098349038318025,0.5891760872322963,-0.8080046647350754,0.4338837391175582,-0.900968867902419,0.0028632370196305,0,0,0,0,0,0
2464,2019-03-15,283.38753191923144,0.9559793438440766,0.2934339689665273,0.5610336262283677,-0.8277930117131022,-0.433883739117558,-0.9009688679024191,0.0030887154082367,0,0,0,0,0,0
2465,2019-03-16,289.4511633812653,0.9608854255574976,0.2769462022689364,0.5322271388474397,-0.8466016020976267,-0.9749279121818236,-0.2225209339563146,0.0033303050984696,0,0,0,0,0,0
2466,2019-03-18,258.67863347441244,0.969843196967294,0.2437297136096838,0.4727592092862775,-0.881191653407483,0.0,1.0,0.0038659201394728,0,0,0,0,0,0
2467,2019-03-19,267.72881109340864,0.9738922359149924,0.2270108209414184,0.442168151967072,-0.8969321743510065,0.7818314824680298,0.6234898018587336,0.0041621296730796,0,0,0,0,0,0
2468,2019-03-20,284.2970403593056,0.977653084481664,0.2102247521189836,0.4110537546870351,-0.911611107193024,0.9749279121818236,-0.2225209339563143,0.004478822680028,0,0,0,0,0,0
2469,2019-03-21,279.2094968394797,0.981124629771712,0.1933764744102058,0.3794528437245443,-0.925211078289358,0.4338837391175582,-0.900968867902419,0.0048172331281061,0,0,0,0,0,0
2470,2019-03-22,288.9906788658506,0.984305844499033,0.1764709734915216,0.3474028211842774,-0.9377159910299092,-0.433883739117558,-0.9009688679024191,0.0051786551677508,0,0,0,0,0,0
2471,2019-03-23,329.71893332356046,0.9871957872910084,0.1595132519726365,0.3149416207289519,-0.9491110448902284,-0.9749279121818236,-0.2225209339563146,0.0055644450277938,0,0,0,0,0,0
2472,2019-03-25,306.3279986235021,0.992098522791769,0.1254612333527364,0.2489398085537665,-0.9685189578512204,0.0,1.0,0.0064148747704495,0,0,0,0,0,0
2473,2019-03-26,274.8626522549235,0.9941098647022418,0.108377012791876,0.2154773150467301,-0.976508846196619,0.7818314824680298,0.6234898018587336,0.0068825542952156,0,0,0,0,0,0
2474,2019-03-27,260.71279804343504,0.9958270335100596,0.0912607217293118,0.1817597875913753,-0.9833429613388902,0.9749279121818236,-0.2225209339563143,0.0073806845376742,0,0,0,0,0,0
2475,2019-03-28,267.8145644050346,0.9972495210773452,0.0741174251509443,0.1478271334705304,-0.9890132145779884,0.4338837391175582,-0.900968867902419,0.0079109597339302,0,0,0,0,0,0
2476,2019-03-29,249.06746761779613,0.998376906467142,0.0569521960340397,0.1137195145859496,-0.9935128947338008,-0.433883739117558,-0.9009688679024191,0.0084751469727328,0,0,0,0,0,0
2477,2019-03-30,299.8011583179209,0.9992088560679752,0.0397701138460557,0.0794772999236209,-0.9968366760893436,-0.9749279121818236,-0.2225209339563146,0.0090750878156515,0,0,0,0,0,0
2478,2019-04-01,285.1799481365637,0.9999855506507186,0.0053757315575838,0.0107513077635219,-0.9999422030204416,0.0,1.0,0.0103899781147773,0,0,0,0,0,0
2479,2019-04-02,294.43812900290385,0.9999300657962056,-0.0118263906918325,-0.0236511272452315,-0.9997202729664084,0.7818314824680298,0.6234898018587336,0.0111089965382423,0,0,0,0,0,0
2480,2019-04-03,249.06572307327696,0.9995786855478958,-0.0290250133219752,-0.0580255693287803,-0.9983150972033183,0.9749279121818236,-0.2225209339563143,0.0118719091278277,0,0,0,0,0,0
2481,2019-04-04,241.54612530994623,0.9989315138848576,-0.0462150469837083,-0.0923313336953912,-0.9957283388645872,0.4338837391175582,-0.900968867902419,0.0126809511496068,0,0,0,0,0,0
2482,2019-04-05,262.97417640921947,0.9979887423155984,-0.0633914048695103,-0.1265278168386831,-0.9919630595773395,-0.433883739117558,-0.9009688679024191,0.0135384401366523,0,0,0,0,0,0
2483,2019-04-06,368.3369799728365,0.9967506498213928,-0.0805490042187416,-0.1605745445949937,-0.9870237158387384,-0.9749279121818236,-0.2225209339563146,0.0144467767640457,0,0,0,0,0,0
2484,2019-04-08,252.18691358642064,0.9933900548258936,-0.114787625522127,-0.2280577712215198,-0.9736476020539838,0.0,1.0,0.0164260155188855,0,0,0,0,0,0
2485,2019-04-09,269.46765654810594,0.9912685467787256,-0.1318585157173911,-0.2614143985111562,-0.965226663665613,0.7818314824680298,0.6234898018587336,0.0175021403684067,0,0,0,0,0,0
2486,2019-04-10,288.77507022023593,0.9888537064205885,-0.1488903868564548,-0.2944616217868012,-0.9556633054034704,0.9749279121818236,-0.2225209339563143,0.0186395588695301,0,0,0,0,0,0
2487,2019-04-11,292.46319833206275,0.986146248341595,-0.1658781989346314,-0.3271603271220951,-0.9449688462364056,0.4338837391175582,-0.900968867902419,0.0198410947443702,1,0,0,0,0,0
2488,2019-04-12,252.37235440857108,0.98314697372215,-0.1828169249850199,-0.3594718130884232,-0.9331559438780432,-0.433883739117558,-0.9009688679024191,0.021109656453671,1,0,0,0,0,0
2489,2019-04-13,347.6485414112475,0.9798567700958664,-0.1997015525660636,-0.3913578365610259,-0.9202385798054076,-0.9749279121818236,-0.2225209339563146,0.0224482367321429,1,0,0,0,0,0
2490,2019-04-15,389.63062492453366,0.9724075561219968,-0.2332885440754551,-0.4537030860313442,-0.8911529104063088,0.0,1.0,0.0253478407929008,1,0,0,0,0,0
2491,2019-04-16,283.27137082928084,0.9682507501166718,-0.2499809690726521,-0.4840885216389758,-0.8750190302029955,0.7818314824680298,0.6234898018587336,0.0269152637299154,1,0,0,0,0,0
2492,2019-04-17,283.6019883058647,0.9638074231367308,-0.2665994206792935,-0.5139010013093103,-0.8578494977869301,0.9749279121818236,-0.2225209339563143,0.0285655007845503,1,0,0,0,0,0
2493,2019-04-18,343.487657595254,0.9590788900341132,-0.2831389812281835,-0.5431052396834317,-0.8396646346181327,0.4338837391175582,-0.900968867902419,0.0303019500674343,1,0,0,0,0,0
2494,2019-04-19,352.8039285451405,0.9540665500578388,-0.2995947563972602,-0.5716666713027052,-0.8204859638785327,-0.433883739117558,-0.9009688679024191,0.0321280855748041,1,0,0,0,0,0
2495,2019-04-20,510.0842218873501,0.9487718864399473,-0.3159618766579029,-0.5995514915196489,-0.8003361849976323,-0.9749279121818236,-0.2225209339563146,0.0340474547345993,1,0,0,0,0,0
2496,2019-04-22,284.06424500485923,0.9373419384643772,-0.3484108069446808,-0.65316012232693,-0.7572198192083127,0.0,1.0,0.0381804338005357,1,0,0,0,0,0
2497,2019-04-23,284.545243269895,0.9312100364121948,-0.3644830148102912,-0.6788204829862355,-0.734304263829602,0.7818314824680298,0.6234898018587336,0.0404014788741632,1,0,0,0,0,0
2498,2019-04-24,272.4599010387689,0.9248025743285088,-0.3804473662878516,-0.7036774074790128,-0.7105196029692745,0.9749279121818236,-0.2225209339563143,0.0427306205788496,1,0,0,0,0,0
2499,2019-04-25,278.13498375562693,0.9181214482844364,-0.3962991372689181,-0.7277014757264236,-0.6858939875998223,0.4338837391175582,-0.900968867902419,0.0451717245647246,1,0,0,0,0,0
2500,2019-04-26,244.42590469660985,0.9111686353326632,-0.4120336369594263,-0.7508642533989489,-0.6604565640279754,-0.433883739117558,-0.9009688679024191,0.0477287077631641,1,0,0,0,0,0
2501,2019-04-27,382.5347463195421,0.9039461929224012,-0.4276462092677746,-0.7731383255706026,-0.6342374393978054,-0.9749279121818236,-0.2225209339563146,0.0504055333627536,1,0,0,0,0,0
2502,2019-04-29,319.20266976575056,0.8887010478292915,-0.4584871291400876,-0.8149159841660791,-0.5795791048257612,0.0,1.0,0.0561347628341337,1,0,0,0,0,0
2503,2019-04-30,302.7027926963657,0.8806828564301475,-0.47370635037968,-0.8343701235229537,-0.5512045872199277,0.7818314824680298,0.6234898018587336,0.0591952734739325,1,0,0,0,0,0
2504,2019-05-01,253.2143383097399,0.8724040568049612,-0.4887853942889926,-0.8528367217694595,-0.522177676659508,0.9749279121818236,-0.2225209339563143,0.0623918271307013,1,0,0,0,0,0
2505,2019-05-02,298.3196179827781,0.8638670987837349,-0.503719798736334,-0.8702939222685674,-0.4925327287220543,0.4338837391175582,-0.900968867902419,0.0657285286165304,1,0,0,0,0,0
2506,2019-05-03,368.61101191698873,0.8550745085896932,-0.518505144391157,-0.886721063082993,-0.4623048304798108,-0.433883739117558,-0.9009688679024191,0.0692094902133194,1,0,0,0,0,0
2507,2019-05-04,373.2826139096442,0.8460288880917339,-0.533137056031809,-0.9020987014301836,-0.4315297589714714,-0.9749279121818236,-0.2225209339563146,0.0728388237369676,1,0,0,0,0,0
2508,2019-05-06,356.1683324107992,0.8271893372462497,-0.5619233046832195,-0.9296339319682696,-0.3684843993077793,0.0,1.0,0.080559000939185,1,0,0,0,0,0
2509,2019-05-07,369.7491319555664,0.8174009818249189,-0.5760691233798758,-0.9417589340994617,-0.3362887301766828,0.7818314824680298,0.6234898018587336,0.0846579886225299,1,0,0,0,0,0
2510,2019-05-08,298.305992530406,0.8073707443023492,-0.5900444739548627,-0.9527692922168512,-0.3036950375106588,0.9749279121818236,-0.2225209339563143,0.0889216174593863,1,0,0,0,0,0
2511,2019-05-09,410.4804923754037,0.7971015927871943,-0.6038452208771035,-0.9626519747161488,-0.2707418984477642,0.4338837391175582,-0.900968867902419,0.093353863304629,1,0,0,0,0,0
2512,2019-05-10,332.61589527844114,0.7865965660866021,-0.6174672802835514,-0.97139528468375,-0.2374683155584684,-0.433883739117558,-0.9009688679024191,0.0979586452573397,1,0,0,0,0,0
2513,2019-05-11,331.0020579486978,0.7758587728069828,-0.6309066211876704,-0.978988873740932,-0.2039136706831147,-0.9749279121818236,-0.2225209339563146,0.1027398149024943,1,0,0,0,0,0
2514,2019-05-13,321.77008663166134,0.753697664392914,-0.6572212950663319,-0.9906923101615608,-0.136120338622667,0.0,1.0,0.1128463189671638,1,0,0,0,0,0
2515,2019-05-14,328.21400191913983,0.742280907086982,-0.6700888411055113,-0.994788305609327,-0.1019618900517457,0.7818314824680298,0.6234898018587336,0.1181789171817805,1,0,0,0,0,0
2516,2019-05-15,364.9558201779481,0.7306444969184916,-0.6827580970759147,-0.9977068927101168,-0.0676827617545516,0.9749279121818236,-0.2225209339563143,0.1237024067768548,1,0,0,0,0,0
2517,2019-05-16,336.11141948502285,0.7187918772884232,-0.6952253139408722,-0.9994446170919858,-0.0333235257116313,0.4338837391175582,-0.900968867902419,0.1294201282977755,1,0,0,0,0,0
2518,2019-05-17,314.0302639266867,0.7067265555776158,-0.7074868024503348,-0.9999994220246924,0.0010751512827982,-0.433883739117558,-0.9009688679024191,0.1353352832366127,1,0,0,0,0,0
2519,2019-05-18,338.5109107539527,0.6944521021088763,-0.719538934232584,-0.9993706508539968,0.0354725557531255,-0.9749279121818236,-0.2225209339563146,0.1414509211393686,1,0,0,0,0,0
2520,2019-05-20,347.55094688852864,0.6692903895412567,-0.7430009249440493,-0.9945667569706336,0.1041007489354256,0.0,1.0,0.1542950055015683,1,0,0,0,0,0
2521,2019-05-21,307.53052623673506,0.6564105761979381,-0.7544038410927472,-0.9903973200352558,0.1382503109109819,0.7818314824680298,0.6234898018587336,0.1610286725459804,0,1,0,0,0,0
2522,2019-05-22,281.2751478694725,0.6433365204044917,-0.765583517007675,-0.9850556718215012,0.172236243027682,0.9749279121818236,-0.2225209339563143,0.1679732367575336,0,1,0,0,0,0
2523,2019-05-23,312.96313466685314,0.6300720909843687,-0.7765366444428655,-0.9785481345802032,0.2060183203251708,0.4338837391175582,-0.900968867902419,0.1751307883451509,0,1,0,0,0,0
2524,2019-05-24,321.424871135391,0.6166212130956382,-0.7872599821916922,-0.9708824104813836,0.239556559120927,-0.433883739117558,-0.9009688679024191,0.1825031849518363,0,1,0,0,0,0
2525,2019-05-25,290.8697631124652,0.6029878670694714,-0.7977503570459932,-0.9620675724981452,0.2728112643340191,-0.9749279121818236,-0.2225209339563146,0.1900920380007587,0,1,0,0,0,0
2526,2019-05-27,396.1611991737839,0.5751899607119775,-0.8180198708443175,-0.9410336347451196,0.3383130181923076,0.0,1.0,0.2059242464341987,0,1,0,0,0,0
2527,2019-05-28,405.6932104508402,0.5610336262283677,-0.8277930117131022,-0.9288394302558068,0.3704825404820963,0.7818314824680298,0.6234898018587336,0.2141694715316088,0,1,0,0,0,0
2528,2019-05-29,385.3800978374778,0.5467112728685939,-0.8373211953118121,-0.9155458729775467,0.4022135682368036,0.9749279121818236,-0.2225209339563143,0.2226348658788909,0,1,0,0,0,0
2529,2019-05-30,291.4363635012522,0.5322271388474397,-0.8466016020976267,-0.9011686968561567,0.4334685453485363,0.4338837391175582,-0.900968867902419,0.2313206080041767,0,1,0,0,0,0
2530,2019-05-31,442.295829621671,0.5175855102531889,-0.8556314858488706,-0.8857249183835637,0.4642104791518923,-0.433883739117558,-0.9009688679024191,0.2402265507324824,0,1,0,0,0,0
2531,2019-06-01,458.03329215329165,0.5027907197793043,-0.8644081744776648,-0.8692328164574792,0.4944029842076181,-0.9749279121818236,-0.2225209339563146,0.2493522087772961,0,1,0,0,0,0
2532,2019-06-03,401.3068592650059,0.4727592092862775,-0.881191653407483,-0.8331829385891785,0.5529974600700271,0.0,1.0,0.2682589673008851,0,1,0,0,0,0
2533,2019-06-04,491.8193237236962,0.4575313760742512,-0.8891934772070711,-0.8136678304455991,0.5813300798152042,0.7818314824680298,0.6234898018587336,0.2780373004531941,0,1,0,0,0,0
2534,2019-06-05,424.0472950152235,0.442168151967072,-0.8969321743510065,-0.7931896839451843,0.6089746507720486,0.9749279121818236,-0.2225209339563143,0.2880297924974456,0,1,0,0,0,0
2535,2019-06-06,409.7794107578689,0.4266740831899246,-0.9044054548343,-0.7717727365467837,0.6358984534680745,0.4338837391175582,-0.900968867902419,0.2982340961814215,0,1,0,0,0,0
2536,2019-06-07,471.0471882639015,0.4110537546870351,-0.911611107193024,-0.7494423368521953,0.6620696215153815,-0.433883739117558,-0.9009688679024191,0.3086474612366189,0,1,0,0,0,0
2537,2019-06-08,451.73260037302447,0.3953117887649151,-0.9185469991587164,-0.7262249146041543,0.6874571793269664,-0.9749279121818236,-0.2225209339563146,0.3192667256288431,0,1,0,0,0,0
2538,2019-06-10,423.35979600477344,0.3634816124829063,-0.9316013725767188,-0.6772399381909491,0.7357622347736527,0.0,1.0,0.3411081980965921,0,1,0,0,0,0
2539,2019-06-11,512.2488027693907,0.3474028211842774,-0.9377159910299092,-0.6515303615068021,0.75862255966641,0.7818314824680298,0.6234898018587336,0.3523219549954969,0,1,0,0,0,0
2540,2019-06-12,487.7557448393816,0.3312212278016865,-0.9435531242349544,-0.6250496486104377,0.7805849965070866,0.9749279121818236,-0.2225209339563143,0.3637246969042016,0,1,0,0,0,0
2541,2019-06-13,426.691584841109,0.3149416207289519,-0.9491110448902284,-0.5978291414589552,0.801623551065242,0.4338837391175582,-0.900968867902419,0.3753110988513995,0,1,0,0,0,0
2542,2019-06-14,482.7232170907948,0.2985688173637202,-0.9543881083175908,-0.5699010576127624,0.821713322596059,-0.433883739117558,-0.9009688679024191,0.3870753885499897,0,1,0,0,0,0
2543,2019-06-15,491.89453390175686,0.2821076626819194,-0.9593827529490744,-0.5412984521036173,0.8408305333122887,-0.9749279121818236,-0.2225209339563146,0.39901134372866,0,1,0,0,0,0
2544,2019-06-17,583.9333980226463,0.2489398085537665,-0.9685189578512204,-0.4822058478963526,0.8760579434344281,0.0,1.0,0.4233711028530494,0,1,0,0,0,0
2545,2019-06-18,620.6331006255533,0.2322429240090701,-0.9726578145718654,-0.451785789832884,0.8921264484954345,0.7818314824680298,0.6234898018587336,0.4357802031543156,0,1,0,0,0,0
2546,2019-06-19,462.6434439079451,0.2154773150467301,-0.976508846196619,-0.4208310085956556,0.9071390534005044,0.9749279121818236,-0.2225209339563143,0.448331563940943,0,1,0,0,0,0
2547,2019-06-20,441.4284251684429,0.1986479428801711,-0.9800709131432666,-0.3893781415452015,0.9210779895789526,0.4338837391175582,-0.900968867902419,0.4610167107835354,0,1,0,0,0,0
2548,2019-06-21,492.1229411679193,0.1817597875913753,-0.9833429613388902,-0.3574644155648614,0.9339267592294762,-0.433883739117558,-0.9009688679024191,0.473826726395364,0,1,0,0,0,0
2549,2019-06-22,453.10119896177065,0.1648178466571979,-0.9863240225317866,-0.3251276029999093,0.9456701548465688,-0.9749279121818236,-0.2225209339563146,0.4867522559599717,0,1,0,0,0,0
2550,2019-06-24,439.7522078351383,0.1307926758567592,-0.9914097417023038,-0.2593382659754056,0.9657865518844574,0.0,1.0,0.5129102907232946,0,1,0,0,0,0
2551,2019-06-25,486.2715600856109,0.1137195145859496,-0.9935128947338008,-0.225963608248019,0.974135744004672,0.7818314824680298,0.6234898018587336,0.5261219640934566,0,1,0,0,0,0
2552,2019-06-26,581.1176459900289,0.0966127018812031,-0.9953220513156602,-0.1923215052390948,0.9813319716704276,0.9749279121818236,-0.2225209339563143,0.5394075072376265,0,1,0,0,0,0
2553,2019-06-27,571.028783646458,0.0794772999236209,-0.9968366760893436,-0.1584517749608363,0.9873667175937016,0.4338837391175582,-0.900968867902419,0.5527555015877842,0,1,0,0,0,0
2554,2019-06-28,823.3603793597739,0.062318379354325,-0.998056320853012,-0.1243945048397999,0.9922328391893008,-0.433883739117558,-0.9009688679024191,0.5661541495171976,0,1,0,0,0,0
2555,2019-06-29,516.9271995204988,0.0451410177739719,-0.998980624694158,-0.0901900042703451,0.99592457702866,-0.9749279121818236,-0.2225209339563146,0.5795912885442627,0,1,0,0,0,0
2556,2019-07-01,494.1535044899616,0.0107513077635219,-0.9999422030204416,-0.0215013727408137,0.999768818762748,0.0,1.0,0.6065306597126334,0,0,1,0,0,0
2557,2019-07-02,476.6594200018594,-0.0064508641981051,-0.9999791929590824,0.0129014599494196,0.9999167727021951,0.7818314824680298,0.6234898018587336,0.6200068879809458,0,0,1,0,0,0
2558,2019-07-03,401.98573515917,-0.0236511272452315,-0.9997202729664084,0.0472890227711323,0.9988812483600598,0.9749279121818236,-0.2225209339563143,0.6334696366573507,0,0,1,0,0,0
2559,2019-07-04,445.2823045709112,-0.0408443915432961,-0.9991655196610107,0.0816206154031905,0.996663471358916,0.4338837391175582,-0.900968867902419,0.6469051754643523,0,0,1,0,0,0
2560,2019-07-05,521.2654429074107,-0.0580255693287803,-0.9983150972033183,0.1158556037694784,0.9932660666081418,-0.433883739117558,-0.9009688679024191,0.6602995202173131,0,0,1,0,0,0
2561,2019-07-06,537.160082815735,-0.0751895764147585,-0.9971692572470178,0.1499534681324453,0.9886930551971383,-0.9749279121818236,-0.2225209339563146,0.6736384553447267,0,0,1,0,0,0
2562,2019-07-08,573.6861008359749,-0.1094457686489155,-0.993992768446958,0.2175766051482817,0.976043247449696,0.0,1.0,0.7000922199176512,0,0,1,0,0,0
2563,2019-07-09,500.87377047440856,-0.1265278168386831,-0.9919630595773395,0.2510218406258827,0.9679814231320734,0.7818314824680298,0.6234898018587336,0.71317767835549,0,0,1,0,0,0
2564,2019-07-10,568.065583763318,-0.1435724234118113,-0.9896398128792412,0.2841699724797683,0.9587739184713192,0.9749279121818236,-0.2225209339563143,0.7261490370736908,0,0,1,0,0,0
2565,2019-07-11,771.3869481240632,-0.1605745445949937,-0.9870237158387384,0.3169817673505278,0.9484316312562208,0.4338837391175582,-0.900968867902419,0.7389912962803088,0,0,0,1,0,0
2566,2019-07-12,595.0398818921856,-0.1775291491870349,-0.984115542601034,0.3494183899593976,0.936966802377855,-0.433883739117558,-0.9009688679024191,0.751689380082437,0,0,0,1,0,0
2567,2019-07-13,669.8202414226566,-0.1944312200476619,-0.9809161537413774,0.3814414490727919,0.9243930013415552,-0.9749279121818236,-0.2225209339563146,0.7642281651714905,0,0,0,1,0,0
2568,2019-07-15,440.2443998486048,-0.2280577712215198,-0.9736476020539838,0.4440958041592176,0.8959793059709459,0.0,1.0,0.7887672852587113,0,0,0,1,0,0
2569,2019-07-16,460.9247765837553,-0.2447723008972595,-0.9695805901076308,0.4746529438919349,0.8801730414269229,0.7818314824680298,0.6234898018587336,0.8007374029168081,0,0,0,1,0,0
2570,2019-07-17,589.159883965455,-0.2614143985111562,-0.965226663665613,0.5046482954181526,0.8633250245021008,0.9749279121818236,-0.2225209339563143,0.8124878481707274,0,0,0,1,0,0
2571,2019-07-18,377.0210486834801,-0.2779791393987801,-0.9605871111248128,0.5340463569360717,0.8454551961182272,0.4338837391175582,-0.900968867902419,0.8240037097874371,0,0,0,1,0,0
2572,2019-07-19,382.1642298556006,-0.2944616217868012,-0.9556633054034704,0.5628123335824821,0.8265847065893737,-0.433883739117558,-0.9009688679024191,0.835270211411272,0,0,0,1,0,0
2573,2019-07-20,342.5692438676626,-0.3108569682435036,-0.9504567035349152,0.5909121786151564,0.8067358905889147,-0.9749279121818236,-0.2225209339563146,0.8462727428586204,0,0,0,1,0,0
2574,2019-07-22,786.2680826670966,-0.343366873996388,-0.939201357453208,0.6449812683237445,0.7641983796838971,0.0,1.0,0.8674284731834108,0,0,0,1,0,0
2575,2019-07-23,345.0739611728656,-0.3594718130884232,-0.9331559438780432,0.6708865180801582,0.7415600311898435,0.7818314824680298,0.6234898018587336,0.8775535639640376,0,0,0,1,0,0
2576,2019-07-24,278.2872627234131,-0.3754703786876202,-0.9268343944460494,0.6959977221267386,0.7180439894563502,0.9749279121818236,-0.2225209339563143,0.8873585302803527,0,0,0,1,0,0
2577,2019-07-25,417.03490840447296,-0.3913578365610259,-0.9202385798054076,0.7202851594252706,0.6936780875245466,0.4338837391175582,-0.900968867902419,0.8968300597468688,0,0,0,1,0,0
2578,2019-07-26,385.21058013532974,-0.4071294853542516,-0.9133704517637858,0.7437200839287408,0.6684911643103645,-0.433883739117558,-0.9009688679024191,0.9059551911095096,0,0,0,1,0,0
2579,2019-07-27,809.4398538274837,-0.4227806579826773,-0.9062320427107696,0.7662747586044899,0.6425130304714689,-0.9749279121818236,-0.2225209339563146,0.914721343722234,0,0,0,1,0,0
2580,2019-07-29,409.7940187629381,-0.4537030860313442,-0.8911529104063088,0.8086376511543126,0.5883070194512693,0.0,1.0,0.9311284654622024,0,0,0,1,0,0
2581,2019-07-30,479.82645619150895,-0.4689651910076318,-0.8832166493127127,0.8283957292921138,0.5601432992463508,0.7818314824680298,0.6234898018587336,0.938746432156527,0,0,0,1,0,0
2582,2019-07-31,453.6558858809405,-0.4840885216389758,-0.8750190302029955,0.847173337473877,0.5313166064347815,0.9749279121818236,-0.2225209339563143,0.9459594689067654,0,0,0,1,0,0
2583,2019-08-01,557.0151029855283,-0.4990686026885319,-0.8665624788845385,0.8649482509584342,0.5018610596210326,0.4338837391175582,-0.900968867902419,0.9527573147659876,0,0,0,1,0,0
2584,2019-08-02,608.5212664270526,-0.5139010013093103,-0.8578494977869301,0.8816994317707848,0.4718115217065765,-0.433883739117558,-0.9009688679024191,0.9591302497107984,0,0,0,1,0,0
2585,2019-08-05,562.0013068944354,-0.5574684374327892,-0.8301981337405212,0.9256185127518922,0.3784578825324888,0.0,1.0,0.975610980064846,0,0,0,1,0,0
2586,2019-08-06,487.7864550134518,-0.5716666713027052,-0.8204859638785327,0.9380889596420648,0.3463944338433696,0.7818314824680298,0.6234898018587336,0.9801986733067553,0,0,0,1,0,0
2587,2019-08-07,603.7531907566852,-0.5856957398073508,-0.8105309990194823,0.9494491062150135,0.3139210007430401,0.9749279121818236,-0.2225209339563143,0.9843217347761178,0,0,0,1,0,0
2588,2019-08-08,415.13527803621776,-0.5995514915196489,-0.8003361849976323,0.9596855068649522,0.2810760180331286,0.4338837391175582,-0.900968867902419,0.987974130351234,0,0,0,1,0,0
2589,2019-08-09,594.866616879785,-0.6132298262997502,-0.7899045386224707,0.968786046025684,0.2478983602727564,-0.433883739117558,-0.9009688679024191,0.9911505004882848,0,0,0,1,0,0
2590,2019-08-10,692.8110883382939,-0.6267266965083301,-0.7792391467859886,0.9767399525103048,0.214427295767511,-0.9749279121818236,-0.2225209339563146,0.9938461733264412,0,0,0,1,0,0
2591,2019-08-12,683.8441482225786,-0.65316012232693,-0.7572198192083127,0.9891715794849548,0.1467637092037396,0.0,1.0,0.9977802450856064,0,0,0,1,0,0
2592,2019-08-13,417.3660416255493,-0.666088855860977,-0.7458723993404063,0.993634586189866,0.112651272195629,0.7818314824680298,0.6234898018587336,0.9990128332490112,0,0,0,1,0,0
2593,2019-08-14,517.1569570758462,-0.6788204829862355,-0.734304263829602,0.9969215500633252,0.0784055037566676,0.9749279121818236,-0.2225209339563143,0.9997531169004024,0,0,0,1,0,0
2594,2019-08-15,513.6290401690118,-0.6913512362094071,-0.722518835873311,0.9990285807311906,0.0440669363834491,0.4338837391175582,-0.900968867902419,1.0,0,0,0,1,0,0
2595,2019-08-16,404.3026307825302,-0.7036774074790128,-0.7105196029692745,0.999953184360873,0.0096762124072308,-0.433883739117558,-0.9009688679024191,0.9997531169004024,0,0,0,1,0,0
2596,2019-08-17,590.5499657282462,-0.7157953492826642,-0.6983101158835584,0.9996942666129788,-0.0247259641093823,-0.9749279121818236,-0.2225209339563146,0.9990128332490112,0,0,0,1,0,0
2597,2019-08-19,471.14988042390087,-0.7393922635959241,-0.673274892250183,0.9956284932063294,-0.093401838931009,0.0,1.0,0.9960571761381908,0,0,0,1,0,0
2598,2019-08-20,425.1118969562079,-0.7508642533989489,-0.6604565640279754,0.9918264497026016,-0.1275942540647218,0.7818314824680298,0.6234898018587336,0.9938461733264412,0,0,0,1,0,0
2599,2019-08-21,431.038815440945,-0.7621140503891487,-0.6474427960827475,0.9868505034357966,-0.1616356516011078,0.9749279121818236,-0.2225209339563143,0.9911505004882848,0,0,0,1,0,0
2600,2019-08-22,507.8808551635048,-0.7731383255706026,-0.6342374393978054,0.9807065438204116,-0.1954857409322303,0.4338837391175582,-0.900968867902419,0.987974130351234,0,0,0,1,0,0
2601,2019-08-23,546.4663090844567,-0.7839338166829201,-0.620844401650647,0.973401842704431,-0.2291044578781002,-0.433883739117558,-0.9009688679024191,0.9843217347761178,0,0,0,1,0,0
2602,2019-08-24,494.91235017035,-0.7944973291665992,-0.6072676460566135,0.9649450457625344,-0.2624520121057191,-0.9749279121818236,-0.2225209339563146,0.9801986733067553,0,0,0,1,0,0
2603,2019-08-26,679.2366390539265,-0.8149159841660791,-0.5795791048257612,0.9446165532223606,-0.3281761224987386,0.0,1.0,0.9705653490349352,0,0,0,1,0,0
2604,2019-08-27,672.6809029047334,-0.8247650844733614,-0.5654755126737576,0.9327689179559782,-0.3604748891327019,0.7818314824680298,0.6234898018587336,0.9650691177896804,0,0,0,1,0,0
2605,2019-08-28,665.4992387986543,-0.8343701235229537,-0.5512045872199277,0.9198172790502196,-0.3923470060554182,0.9749279121818236,-0.2225209339563143,0.9591302497107984,0,0,0,1,0,0
2606,2019-08-29,698.4340625481436,-0.8437282590292712,-0.5367705514607103,0.905776965764254,-0.4237547501691298,0.4338837391175582,-0.900968867902419,0.9527573147659876,0,0,0,1,0,0
2607,2019-08-30,647.0809849271719,-0.8528367217694595,-0.522177676659508,0.8906645958869751,-0.4546609479969567,-0.433883739117558,-0.9009688679024191,0.9459594689067654,0,0,0,1,0,0
2608,2019-08-31,563.2136240189435,-0.8616928164028521,-0.5074302810827518,0.8744980560685747,-0.4850290196805589,-0.9749279121818236,-0.2225209339563146,0.938746432156527,0,0,0,1,0,0
2609,2019-09-02,709.9354335117373,-0.8786374941610001,-0.4774894280028391,0.8390802290175676,-0.5440076922910431,0.0,1.0,0.9231163463866358,0,0,0,1,0,0
2610,2019-09-03,859.8287341304041,-0.886721063082993,-0.4623048304798108,0.8198708615029215,-0.5725484874300667,0.7818314824680298,0.6234898018587336,0.914721343722234,0,0,0,1,0,0
2611,2019-09-04,1263.7564835870246,-0.8945422369764496,-0.4469834295196741,0.7996911138678691,-0.600411627469661,0.9749279121818236,-0.2225209339563143,0.9059551911095096,0,0,0,1,0,0
2612,2019-09-05,984.4188103074472,-0.9020987014301836,-0.4315297589714714,0.7785648703932891,-0.6275641342440474,0.4338837391175582,-0.900968867902419,0.8968300597468688,0,0,0,1,0,0
2613,2019-09-06,681.8410294654634,-0.9093882203647924,-0.4159483918249421,0.756517135610563,-0.6539738706764888,-0.433883739117558,-0.9009688679024191,0.8873585302803527,0,0,0,1,0,0
2614,2019-09-07,757.0958076992795,-0.9164086366943458,-0.4002439388573056,0.733574004706797,-0.6796095788159788,-0.9749279121818236,-0.2225209339563146,0.8775535639640376,0,0,0,1,0,0
2615,2019-09-09,902.851566567666,-0.9296339319682696,-0.3684843993077793,0.6851112019949135,-0.72843849493357,0.0,1.0,0.8569968914352789,0,0,0,1,0,0
2616,2019-09-10,1042.981005728764,-0.935834897334994,-0.3524387108846032,0.6596488896351408,-0.7515739101399981,0.7818314824680298,0.6234898018587336,0.8462727428586204,0,0,0,1,0,0
2617,2019-09-11,886.9534477034352,-0.9417589340994617,-0.3362887301766828,0.6334058321617086,-0.7738197799123084,0.9749279121818236,-0.2225209339563143,0.835270211411272,0,0,0,1,0,0
2618,2019-09-12,1054.709404574404,-0.9474042892438844,-0.3200392362231385,0.6064130902482765,-0.7951497745554202,0.4338837391175582,-0.900968867902419,0.8240037097874371,0,0,0,1,0,0
2619,2019-09-16,912.1470902997572,-0.9671667297977312,-0.2541427094613622,0.4915967464233612,-0.8708229664552752,0.0,1.0,0.7765925101265281,0,0,0,1,0,0
2620,2019-09-17,1074.8197610786392,-0.97139528468375,-0.2374683155584684,0.461351203990578,-0.8872175982116474,0.7818314824680298,0.6234898018587336,0.7642281651714905,0,0,0,1,0,0
2621,2019-09-18,1311.58983146758,-0.9753363880767836,-0.2207236509605022,0.4305596169818739,-0.9025621398133328,0.9749279121818236,-0.2225209339563143,0.751689380082437,0,0,0,1,0,0
2622,2019-09-19,1321.5600437256178,-0.978988873740932,-0.2039136706831147,0.3992584296048835,-0.9168384298170764,0.4338837391175582,-0.900968867902419,0.7389912962803088,0,0,0,1,0,0
2623,2019-09-20,1086.1595803451926,-0.9823516608469236,-0.1870433490699165,0.3674846892184069,-0.9300295711374188,-0.433883739117558,-0.9009688679024191,0.7261490370736908,0,0,0,1,0,0
2624,2019-09-21,1363.526059121102,-0.9854237542919524,-0.1701176783204905,0.3352760024840169,-0.9421199510456922,-0.9749279121818236,-0.2225209339563146,0.71317767835549,0,0,0,1,0,0
2625,2019-09-23,1838.8425222546832,-0.9906923101615608,-0.136120338622667,0.2697067454601279,-0.962942506826501,0.0,1.0,0.6869075574573877,0,0,0,1,0,0
2626,2019-09-24,1124.6734824502223,-0.9928872135356962,-0.1190587300340498,0.2364237814212129,-0.9716500376053584,0.7818314824680298,0.6234898018587336,0.6736384553447267,0,0,0,1,0,0
2627,2019-09-25,1294.3765157775451,-0.994788305609327,-0.1019618900517457,0.2028609916826013,-0.9792075459541514,0.9749279121818236,-0.2225209339563143,0.6602995202173131,0,0,0,1,0,0
2628,2019-09-26,1392.4185516339294,-0.9963950238187232,-0.0848348779057653,0.1690581003831471,-0.9856060869814276,0.4338837391175582,-0.900968867902419,0.6469051754643523,0,0,0,1,0,0
2629,2019-09-27,1266.9579005161886,-0.9977068927101168,-0.0676827617545516,0.1350551158403456,-0.9908380875225532,-0.433883739117558,-0.9009688679024191,0.6334696366573507,0,0,0,1,0,0
2630,2019-09-28,1500.0522434370987,-0.9987235240803972,-0.0505106171852228,0.1008922831974033,-0.9948973551031356,-0.9749279121818236,-0.2225209339563146,0.6200068879809458,0,0,0,1,0,0
2631,2019-09-30,1434.1482555659811,-0.9998699583618592,-0.0161265732706577,0.0322489522893041,-0.9994798672690922,0.0,1.0,0.5930544067956073,0,0,0,1,0,0
2632,2019-10-01,1563.8788796798503,-0.9999994220246924,0.0010751512827982,-0.0021503013227746,-0.9999976880994382,0.7818314824680298,0.6234898018587336,0.5795912885442627,0,0,0,0,1,0
2633,2019-10-02,1625.4129694392143,-0.999832969770105,0.0182765576816912,-0.0365470098881199,-0.9993319348786156,0.9749279121818236,-0.2225209339563143,0.5661541495171976,0,0,0,0,1,0
2634,2019-10-03,1604.864553582144,-0.9993706508539968,0.0354725557531255,-0.0709004622609115,-0.9974833955766828,0.4338837391175582,-0.900968867902419,0.5527555015877842,0,0,0,0,1,0
2635,2019-10-04,1502.6135525826237,-0.9986126020839734,0.052658056924614,-0.1051699984923495,-0.9944542580818482,-0.433883739117558,-0.9009688679024191,0.5394075072376265,0,0,0,0,1,0
2636,2019-10-05,1010.733957960368,-0.9975590477788612,0.0698279757298708,-0.1393150579548309,-0.9902481076109372,-0.9749279121818236,-0.2225209339563146,0.5261219640934566,0,0,0,0,1,0
2637,2019-10-07,1135.2501252366528,-0.9945667569706336,0.1041007489354256,-0.2070702885338407,-0.9783260681421668,0.0,1.0,0.4997835137030315,0,0,0,0,1,0
2638,2019-10-08,981.2991491930431,-0.9926289059345096,0.121193461470736,-0.2406002661322256,-0.9706242897934824,0.7818314824680298,0.6234898018587336,0.4867522559599717,0,0,0,0,1,0
2639,2019-10-09,1046.4568100432984,-0.9903973200352558,0.1382503109109819,-0.2738454748405547,-0.9617737030660336,0.9749279121818236,-0.2225209339563143,0.473826726395364,0,0,0,0,1,0
2640,2019-10-10,1130.759746290708,-0.9878726596350428,0.1552662498599956,-0.3067665664015059,-0.9517847833088268,0.4338837391175582,-0.900968867902419,0.4610167107835354,0,0,0,0,1,0
2641,2019-10-11,1145.6662284458555,-0.9850556718215012,0.172236243027682,-0.3393245761752893,-0.9406693531754186,-0.433883739117558,-0.9009688679024191,0.448331563940943,0,0,0,0,1,0
2642,2019-10-12,1078.1812742356772,-0.981947190186646,0.1891552687200409,-0.3714809692572883,-0.9284405686308982,-0.9749279121818236,-0.2225209339563146,0.4357802031543156,0,0,0,0,1,0
2643,2019-10-14,1138.8715769555713,-0.9748595108374124,0.2228204077947995,-0.4344371874948622,-0.9007021317403184,0.0,1.0,0.4111122905071874,0,0,0,0,1,0
2644,2019-10-15,1266.978410535822,-0.9708824104813836,0.239556559120927,-0.4651624991319035,-0.8852253099642835,0.7818314824680298,0.6234898018587336,0.39901134372866,0,0,0,0,1,0
2645,2019-10-16,1249.1297762394497,-0.9666180104000972,0.2562218218071163,-0.4953372552325659,-0.8687007560596847,0.9749279121818236,-0.2225209339563143,0.3870753885499897,0,0,0,0,1,0
2646,2019-10-17,1113.5239003908637,-0.9620675724981452,0.2728112643340191,-0.5249257416559593,-0.8511480281049478,0.4338837391175582,-0.900968867902419,0.3753110988513995,0,0,0,0,1,0
2647,2019-10-18,965.6917540897016,-0.957232443323312,0.2893199776186952,-0.5538929381563792,-0.8325879011014353,-0.433883739117558,-0.9009688679024191,0.3637246969042016,0,0,0,0,1,0
2648,2019-10-19,981.28398615972,-0.9521140536681102,0.3057430764672831,-0.5822045598324479,-0.8130423423846421,-0.9749279121818236,-0.2225209339563146,0.3523219549954969,0,0,0,0,1,0
2649,2019-10-21,824.1089657476691,-0.9410336347451196,0.3383130181923076,-0.6367278583821979,-0.7710886034432227,0.0,1.0,0.3300883075351398,0,0,0,0,0,1
2650,2019-10-22,886.6098396779315,-0.9350748843515574,0.3544502230989869,-0.6628750027453377,-0.7487300786901568,0.7818314824680298,0.6234898018587336,0.3192667256288431,0,0,0,0,0,1
2651,2019-10-23,881.5269903565268,-0.9288394302558068,0.3704825404820963,-0.6882375836422284,-0.7254853743958638,0.9749279121818236,-0.2225209339563143,0.3086474612366189,0,0,0,0,0,1
2652,2019-10-24,787.1007960670398,-0.9223291176290545,0.3864052261209853,-0.7127855825108473,-0.7013820024527804,0.4338837391175582,-0.900968867902419,0.2982340961814215,0,0,0,0,0,1
2653,2019-10-25,842.6449648862831,-0.9155458729775467,0.4022135682368036,-0.7364899449095569,-0.6764484910524362,-0.433883739117558,-0.9009688679024191,0.2880297924974456,0,0,0,0,0,1
2654,2019-10-26,696.1333188351589,-0.9084917035725082,0.4179028888867866,-0.7593226149052589,-0.6507143509201561,-0.9749279121818236,-0.2225209339563146,0.2780373004531941,0,0,0,0,0,1
2655,2019-10-28,768.9773601775967,-0.8935790198239952,0.4489059314938798,-0.8022658445149573,-0.5969669293392242,0.0,1.0,0.258696746701885,0,0,0,0,0,1
2656,2019-10-29,767.2746735596169,-0.8857249183835637,0.4642104791518923,-0.8223255775192096,-0.5690172620911411,0.7818314824680298,0.6234898018587336,0.2493522087772961,0,0,0,0,0,1
2657,2019-10-30,742.9829667286309,-0.8776087166898392,0.4793776594606945,-0.8414120250581577,-0.5403941192199728,0.9749279121818236,-0.2225209339563143,0.2402265507324824,0,0,0,0,0,1
2658,2019-10-31,746.995868764346,-0.8692328164574792,0.4944029842076181,-0.8595025968555411,-0.5111313784132033,0.4338837391175582,-0.900968867902419,0.2313206080041767,0,0,0,0,0,1
2659,2019-11-01,795.6949534862258,-0.8605996962501181,0.5092820071573356,-0.876575881330507,-0.4812636743715911,-0.433883739117558,-0.9009688679024191,0.2226348658788909,0,0,0,0,0,1
2660,2019-11-02,719.4742608067316,-0.8517119107469189,0.5240103253675756,-0.8926116709398649,-0.4508263578163351,-0.9749279121818236,-0.2225209339563146,0.2141694715316088,0,0,0,0,0,1
2661,2019-11-04,739.6044259499631,-0.8331829385891785,0.5529974600700271,-0.9214960976269942,-0.3883876183121974,0.0,1.0,0.1978986990836146,0,0,0,0,0,1
2662,2019-11-05,695.563470943279,-0.8235472349556007,0.5672476988027229,-0.9343105477678196,-0.3564600964060307,0.7818314824680298,0.6234898018587336,0.1900920380007587,0,0,0,0,0,1
2663,2019-11-06,662.3391714248826,-0.8136678304455991,0.5813300798152042,-0.9460191696320084,-0.3241106766040965,0.9749279121818236,-0.2225209339563143,0.1825031849518363,0,0,0,0,0,1
2664,2019-11-07,627.7941640467417,-0.8035476485339116,0.5952404359043674,-0.9566081051665098,-0.2913776469287574,0.4338837391175582,-0.900968867902419,0.1751307883451509,0,0,0,0,0,1
2665,2019-11-08,654.5401522197399,-0.7931896839451843,0.6089746507720486,-0.9660648215530204,-0.2582997494341228,-0.433883739117558,-0.9009688679024191,0.1679732367575336,0,0,0,0,0,1
2666,2019-11-09,766.8951739537664,-0.7825970017677834,0.6225286602431057,-0.9743781260415392,-0.2249161343518477,-0.9749279121818236,-0.2225209339563146,0.1610286725459804,0,0,0,0,0,1
2667,2019-11-11,764.615911747421,-0.7607200913564104,0.6490800741100398,-0.98753650654923,-0.1573901147866107,0.0,1.0,0.1477699265043177,0,0,0,0,0,1
2668,2019-11-12,764.4684961631775,-0.7494423368521953,0.6620696215153815,-0.992366008614672,-0.1233276325329588,0.7818314824680298,0.6234898018587336,0.1414509211393686,0,0,0,0,0,1
2669,2019-11-13,714.6027969267293,-0.7379428103031386,0.6748632518680403,-0.9960209693076332,-0.0891191825561879,0.9749279121818236,-0.2225209339563143,0.1353352832366127,0,0,0,0,0,1
2670,2019-11-14,791.8898739513769,-0.7262249146041543,0.6874571793269664,-0.998497062701478,-0.0548052531836224,0.4338837391175582,-0.900968867902419,0.1294201282977755,0,0,0,0,0,1
2671,2019-11-15,802.6294282373585,-0.7142921172691032,0.699847677146407,-0.999791358149542,-0.0204264575855568,-0.433883739117558,-0.9009688679024191,0.1237024067768548,0,0,0,0,0,1
2672,2019-11-16,846.9102638055886,-0.7021479494046978,0.7120310787787131,-0.9999023237537764,0.0139765142935557,-0.9749279121818236,-0.2225209339563146,0.1181789171817805,0,0,0,0,0,1
2673,2019-11-18,876.4242874120546,-0.6772399381909491,0.7357622347736527,-0.996575140802686,0.082692132238239,0.0,1.0,0.1077011451900321,0,0,0,0,0,1
2674,2019-11-19,808.5842436543021,-0.6644834655228552,0.7473029667054297,-0.9931409302238696,0.116923448093473,0.7818314824680298,0.6234898018587336,0.1027398149024943,0,0,0,0,0,1
2675,2019-11-20,867.5536045999355,-0.6515303615068021,0.75862255966641,-0.9885312610933432,0.1510163760696315,0.9749279121818236,-0.2225209339563143,0.0979586452573397,0,0,0,0,0,1
2676,2019-11-21,845.7330650631357,-0.6383844591746642,0.769717664006921,-0.9827515893084884,0.1849305645685428,0.4338837391175582,-0.900968867902419,0.093353863304629,0,0,0,0,0,1
2677,2019-11-22,980.0925600096784,-0.6250496486104377,0.7805849965070866,-0.9758087555546684,0.2186258735439368,-0.433883739117558,-0.9009688679024191,0.0889216174593863,0,0,0,0,0,1
2678,2019-11-23,865.7597063646296,-0.6115298757991053,0.7912213413483807,-0.9677109772087537,0.2520624220102616,-0.9749279121818236,-0.2225209339563146,0.0846579886225299,0,0,0,0,0,1
2679,2019-11-25,802.7400359717615,-0.5839514998576998,0.8117885474764613,-0.948090279732366,0.3180012916278857,0.0,1.0,0.0766206321804935,0,0,0,0,0,1
2680,2019-11-26,706.1652145612472,-0.5699010576127624,0.821713322596059,-0.936590583203982,0.3504255690637097,0.7818314824680298,0.6234898018587336,0.0728388237369676,0,0,0,0,0,1
2681,2019-11-27,656.5420847767351,-0.5556819724760489,0.8313949395234058,-0.9239823598019432,0.3824350909302552,0.9749279121818236,-0.2225209339563143,0.0692094902133194,0,0,0,0,0,1
2682,2019-11-28,737.3449209137211,-0.5412984521036173,0.8408305333122887,-0.9102805323268018,0.4139919715004559,0.4338837391175582,-0.900968867902419,0.0657285286165304,0,0,0,0,0,1
2683,2019-11-29,862.166199144534,-0.5267547528105542,0.8500173118187018,-0.895501317943504,0.4450588607829839,-0.433883739117558,-0.9009688679024191,0.0623918271307013,0,0,0,0,0,1
2684,2019-11-30,760.6292038559042,-0.5120551783114646,0.8589525565270845,-0.8796622089871292,0.4755989887288283,-0.9749279121818236,-0.2225209339563146,0.0591952734739325,0,0,0,0,0,1
2685,2019-12-02,858.6723861274266,-0.4822058478963526,0.8760579434344281,-0.8448805268402667,0.5349550405091192,0.0,1.0,0.0532062053822325,0,0,0,0,0,1
2686,2019-12-03,761.6050990883847,-0.4670649248774303,0.8842230238742036,-0.8259791204413983,0.5637007118984807,0.7818314824680298,0.6234898018587336,0.0504055333627536,0,0,0,0,0,1
2687,2019-12-04,736.5204545554172,-0.451785789832884,0.8921264484954345,-0.8061001043286311,0.5917792002101544,0.9749279121818236,-0.2225209339563143,0.0477287077631641,0,0,0,0,0,1
2688,2019-12-05,824.9924634384857,-0.4363729641045924,0.8997658785476209,-0.7852670068439961,0.6191572723971441,0.4338837391175582,-0.900968867902419,0.0451717245647246,0,0,0,0,0,1
2689,2019-12-06,857.1169415632629,-0.4208310085956556,0.9071390534005044,-0.7635044855580851,0.6458025244087264,-0.433883739117558,-0.9009688679024191,0.0427306205788496,0,0,0,0,0,1
2690,2019-12-07,874.9531474330638,-0.4051645224207563,0.9142437912130223,-0.7408382980859317,0.6716834195431209,-0.9749279121818236,-0.2225209339563146,0.0404014788741632,0,0,0,0,0,1
2691,2019-12-09,773.6833266100816,-0.3734765374130707,0.9276396261490468,-0.6929032710826029,0.7210305520038863,0.0,1.0,0.0360636756174023,0,0,0,0,0,1
2692,2019-12-10,802.9736694525795,-0.3574644155648614,0.9339267592294762,-0.6676911663366994,0.7444383832097442,0.7818314824680298,0.6234898018587336,0.0340474547345993,0,0,0,0,0,1
2693,2019-12-11,772.9449877380483,-0.3413465142450361,0.9399375283564132,-0.641688797825113,0.7669651144255266,0.9749279121818236,-0.2225209339563143,0.0321280855748041,0,0,0,0,0,1
2694,2019-12-12,746.354577308805,-0.3251276029999093,0.9456701548465688,-0.6149269413476359,0.7885840835350667,0.4338837391175582,-0.900968867902419,0.0303019500674343,0,0,0,0,0,1
2695,2019-12-13,801.2678260191666,-0.3088124812662537,0.9511229423235356,-0.587437271616382,0.8092697028283593,-0.433883739117558,-0.9009688679024191,0.0285655007845503,0,0,0,0,0,1
2696,2019-12-14,837.2850491349276,-0.2924059769510773,0.956294277219772,-0.5592523247663436,0.828997489286572,-0.9749279121818236,-0.2225209339563146,0.0269152637299154,0,0,0,0,0,1
2697,2019-12-16,776.5727581780897,-0.2593382659754056,0.9657865518844574,-0.5009308193361626,0.8654873276017396,0.0,1.0,0.0238599118793802,0,0,0,0,0,1
2698,2019-12-17,757.5632870195412,-0.2426868445825954,0.9701046827361176,-0.4708632887360563,0.8822061909330864,0.7818314824680298,0.6234898018587336,0.0224482367321429,0,0,0,0,0,1
2699,2019-12-18,762.5258468784064,-0.225963608248019,0.974135744004672,-0.4402384552773285,0.8978808954950716,0.9749279121818236,-0.2225209339563143,0.021109656453671,0,0,0,0,0,1
2700,2019-12-19,736.5620247498817,-0.2091735056463563,0.9778785428342386,-0.4090925658019766,0.9124928890712274,0.4338837391175582,-0.900968867902419,0.0198410947443702,0,0,0,0,0,1
2701,2019-12-20,711.9952850014454,-0.1923215052390948,0.9813319716704276,-0.3774624838618108,0.9260248772451376,-0.433883739117558,-0.9009688679024191,0.0186395588695301,0,0,0,0,0,1
2702,2019-12-21,645.0207661764035,-0.1754125938042784,0.9844950085880858,-0.345385646087603,0.9384608438697104,-0.9749279121818236,-0.2225209339563146,0.0175021403684067,0,0,0,0,0,1
2703,2019-12-23,733.6152286619777,-0.141444067687942,0.989946248902378,-0.2800440484743445,0.9599871514317776,0.0,1.0,0.0154084455711887,0,0,0,0,0,1
2704,2019-12-24,711.492919945547,-0.1243945048397999,0.9922328391893008,-0.2468566254334839,0.969052014331322,0.7818314824680298,0.6234898018587336,0.0144467767640457,0,0,0,0,0,1
2705,2019-12-25,650.6972262948445,-0.1073081316563624,0.994225811815616,-0.2133770286209279,0.9769699297608416,0.9749279121818236,-0.2225209339563143,0.0135384401366523,0,0,0,0,0,1
2706,2019-12-26,628.4812132114062,-0.0901900042703451,0.99592457702866,-0.179644883710313,0.9837315262594304,0.4338837391175582,-0.900968867902419,0.0126809511496068,0,0,0,0,0,1
2707,2019-12-27,742.9358205975311,-0.0730451882110474,0.9973286321364752,-0.1457001152853506,0.9893288009584252,-0.433883739117558,-0.9009688679024191,0.0118719091278277,0,0,0,0,0,1
2708,2019-12-28,767.4539513645161,-0.0558787569053731,0.9984375616565666,-0.1115828995860015,0.9937551290534204,-0.9749279121818236,-0.2225209339563146,0.0111089965382423,0,0,0,0,0,1
2709,2019-12-30,841.0912906610703,-0.0215013727408137,0.999768818762748,-0.0429928040537219,0.9990753819405211,0.0,1.0,0.0097126998429016,0,0,0,0,0,1
2710,2019-12-31,843.0375038598659,-0.0043005927029819,0.9999907524084426,-0.0086011058657144,0.999963009804806,0.7818314824680298,0.6234898018587336,0.0090750878156515,0,0,0,0,0,1
2711,2020-01-03,782.2895727649262,0.0515843668694083,0.9986686402879996,0.1030313790431787,0.9946781061893646,-0.433883739117558,-0.9009688679024191,0.0072532058010343,0,0,0,0,0,0
2712,2020-01-04,771.7963306367299,0.0687554084811394,0.9976335468520452,0.1371854040566005,0.9905453876091832,-0.9749279121818236,-0.2225209339563146,0.0067628442633904,0,0,0,0,0,0
2713,2020-01-06,802.923908274559,0.1030313790431787,0.9946781061893646,0.2049661139694953,0.9787690698649216,0.0,1.0,0.0058706306788869,0,0,0,0,0,0
2714,2020-01-07,826.1849724379983,0.1201261651823505,0.9927586335250792,0.2385125751940764,0.9711394088771652,0.7818314824680298,0.6234898018587336,0.0054656365237319,0,0,0,0,0,0
2715,2020-01-08,682.5166821230315,0.1371854040566005,0.9905453876091832,0.2717767384711357,0.9623603298276544,0.9749279121818236,-0.2225209339563143,0.0050860692310127,0,0,0,0,0,0
2716,2020-01-09,710.13211273115,0.1542040475626894,0.988039023376751,0.3047192331091634,0.9524422234305676,0.4338837391175582,-0.900968867902419,0.0047305247785057,0,0,0,0,0,0
2717,2020-01-10,746.7078924814941,0.1711770596101998,0.985240282501282,0.3373010691361842,0.9413968285264122,-0.433883739117558,-0.9009688679024191,0.0043976626339341,0,0,0,0,0,0
2718,2020-01-11,673.1958901349809,0.1880994176117975,0.9821499931752292,0.3694836834473831,0.9292372181882051,-0.9749279121818236,-0.2225209339563146,0.0040862038707351,0,0,0,0,0,0
2719,2020-01-13,688.2888167714689,0.2217721575564818,0.975098513039961,0.4324994021339788,0.901634220265486,0.0,1.0,0.0035226774101574,0,0,0,0,0,0
2720,2020-01-14,686.9774235781865,0.2385125751940764,0.9711394088771652,0.4632579225674917,0.88622350294858,0.7818314824680298,0.6234898018587336,0.0032683427650369,0,0,0,0,0,0
2721,2020-01-15,740.3996818044388,0.2551824131233728,0.966892928939152,0.4934681416772373,0.8697638720650646,0.9749279121818236,-0.2225209339563143,0.0030308737915416,0,0,0,0,0,0
2722,2020-01-16,766.6536508583989,0.2717767384711357,0.9623603298276544,0.5230943033491326,0.8522748088519838,0.4338837391175582,-0.900968867902419,0.0028092710364807,0,0,0,0,0,0
2723,2020-01-17,757.0575363871453,0.2882906407095177,0.957542952811672,0.5521013427459208,0.8337770129585915,-0.433883739117558,-0.9009688679024191,0.0026025852527254,0,0,0,0,0,0
2724,2020-01-18,706.0476644646989,0.3047192331091634,0.9524422234305676,0.580454927809098,0.8142923779467267,-0.9749279121818236,-0.2225209339563146,0.0024099155339509,0,0,0,0,0,0
2725,2020-01-20,774.0575146915943,0.3373010691361842,0.9413968285264122,0.6350683134867438,0.7724559775191742,0.0,1.0,0.0020632513354787,0,0,0,0,0,0
2726,2020-01-21,743.2320669626581,0.3534446712740877,0.9354554315134164,0.6612634749656386,0.7501537286959042,0.7818314824680298,0.6234898018587336,0.0019076802879754,0,0,0,0,0,0
2727,2020-01-22,724.2543407450662,0.3694836834473831,0.9292372181882051,0.6866759803451553,0.726963615332308,0.9749279121818236,-0.2225209339563143,0.0017629686236867,0,0,0,0,0,0
2728,2020-01-23,688.3163948099935,0.3854133594543256,0.9227440286201428,0.7112757519738152,0.7029130847082615,0.4338837391175582,-0.900968867902419,0.0016284300482412,0,0,0,0,0,0
2729,2020-01-24,590.9152123279355,0.4012289854475009,0.9159777842484876,0.7350336741329412,0.6780306024735382,-0.433883739117558,-0.9009688679024191,0.0015034159919344,0,0,0,0,0,0
2730,2020-01-28,695.0903171793465,0.4632579225674917,0.88622350294858,0.8211001178128892,0.5707841943569036,0.7818314824680298,0.6234898018587336,0.0010868628230603,0,0,0,0,0,0
2731,2020-01-29,811.9654368044567,0.4784338202547012,0.8781236129591848,0.8402480696078469,0.5422021592729844,0.9749279121818236,-0.2225209339563143,0.0010009501745566,0,0,0,0,0,0
2732,2020-01-30,782.2475580243508,0.4934681416772373,0.8697638720650646,0.8584015232918917,0.512978386299228,0.4338837391175582,-0.900968867902419,0.0009213735043575,0,0,0,0,0,0
2733,2020-01-31,861.5074814183914,0.5083564379375122,0.8611467540480452,0.8755389928586302,0.4831474640149687,-0.433883739117558,-0.9009688679024191,0.0008477045464715,0,0,0,0,0,0
2734,2020-02-01,909.5634438286738,0.5230943033491326,0.8522748088519838,0.8916401947968874,0.452744699607371,-0.9749279121818236,-0.2225209339563146,0.0007795407797602,0,0,0,0,0,0
2735,2020-02-03,808.6137450029208,0.5521013427459208,0.8337770129585915,0.9206588168102428,0.3903682146763026,0.0,1.0,0.000658239732409,0,0,0,0,0,0
2736,2020-02-04,950.6023048101488,0.5663619330814524,0.8241566360566663,0.9335418911179212,0.3584683215124808,0.7818314824680298,0.6234898018587336,0.0006044147037595,0,0,0,0,0,0
2737,2020-02-05,976.9137565590509,0.580454927809098,0.8142923779467267,0.945320046913132,0.3261441535642696,0.9749279121818236,-0.2225209339563143,0.000554717008343,0,0,0,0,0,0
2738,2020-02-06,863.0618337762,0.5943761565849831,0.804187157621448,0.9559793438440766,0.2934339689665273,0.4338837391175582,-0.900968867902419,0.0005088543328223,0,0,0,0,0,0
2739,2020-02-07,820.4179595755259,0.6081214998935418,0.7938439653781019,0.9655071658143364,0.2603764827344581,-0.433883739117558,-0.9009688679024191,0.0004665530201723,0,0,0,0,0,0
2740,2020-02-08,794.0693154549779,0.6216868902665479,0.7832658619336791,0.9738922359149924,0.2270108209414184,-0.9749279121818236,-0.2225209339563146,0.0004275570451654,0,0,0,0,0,0
2741,2020-02-10,795.5013160457144,0.6482618097757122,0.7614175109532997,0.9871957872910084,0.1595132519726365,0.0,1.0,0.0003585393208955,0,0,0,0,0,0
2742,2020-02-11,835.5371194614315,0.6612634749656386,0.7501537286959042,0.992098522791769,0.1254612333527364,0.7818314824680298,0.6234898018587336,0.0003280850598723,0,0,0,0,0,0
2743,2020-02-12,849.9296028597859,0.6740694616546161,0.7386679638813748,0.9958270335100596,0.0912607217293118,0.9749279121818236,-0.2225209339563143,0.0003000693589348,0,0,0,0,0,0
2744,2020-02-13,885.0676680735896,0.6866759803451553,0.726963615332308,0.998376906467142,0.0569521960340397,0.4338837391175582,-0.900968867902419,0.0002743104674934,0,0,0,0,0,0
2745,2020-02-14,809.0795430804116,0.6990793005655562,0.7150441465537444,0.9997451236925734,0.0225762630415454,-0.433883739117558,-0.9009688679024191,0.0002805480820737,0,0,0,0,0,0
2746,2020-02-15,795.0199830260011,0.7112757519738152,0.7029130847082615,0.9999300657962056,-0.0118263906918325,-0.9749279121818236,-0.2225209339563146,0.0003068548257635,0,0,0,0,0,0
2747,2020-02-17,848.4745192506055,0.7350336741329412,0.6780306024735382,0.9967506498213928,-0.0805490042187416,0.0,1.0,0.0003665564497251,0,0,0,0,0,0
2748,2020-02-18,857.7030898537789,0.746588114532413,0.6652865452111116,0.9933900548258936,-0.114787625522127,0.7818314824680298,0.6234898018587336,0.0004003345935883,0,0,0,0,0,0
2749,2020-02-19,801.6385255565332,0.7579216274973472,0.6523456189565257,0.9888537064205885,-0.1488903868564548,0.9749279121818236,-0.2225209339563143,0.0004370095298997,0,0,0,0,0,0
2750,2020-02-20,837.2391120851782,0.7690308592589181,0.6392116531380588,0.98314697372215,-0.1828169249850199,0.4338837391175582,-0.900968867902419,0.0004768087638956,0,0,0,0,0,0
2751,2020-02-21,839.2531525704945,0.7799125224167177,0.6258885343075018,0.976276611086932,-0.2165270852448143,-0.433883739117558,-0.9009688679024191,0.0005199757432558,0,0,0,0,0,0
2752,2020-02-22,875.8117548523823,0.7905633969115482,0.612380204990065,0.9682507501166718,-0.2499809690726521,-0.9749279121818236,-0.2225209339563146,0.0005667708074866,0,0,0,0,0,0
2753,2020-02-24,816.3942267314505,0.8111602420785621,0.5848239578463322,0.9487718864399473,-0.3159618766579029,0.0,1.0,0.0006723770032408,0,0,0,0,0,0
2754,2020-02-25,841.8626445128424,0.8211001178128892,0.5707841943569036,0.9373419384643772,-0.3484108069446808,0.7818314824680298,0.6234898018587336,0.0007318024188804,0,0,0,0,0,0
2755,2020-02-26,883.9232796258882,0.8307970168121247,0.5565755266413303,0.9248025743285088,-0.3804473662878516,0.9749279121818236,-0.2225209339563143,0.0007960866914957,0,0,0,0,0,0
2756,2020-02-27,848.2912936807611,0.8402480696078469,0.5422021592729844,0.9111686353326632,-0.4120336369594263,0.4338837391175582,-0.900968867902419,0.0008655903784247,0,0,0,0,0,0
2757,2020-02-28,843.2264960250374,0.8494504794814806,0.527668345562516,0.8964562582905575,-0.4431322341826345,-0.433883739117558,-0.9009688679024191,0.0009406975448679,0,0,0,0,0,0
2758,2020-02-29,802.4702020810857,0.8584015232918917,0.512978386299228,0.8806828564301475,-0.47370635037968,-0.9749279121818236,-0.2225209339563146,0.0010218170249252,0,0,0,0,0,0
2759,2020-03-02,834.2323814543927,0.8755389928586302,0.4831474640149687,0.8460288880917339,-0.533137056031809,0.0,1.0,0.0012038599948282,0,0,0,0,0,0
2760,2020-03-03,881.2273958272395,0.8837203473619977,0.4680153284438345,0.8271893372462497,-0.5619233046832195,0.7818314824680298,0.6234898018587336,0.0013057369899986,0,0,0,0,0,0
2761,2020-03-04,881.1737712659515,0.8916401947968874,0.452744699607371,0.8073707443023492,-0.5900444739548627,0.9749279121818236,-0.2225209339563143,0.0014155361520939,0,0,0,0,0,0
2762,2020-03-05,884.1243107856233,0.8992961915530253,0.4373400963303323,0.7865965660866021,-0.6174672802835514,0.4338837391175582,-0.900968867902419,0.0015338106793244,0,0,0,0,0,0
2763,2020-03-06,813.8056087693558,0.9066860720977984,0.4218060770826634,0.7648913904341226,-0.6441592666722685,-0.433883739117558,-0.9009688679024191,0.0016611470627641,0,0,0,0,0,0
2764,2020-03-07,900.3189461347226,0.9138076496466616,0.4061472386305788,0.742280907086982,-0.6700888411055113,-0.9749279121818236,-0.2225209339563146,0.0017981666618475,0,0,0,0,0,0
2765,2020-03-09,786.281421835196,0.9272375462179536,0.374473674486883,0.6944521021088763,-0.719538934232584,0.0,1.0,0.0021039250291307,0,0,0,0,0,0
2766,2020-03-10,827.9582587419019,0.9335418911179212,0.3584683215124808,0.6692903895412567,-0.7430009249440493,0.7818314824680298,0.6234898018587336,0.0022740956104016,0,0,0,0,0,0
2767,2020-03-11,793.5228802859144,0.9395699859530622,0.342356891994542,0.6433365204044917,-0.765583517007675,0.9749279121818236,-0.2225209339563143,0.0024568164604892,0,0,0,0,0,0
2768,2020-03-12,754.4154750419775,0.945320046913132,0.3261441535642696,0.6166212130956382,-0.7872599821916922,0.4338837391175582,-0.900968867902419,0.0026529083096449,0,0,0,0,0,0
2769,2020-03-13,766.5557266716485,0.9507903724625832,0.3098349038318025,0.5891760872322963,-0.8080046647350754,-0.433883739117558,-0.9009688679024191,0.0028632370196305,0,0,0,0,0,0
2770,2020-03-14,831.8442066242653,0.9559793438440766,0.2934339689665273,0.5610336262283677,-0.8277930117131022,-0.9749279121818236,-0.2225209339563146,0.0030887154082367,0,0,0,0,0,0
2771,2020-03-16,747.2886670763435,0.9655071658143364,0.2603764827344581,0.5027907197793043,-0.8644081744776648,0.0,1.0,0.0035890183886718,0,0,0,0,0,0
2772,2020-03-17,869.0544528077158,0.969843196967294,0.2437297136096838,0.4727592092862775,-0.881191653407483,0.7818314824680298,0.6234898018587336,0.0038659201394728,0,0,0,0,0,0
2773,2020-03-18,756.9548744627912,0.9738922359149924,0.2270108209414184,0.442168151967072,-0.8969321743510065,0.9749279121818236,-0.2225209339563143,0.0041621296730796,0,0,0,0,0,0
2774,2020-03-19,764.4921624162032,0.977653084481664,0.2102247521189836,0.4110537546870351,-0.911611107193024,0.4338837391175582,-0.900968867902419,0.004478822680028,0,0,0,0,0,0
2775,2020-03-20,832.4565177181596,0.981124629771712,0.1933764744102058,0.3794528437245443,-0.925211078289358,-0.433883739117558,-0.9009688679024191,0.0048172331281061,0,0,0,0,0,0
2776,2020-03-21,852.8986671190165,0.984305844499033,0.1764709734915216,0.3474028211842774,-0.9377159910299092,-0.9749279121818236,-0.2225209339563146,0.0051786551677508,0,0,0,0,0,0
2777,2020-03-23,801.0298140570698,0.9897936029670716,0.1425083279161708,0.2821076626819194,-0.9593827529490744,0.0,1.0,0.0059760228950059,0,0,0,0,0,0
2778,2020-03-24,798.784811311451,0.992098522791769,0.1254612333527364,0.2489398085537665,-0.9685189578512204,0.7818314824680298,0.6234898018587336,0.0064148747704495,0,0,0,0,0,0
2779,2020-03-25,737.7965799504844,0.9941098647022418,0.108377012791876,0.2154773150467301,-0.976508846196619,0.9749279121818236,-0.2225209339563143,0.0068825542952156,0,0,0,0,0,0
2780,2020-03-26,743.0710110212892,0.9958270335100596,0.0912607217293118,0.1817597875913753,-0.9833429613388902,0.4338837391175582,-0.900968867902419,0.0073806845376742,0,0,0,0,0,0
2781,2020-03-27,743.3435425171981,0.9972495210773452,0.0741174251509443,0.1478271334705304,-0.9890132145779884,-0.433883739117558,-0.9009688679024191,0.0079109597339302,0,0,0,0,0,0
2782,2020-03-28,762.9866639845865,0.998376906467142,0.0569521960340397,0.1137195145859496,-0.9935128947338008,-0.9749279121818236,-0.2225209339563146,0.0084751469727328,0,0,0,0,0,0
2783,2020-03-30,788.3674425997299,0.9997451236925734,0.0225762630415454,0.0451410177739719,-0.998980624694158,0.0,1.0,0.0097126998429016,0,0,0,0,0,0
2784,2020-03-31,714.2759584567401,0.9999855506507186,0.0053757315575838,0.0107513077635219,-0.9999422030204416,0.7818314824680298,0.6234898018587336,0.0103899781147773,0,0,0,0,0,0
2785,2020-04-01,730.4087090742056,0.9999300657962056,-0.0118263906918325,-0.0236511272452315,-0.9997202729664084,0.9749279121818236,-0.2225209339563143,0.0111089965382423,0,0,0,0,0,0
2786,2020-04-02,739.8007002249742,0.9995786855478958,-0.0290250133219752,-0.0580255693287803,-0.9983150972033183,0.4338837391175582,-0.900968867902419,0.0118719091278277,0,0,0,0,0,0
2787,2020-04-03,722.9770829868045,0.9989315138848576,-0.0462150469837083,-0.0923313336953912,-0.9957283388645872,-0.433883739117558,-0.9009688679024191,0.0126809511496068,0,0,0,0,0,0
2788,2020-04-04,742.9560265548869,0.9979887423155984,-0.0633914048695103,-0.1265278168386831,-0.9919630595773395,-0.9749279121818236,-0.2225209339563146,0.0135384401366523,0,0,0,0,0,0
2789,2020-04-06,768.8648368257616,0.9952176027737294,-0.0976827678217159,-0.1944312200476619,-0.9809161537413774,0.0,1.0,0.0154084455711887,0,0,0,0,0,0
2790,2020-04-07,704.0972433279871,0.9933900548258936,-0.114787625522127,-0.2280577712215198,-0.9736476020539838,0.7818314824680298,0.6234898018587336,0.0164260155188855,0,0,0,0,0,0
2791,2020-04-08,745.9952418566268,0.9912685467787256,-0.1318585157173911,-0.2614143985111562,-0.965226663665613,0.9749279121818236,-0.2225209339563143,0.0175021403684067,0,0,0,0,0,0
2792,2020-04-09,734.652416903618,0.9888537064205885,-0.1488903868564548,-0.2944616217868012,-0.9556633054034704,0.4338837391175582,-0.900968867902419,0.0186395588695301,0,0,0,0,0,0
2793,2020-04-10,696.0628881062125,0.986146248341595,-0.1658781989346314,-0.3271603271220951,-0.9449688462364056,-0.433883739117558,-0.9009688679024191,0.0198410947443702,0,0,0,0,0,0
2794,2020-04-11,757.0923299760838,0.98314697372215,-0.1828169249850199,-0.3594718130884232,-0.9331559438780432,-0.9749279121818236,-0.2225209339563146,0.021109656453671,1,0,0,0,0,0
2795,2020-04-13,743.2830875759538,0.976276611086932,-0.2165270852448143,-0.4227806579826773,-0.9062320427107696,0.0,1.0,0.0238599118793802,1,0,0,0,0,0
2796,2020-04-14,743.7263934676768,0.9724075561219968,-0.2332885440754551,-0.4537030860313442,-0.8911529104063088,0.7818314824680298,0.6234898018587336,0.0253478407929008,1,0,0,0,0,0
2797,2020-04-15,816.4379194687774,0.9682507501166718,-0.2499809690726521,-0.4840885216389758,-0.8750190302029955,0.9749279121818236,-0.2225209339563143,0.0269152637299154,1,0,0,0,0,0
2798,2020-04-16,940.3682437987828,0.9638074231367308,-0.2665994206792935,-0.5139010013093103,-0.8578494977869301,0.4338837391175582,-0.900968867902419,0.0285655007845503,1,0,0,0,0,0
2799,2020-04-17,851.4722249067097,0.9590788900341132,-0.2831389812281835,-0.5431052396834317,-0.8396646346181327,-0.433883739117558,-0.9009688679024191,0.0303019500674343,1,0,0,0,0,0
2800,2020-04-18,992.986283703132,0.9540665500578388,-0.2995947563972602,-0.5716666713027052,-0.8204859638785327,-0.9749279121818236,-0.2225209339563146,0.0321280855748041,1,0,0,0,0,0
2801,2020-04-20,930.0170263471808,0.9431964659565866,-0.3322354987159043,-0.6267266965083301,-0.7792391467859886,0.0,1.0,0.0360636756174023,1,0,0,0,0,0
2802,2020-04-21,972.3999804601632,0.9373419384643772,-0.3484108069446808,-0.65316012232693,-0.7572198192083127,0.7818314824680298,0.6234898018587336,0.0381804338005357,1,0,0,0,0,0
2803,2020-04-22,991.5951317396302,0.9312100364121948,-0.3644830148102912,-0.6788204829862355,-0.734304263829602,0.9749279121818236,-0.2225209339563143,0.0404014788741632,1,0,0,0,0,0
2804,2020-04-23,926.7811930732228,0.9248025743285088,-0.3804473662878516,-0.7036774074790128,-0.7105196029692745,0.4338837391175582,-0.900968867902419,0.0427306205788496,1,0,0,0,0,0
2805,2020-04-24,902.0097374146115,0.9181214482844364,-0.3962991372689181,-0.7277014757264236,-0.6858939875998223,-0.433883739117558,-0.9009688679024191,0.0451717245647246,1,0,0,0,0,0
2806,2020-04-25,1008.3698212078708,0.9111686353326632,-0.4120336369594263,-0.7508642533989489,-0.6604565640279754,-0.9749279121818236,-0.2225209339563146,0.0477287077631641,1,0,0,0,0,0
2807,2020-04-27,999.7451252658344,0.8964562582905575,-0.4431322341826345,-0.7944973291665992,-0.6072676460566135,0.0,1.0,0.0532062053822325,1,0,0,0,0,0
2808,2020-04-28,1082.854919656895,0.8887010478292915,-0.4584871291400876,-0.8149159841660791,-0.5795791048257612,0.7818314824680298,0.6234898018587336,0.0561347628341337,1,0,0,0,0,0
2809,2020-04-29,1020.069926764611,0.8806828564301475,-0.47370635037968,-0.8343701235229537,-0.5512045872199277,0.9749279121818236,-0.2225209339563143,0.0591952734739325,1,0,0,0,0,0
2810,2020-04-30,1089.04357904728,0.8724040568049612,-0.4887853942889926,-0.8528367217694595,-0.522177676659508,0.4338837391175582,-0.900968867902419,0.0623918271307013,1,0,0,0,0,0
2811,2020-05-01,1015.2248742362218,0.8638670987837349,-0.503719798736334,-0.8702939222685674,-0.4925327287220543,-0.433883739117558,-0.9009688679024191,0.0657285286165304,1,0,0,0,0,0
2812,2020-05-02,977.4988780583228,0.8550745085896932,-0.518505144391157,-0.886721063082993,-0.4623048304798108,-0.9749279121818236,-0.2225209339563146,0.0692094902133194,1,0,0,0,0,0
2813,2020-05-04,989.191006959003,0.8367329140344921,-0.5476112038402312,-0.9164086366943458,-0.4002439388573056,0.0,1.0,0.0766206321804935,1,0,0,0,0,0
2814,2020-05-05,901.971774418168,0.8271893372462497,-0.5619233046832195,-0.9296339319682696,-0.3684843993077793,0.7818314824680298,0.6234898018587336,0.080559000939185,1,0,0,0,0,0
2815,2020-05-06,939.8138171788132,0.8174009818249189,-0.5760691233798758,-0.9417589340994617,-0.3362887301766828,0.9749279121818236,-0.2225209339563143,0.0846579886225299,1,0,0,0,0,0
2816,2020-05-07,895.3485643192124,0.8073707443023492,-0.5900444739548627,-0.9527692922168512,-0.3036950375106588,0.4338837391175582,-0.900968867902419,0.0889216174593863,1,0,0,0,0,0
2817,2020-05-08,979.3481888187182,0.7971015927871943,-0.6038452208771035,-0.9626519747161488,-0.2707418984477642,-0.433883739117558,-0.9009688679024191,0.093353863304629,1,0,0,0,0,0
2818,2020-05-09,918.7025441013346,0.7865965660866021,-0.6174672802835514,-0.97139528468375,-0.2374683155584684,-0.9749279121818236,-0.2225209339563146,0.0979586452573397,1,0,0,0,0,0
2819,2020-05-11,879.4910790639819,0.7648913904341226,-0.6441592666722685,-0.9854237542919524,-0.1701176783204905,0.0,1.0,0.1077011451900321,1,0,0,0,0,0
2820,2020-05-12,940.4722239773644,0.753697664392914,-0.6572212950663319,-0.9906923101615608,-0.136120338622667,0.7818314824680298,0.6234898018587336,0.1128463189671638,1,0,0,0,0,0
2821,2020-05-13,930.7196995682478,0.742280907086982,-0.6700888411055113,-0.994788305609327,-0.1019618900517457,0.9749279121818236,-0.2225209339563143,0.1181789171817805,1,0,0,0,0,0
2822,2020-05-14,933.2676103400208,0.7306444969184916,-0.6827580970759147,-0.9977068927101168,-0.0676827617545516,0.4338837391175582,-0.900968867902419,0.1237024067768548,1,0,0,0,0,0
2823,2020-05-15,849.1510109844357,0.7187918772884232,-0.6952253139408722,-0.9994446170919858,-0.0333235257116313,-0.433883739117558,-0.9009688679024191,0.1294201282977755,1,0,0,0,0,0
2824,2020-05-16,783.8089366388677,0.7067265555776158,-0.7074868024503348,-0.9999994220246924,0.0010751512827982,-0.9749279121818236,-0.2225209339563146,0.1353352832366127,1,0,0,0,0,0
2825,2020-05-18,801.1150660096888,0.6819721490904629,-0.7313781428679254,-0.9975590477788612,0.0698279757298708,0.0,1.0,0.1477699265043177,1,0,0,0,0,0
2826,2020-05-19,769.9064280720252,0.6692903895412567,-0.7430009249440493,-0.9945667569706336,0.1041007489354256,0.7818314824680298,0.6234898018587336,0.1542950055015683,1,0,0,0,0,0
2827,2020-05-20,808.3759878969171,0.6564105761979381,-0.7544038410927472,-0.9903973200352558,0.1382503109109819,0.9749279121818236,-0.2225209339563143,0.1610286725459804,1,0,0,0,0,0
2828,2020-05-21,964.624851930537,0.6433365204044917,-0.765583517007675,-0.9850556718215012,0.172236243027682,0.4338837391175582,-0.900968867902419,0.1679732367575336,0,1,0,0,0,0
2829,2020-05-22,847.8906832057745,0.6300720909843687,-0.7765366444428655,-0.9785481345802032,0.2060183203251708,-0.433883739117558,-0.9009688679024191,0.1751307883451509,0,1,0,0,0,0
2830,2020-05-23,871.9435279330236,0.6166212130956382,-0.7872599821916922,-0.9708824104813836,0.239556559120927,-0.9749279121818236,-0.2225209339563146,0.1825031849518363,0,1,0,0,0,0
2831,2020-05-25,914.777540909924,0.5891760872322963,-0.8080046647350754,-0.9521140536681102,0.3057430764672831,0.0,1.0,0.1978986990836146,0,1,0,0,0,0
2832,2020-05-26,901.904437751344,0.5751899607119775,-0.8180198708443175,-0.9410336347451196,0.3383130181923076,0.7818314824680298,0.6234898018587336,0.2059242464341987,0,1,0,0,0,0
2833,2020-05-27,922.0059969419568,0.5610336262283677,-0.8277930117131022,-0.9288394302558068,0.3704825404820963,0.9749279121818236,-0.2225209339563143,0.2141694715316088,0,1,0,0,0,0
2834,2020-05-28,920.0440401466795,0.5467112728685939,-0.8373211953118121,-0.9155458729775467,0.4022135682368036,0.4338837391175582,-0.900968867902419,0.2226348658788909,0,1,0,0,0,0
2835,2020-05-29,779.6379642687648,0.5322271388474397,-0.8466016020976267,-0.9011686968561567,0.4334685453485363,-0.433883739117558,-0.9009688679024191,0.2313206080041767,0,1,0,0,0,0
2836,2020-05-30,579.4553704159767,0.5175855102531889,-0.8556314858488706,-0.8857249183835637,0.4642104791518923,-0.9749279121818236,-0.2225209339563146,0.2402265507324824,0,1,0,0,0,0
2837,2020-06-01,742.6508287658504,0.4878471454423119,-0.8729290708206411,-0.8517119107469189,0.5240103253675756,0.0,1.0,0.258696746701885,0,1,0,0,0,0
2838,2020-06-02,671.2988488172534,0.4727592092862775,-0.881191653407483,-0.8331829385891785,0.5529974600700271,0.7818314824680298,0.6234898018587336,0.2682589673008851,0,1,0,0,0,0
2839,2020-06-03,478.9581484546636,0.4575313760742512,-0.8891934772070711,-0.8136678304455991,0.5813300798152042,0.9749279121818236,-0.2225209339563143,0.2780373004531941,0,1,0,0,0,0
2840,2020-06-04,435.3828724086869,0.442168151967072,-0.8969321743510065,-0.7931896839451843,0.6089746507720486,0.4338837391175582,-0.900968867902419,0.2880297924974456,0,1,0,0,0,0
2841,2020-06-05,510.3783528635391,0.4266740831899246,-0.9044054548343,-0.7717727365467837,0.6358984534680745,-0.433883739117558,-0.9009688679024191,0.2982340961814215,0,1,0,0,0,0
2842,2020-06-06,483.737123609646,0.4110537546870351,-0.911611107193024,-0.7494423368521953,0.6620696215153815,-0.9749279121818236,-0.2225209339563146,0.3086474612366189,0,1,0,0,0,0
2843,2020-06-08,671.5746161024858,0.3794528437245443,-0.925211078289358,-0.7021479494046978,0.7120310787787131,0.0,1.0,0.3300883075351398,0,1,0,0,0,0
2844,2020-06-09,771.327243712781,0.3634816124829063,-0.9316013725767188,-0.6772399381909491,0.7357622347736527,0.7818314824680298,0.6234898018587336,0.3411081980965921,0,1,0,0,0,0
2845,2020-06-10,745.6151904884007,0.3474028211842774,-0.9377159910299092,-0.6515303615068021,0.75862255966641,0.9749279121818236,-0.2225209339563143,0.3523219549954969,0,1,0,0,0,0
2846,2020-06-11,610.1023727625911,0.3312212278016865,-0.9435531242349544,-0.6250496486104377,0.7805849965070866,0.4338837391175582,-0.900968867902419,0.3637246969042016,0,1,0,0,0,0
2847,2020-06-12,688.6147849378316,0.3149416207289519,-0.9491110448902284,-0.5978291414589552,0.801623551065242,-0.433883739117558,-0.9009688679024191,0.3753110988513995,0,1,0,0,0,0
2848,2020-06-13,451.9777195344734,0.2985688173637202,-0.9543881083175908,-0.5699010576127624,0.821713322596059,-0.9749279121818236,-0.2225209339563146,0.3870753885499897,0,1,0,0,0,0
2849,2020-06-15,995.0856466351786,0.2655630278040559,-0.9640935007889756,-0.5120551783114646,0.8589525565270845,0.0,1.0,0.4111122905071874,0,1,0,0,0,0
2850,2020-06-16,792.9646709120619,0.2489398085537665,-0.9685189578512204,-0.4822058478963526,0.8760579434344281,0.7818314824680298,0.6234898018587336,0.4233711028530494,0,1,0,0,0,0
2851,2020-06-17,636.3714385255305,0.2322429240090701,-0.9726578145718654,-0.451785789832884,0.8921264484954345,0.9749279121818236,-0.2225209339563143,0.4357802031543156,0,1,0,0,0,0
2852,2020-06-18,536.8736434477663,0.2154773150467301,-0.976508846196619,-0.4208310085956556,0.9071390534005044,0.4338837391175582,-0.900968867902419,0.448331563940943,0,1,0,0,0,0
2853,2020-06-19,452.1632900050275,0.1986479428801711,-0.9800709131432666,-0.3893781415452015,0.9210779895789526,-0.433883739117558,-0.9009688679024191,0.4610167107835354,0,1,0,0,0,0
2854,2020-06-20,463.0389397538645,0.1817597875913753,-0.9833429613388902,-0.3574644155648614,0.9339267592294762,-0.9749279121818236,-0.2225209339563146,0.473826726395364,0,1,0,0,0,0
2855,2020-06-22,796.6820385503274,0.1478271334705304,-0.9890132145779884,-0.2924059769510773,0.956294277219772,0.0,1.0,0.4997835137030315,0,1,0,0,0,0
2856,2020-06-23,490.8770829595877,0.1307926758567592,-0.9914097417023038,-0.2593382659754056,0.9657865518844574,0.7818314824680298,0.6234898018587336,0.5129102907232946,0,1,0,0,0,0
2857,2020-06-24,838.6153539481224,0.1137195145859496,-0.9935128947338008,-0.225963608248019,0.974135744004672,0.9749279121818236,-0.2225209339563143,0.5261219640934566,0,1,0,0,0,0
2858,2020-06-25,774.7500606405184,0.0966127018812031,-0.9953220513156602,-0.1923215052390948,0.9813319716704276,0.4338837391175582,-0.900968867902419,0.5394075072376265,0,1,0,0,0,0
2859,2020-06-26,570.5846512878495,0.0794772999236209,-0.9968366760893436,-0.1584517749608363,0.9873667175937016,-0.433883739117558,-0.9009688679024191,0.5527555015877842,0,1,0,0,0,0
2860,2020-06-27,598.9856643479767,0.062318379354325,-0.998056320853012,-0.1243945048397999,0.9922328391893008,-0.9749279121818236,-0.2225209339563146,0.5661541495171976,0,1,0,0,0,0
2861,2020-06-29,510.7217264505791,0.0279502982402103,-0.999609314096404,-0.0558787569053731,0.9984375616565666,0.0,1.0,0.5930544067956073,0,1,0,0,0,0
2862,2020-06-30,578.8602540000995,0.0107513077635219,-0.9999422030204416,-0.0215013727408137,0.999768818762748,0.7818314824680298,0.6234898018587336,0.6065306597126334,0,1,0,0,0,0
2863,2020-07-01,699.2757900259517,-0.0064508641981051,-0.9999791929590824,0.0129014599494196,0.9999167727021951,0.9749279121818236,-0.2225209339563143,0.6200068879809458,0,0,1,0,0,0
2864,2020-07-02,442.2122482728319,-0.0236511272452315,-0.9997202729664084,0.0472890227711323,0.9988812483600598,0.4338837391175582,-0.900968867902419,0.6334696366573507,0,0,1,0,0,0
2865,2020-07-03,517.0442429792316,-0.0408443915432961,-0.9991655196610107,0.0816206154031905,0.996663471358916,-0.433883739117558,-0.9009688679024191,0.6469051754643523,0,0,1,0,0,0
2866,2020-07-04,716.2296314865881,-0.0580255693287803,-0.9983150972033183,0.1158556037694784,0.9932660666081418,-0.9749279121818236,-0.2225209339563146,0.6602995202173131,0,0,1,0,0,0
2867,2020-07-06,558.3616236226374,-0.0923313336953912,-0.9957283388645872,0.1838738510513275,0.9829498496360606,0.0,1.0,0.6869075574573877,0,0,1,0,0,0
2868,2020-07-07,661.4653584627049,-0.1094457686489155,-0.993992768446958,0.2175766051482817,0.976043247449696,0.7818314824680298,0.6234898018587336,0.7000922199176512,0,0,1,0,0,0
2869,2020-07-08,784.5149132053251,-0.1265278168386831,-0.9919630595773395,0.2510218406258827,0.9679814231320734,0.9749279121818236,-0.2225209339563143,0.71317767835549,0,0,1,0,0,0
2870,2020-07-09,797.6104551830297,-0.1435724234118113,-0.9896398128792412,0.2841699724797683,0.9587739184713192,0.4338837391175582,-0.900968867902419,0.7261490370736908,0,0,1,0,0,0
2871,2020-07-10,807.9715650059821,-0.1605745445949937,-0.9870237158387384,0.3169817673505278,0.9484316312562208,-0.433883739117558,-0.9009688679024191,0.7389912962803088,0,0,1,0,0,0
2872,2020-07-11,1247.827426758012,-0.1775291491870349,-0.984115542601034,0.3494183899593976,0.936966802377855,-0.9749279121818236,-0.2225209339563146,0.751689380082437,0,0,0,1,0,0
2873,2020-07-13,806.7743268588868,-0.2112757555821793,-0.9774264960104057,0.4130130429412807,0.9107251102063584,0.0,1.0,0.7765925101265281,0,0,0,1,0,0
2874,2020-07-14,768.1672100706065,-0.2280577712215198,-0.9736476020539838,0.4440958041592176,0.8959793059709459,0.7818314824680298,0.6234898018587336,0.7887672852587113,0,0,0,1,0,0
2875,2020-07-15,859.1593600314845,-0.2447723008972595,-0.9695805901076308,0.4746529438919349,0.8801730414269229,0.9749279121818236,-0.2225209339563143,0.8007374029168081,0,0,0,1,0,0
2876,2020-07-16,778.0560975323655,-0.2614143985111562,-0.965226663665613,0.5046482954181526,0.8633250245021008,0.4338837391175582,-0.900968867902419,0.8124878481707274,0,0,0,1,0,0
2877,2020-07-17,837.1973400445943,-0.2779791393987801,-0.9605871111248128,0.5340463569360717,0.8454551961182272,-0.433883739117558,-0.9009688679024191,0.8240037097874371,0,0,0,1,0,0
2878,2020-07-18,762.6083254019937,-0.2944616217868012,-0.9556633054034704,0.5628123335824821,0.8265847065893737,-0.9749279121818236,-0.2225209339563146,0.835270211411272,0,0,0,1,0,0
2879,2020-07-20,1117.195864679386,-0.3271603271220951,-0.9449688462364056,0.6183126337097825,0.7859322407147274,0.0,1.0,0.8569968914352789,0,0,0,1,0,0
2880,2020-07-21,1087.4056530362518,-0.343366873996388,-0.939201357453208,0.6449812683237445,0.7641983796838971,0.7818314824680298,0.6234898018587336,0.8674284731834108,0,0,0,1,0,0
2881,2020-07-22,823.9010744221225,-0.3594718130884232,-0.9331559438780432,0.6708865180801582,0.7415600311898435,0.9749279121818236,-0.2225209339563143,0.8775535639640376,0,0,0,1,0,0
2882,2020-07-23,803.1781950524745,-0.3754703786876202,-0.9268343944460494,0.6959977221267386,0.7180439894563502,0.4338837391175582,-0.900968867902419,0.8873585302803527,0,0,0,1,0,0
2883,2020-07-24,993.0346816986652,-0.3913578365610259,-0.9202385798054076,0.7202851594252706,0.6936780875245466,-0.433883739117558,-0.9009688679024191,0.8968300597468688,0,0,0,1,0,0
2884,2020-07-25,967.2326426539208,-0.4071294853542516,-0.9133704517637858,0.7437200839287408,0.6684911643103645,-0.9749279121818236,-0.2225209339563146,0.9059551911095096,0,0,0,1,0,0
2885,2020-07-27,790.081959924352,-0.4383067230125192,-0.898825465016444,0.7879224882631226,0.6157744331240536,0.0,1.0,0.9231163463866358,0,0,0,1,0,0
2886,2020-07-28,839.2938278445337,-0.4537030860313442,-0.8911529104063088,0.8086376511543126,0.5883070194512693,0.7818314824680298,0.6234898018587336,0.9311284654622024,0,0,0,1,0,0
2887,2020-07-29,859.465038125183,-0.4689651910076318,-0.8832166493127127,0.8283957292921138,0.5601432992463508,0.9749279121818236,-0.2225209339563143,0.938746432156527,0,0,0,1,0,0
2888,2020-07-30,996.2117692605498,-0.4840885216389758,-0.8750190302029955,0.847173337473877,0.5313166064347815,0.4338837391175582,-0.900968867902419,0.9459594689067654,0,0,0,1,0,0
2889,2020-07-31,1264.3132526113902,-0.4990686026885319,-0.8665624788845385,0.8649482509584342,0.5018610596210326,-0.433883739117558,-0.9009688679024191,0.9527573147659876,0,0,0,1,0,0
2890,2020-08-03,1020.7523523434228,-0.5431052396834317,-0.8396646346181327,0.912052525275964,0.4100733972568043,0.0,1.0,0.9705653490349352,0,0,0,1,0,0
2891,2020-08-04,984.2559670386432,-0.5574684374327892,-0.8301981337405212,0.9256185127518922,0.3784578825324888,0.7818314824680298,0.6234898018587336,0.975610980064846,0,0,0,1,0,0
2892,2020-08-05,969.527325353328,-0.5716666713027052,-0.8204859638785327,0.9380889596420648,0.3463944338433696,0.9749279121818236,-0.2225209339563143,0.9801986733067553,0,0,0,1,0,0
2893,2020-08-06,903.8641134687202,-0.5856957398073508,-0.8105309990194823,0.9494491062150135,0.3139210007430401,0.4338837391175582,-0.900968867902419,0.9843217347761178,0,0,0,1,0,0
2894,2020-08-07,1187.3105600508288,-0.5995514915196489,-0.8003361849976323,0.9596855068649522,0.2810760180331286,-0.433883739117558,-0.9009688679024191,0.987974130351234,0,0,0,1,0,0
2895,2020-08-08,1027.9440827136723,-0.6132298262997502,-0.7899045386224707,0.968786046025684,0.2478983602727564,-0.9749279121818236,-0.2225209339563146,0.9911505004882848,0,0,0,1,0,0
2896,2020-08-10,968.463069844178,-0.6400381082043503,-0.7683431655492202,0.9835378122597296,0.1807024400923929,0.0,1.0,0.9960571761381908,0,0,0,1,0,0
2897,2020-08-11,1162.66796224945,-0.65316012232693,-0.7572198192083127,0.9891715794849548,0.1467637092037396,0.7818314824680298,0.6234898018587336,0.9977802450856064,0,0,0,1,0,0
2898,2020-08-12,1110.3092124807772,-0.666088855860977,-0.7458723993404063,0.993634586189866,0.112651272195629,0.9749279121818236,-0.2225209339563143,0.9990128332490112,0,0,0,1,0,0
2899,2020-08-13,1285.644326108295,-0.6788204829862355,-0.734304263829602,0.9969215500633252,0.0784055037566676,0.4338837391175582,-0.900968867902419,0.9997531169004024,0,0,0,1,0,0
2900,2020-08-14,1285.5812055100089,-0.6913512362094071,-0.722518835873311,0.9990285807311906,0.0440669363834491,-0.433883739117558,-0.9009688679024191,1.0,0,0,0,1,0,0
2901,2020-08-15,1277.027338750734,-0.7036774074790128,-0.7105196029692745,0.999953184360873,0.0096762124072308,-0.9749279121818236,-0.2225209339563146,0.9997531169004024,0,0,0,1,0,0
2902,2020-08-17,1649.9489595024747,-0.7277014757264236,-0.6858939875998223,0.998252133936544,-0.0590988755488295,0.0,1.0,0.9977802450856064,0,0,0,1,0,0
2903,2020-08-18,1510.338195899856,-0.7393922635959241,-0.673274892250183,0.9956284932063294,-0.093401838931009,0.7818314824680298,0.6234898018587336,0.9960571761381908,0,0,0,1,0,0
2904,2020-08-19,1219.9912523272294,-0.7508642533989489,-0.6604565640279754,0.9918264497026016,-0.1275942540647218,0.9749279121818236,-0.2225209339563143,0.9938461733264412,0,0,0,1,0,0
2905,2020-08-20,1351.242664215513,-0.7621140503891487,-0.6474427960827475,0.9868505034357966,-0.1616356516011078,0.4338837391175582,-0.900968867902419,0.9911505004882848,0,0,0,1,0,0
2906,2020-08-21,1272.240774224737,-0.7731383255706026,-0.6342374393978054,0.9807065438204116,-0.1954857409322303,-0.433883739117558,-0.9009688679024191,0.987974130351234,0,0,0,1,0,0
2907,2020-08-22,1541.7244867473978,-0.7839338166829201,-0.620844401650647,0.973401842704431,-0.2291044578781002,-0.9749279121818236,-0.2225209339563146,0.9843217347761178,0,0,0,1,0,0
2908,2020-08-24,1641.9355201184703,-0.8048257371083452,-0.593511190196115,0.9553461622632788,-0.2954889342239821,0.0,1.0,0.975610980064846,0,0,0,1,0,0
2909,2020-08-25,1569.6109448093264,-0.8149159841660791,-0.5795791048257612,0.9446165532223606,-0.3281761224987386,0.7818314824680298,0.6234898018587336,0.9705653490349352,0,0,0,1,0,0
2910,2020-08-26,1467.0883659203002,-0.8247650844733614,-0.5654755126737576,0.9327689179559782,-0.3604748891327019,0.9749279121818236,-0.2225209339563143,0.9650691177896804,0,0,0,1,0,0
2911,2020-08-27,1693.1154421666915,-0.8343701235229537,-0.5512045872199277,0.9198172790502196,-0.3923470060554182,0.4338837391175582,-0.900968867902419,0.9591302497107984,0,0,0,1,0,0
2912,2020-08-28,1728.191272306365,-0.8437282590292712,-0.5367705514607103,0.905776965764254,-0.4237547501691298,-0.433883739117558,-0.9009688679024191,0.9527573147659876,0,0,0,1,0,0
2913,2020-08-29,1385.5477584770244,-0.8528367217694595,-0.522177676659508,0.8906645958869751,-0.4546609479969567,-0.9749279121818236,-0.2225209339563146,0.9459594689067654,0,0,0,1,0,0
2914,2020-08-31,1141.94611738838,-0.8702939222685674,-0.4925327287220543,0.8572964806503138,-0.5148230222752145,0.0,1.0,0.9311284654622024,0,0,0,1,0,0
2915,2020-09-01,996.936834827055,-0.8786374941610001,-0.4774894280028391,0.8390802290175676,-0.5440076922910431,0.7818314824680298,0.6234898018587336,0.9231163463866358,0,0,0,1,0,0
2916,2020-09-02,1227.948111769161,-0.886721063082993,-0.4623048304798108,0.8198708615029215,-0.5725484874300667,0.9749279121818236,-0.2225209339563143,0.914721343722234,0,0,0,1,0,0
2917,2020-09-03,1951.555549988052,-0.8945422369764496,-0.4469834295196741,0.7996911138678691,-0.600411627469661,0.4338837391175582,-0.900968867902419,0.9059551911095096,0,0,0,1,0,0
2918,2020-09-04,1375.141957484116,-0.9020987014301836,-0.4315297589714714,0.7785648703932891,-0.6275641342440474,-0.433883739117558,-0.9009688679024191,0.8968300597468688,0,0,0,1,0,0
2919,2020-09-05,1366.3651271270548,-0.9093882203647924,-0.4159483918249421,0.756517135610563,-0.6539738706764888,-0.9749279121818236,-0.2225209339563146,0.8873585302803527,0,0,0,1,0,0
2920,2020-09-07,1798.9411549517772,-0.923157872964704,-0.3844210472688554,0.709762632639161,-0.7044409168334328,0.0,1.0,0.8674284731834108,0,0,0,1,0,0
2921,2020-09-08,2081.4477728094125,-0.9296339319682696,-0.3684843993077793,0.6851112019949135,-0.72843849493357,0.7818314824680298,0.6234898018587336,0.8569968914352789,0,0,0,1,0,0
2922,2020-09-09,1667.4079028315175,-0.935834897334994,-0.3524387108846032,0.6596488896351408,-0.7515739101399981,0.9749279121818236,-0.2225209339563143,0.8462727428586204,0,0,0,1,0,0
2923,2020-09-10,1748.3445983045483,-0.9417589340994617,-0.3362887301766828,0.6334058321617086,-0.7738197799123084,0.4338837391175582,-0.900968867902419,0.835270211411272,0,0,0,1,0,0
2924,2020-09-11,1755.3084138752238,-0.9474042892438844,-0.3200392362231385,0.6064130902482765,-0.7951497745554202,-0.433883739117558,-0.9009688679024191,0.8240037097874371,0,0,0,1,0,0
2925,2020-09-12,1943.1840039096976,-0.9527692922168512,-0.3036950375106588,0.578702611877601,-0.8155386483827991,-0.9749279121818236,-0.2225209339563146,0.8124878481707274,0,0,0,1,0,0
2926,2020-09-14,2350.082845471286,-0.9626519747161488,-0.2707418984477642,0.5212604463582784,-0.8533976488498011,0.0,1.0,0.7887672852587113,0,0,0,1,0,0
2927,2020-09-15,2164.0601078587865,-0.9671667297977312,-0.2541427094613622,0.4915967464233612,-0.8708229664552752,0.7818314824680298,0.6234898018587336,0.7765925101265281,0,0,0,1,0,0
2928,2020-09-16,2028.7839782680487,-0.97139528468375,-0.2374683155584684,0.461351203990578,-0.8872175982116474,0.9749279121818236,-0.2225209339563143,0.7642281651714905,0,0,0,1,0,0
2929,2020-09-17,2076.1584839578127,-0.9753363880767836,-0.2207236509605022,0.4305596169818739,-0.9025621398133328,0.4338837391175582,-0.900968867902419,0.751689380082437,0,0,0,1,0,0
2930,2020-09-18,1833.4224978788616,-0.978988873740932,-0.2039136706831147,0.3992584296048835,-0.9168384298170764,-0.433883739117558,-0.9009688679024191,0.7389912962803088,0,0,0,1,0,0
2931,2020-09-19,1898.322882333539,-0.9823516608469236,-0.1870433490699165,0.3674846892184069,-0.9300295711374188,-0.9749279121818236,-0.2225209339563146,0.7261490370736908,0,0,0,1,0,0
2932,2020-09-21,1844.8094062049847,-0.9882042449941422,-0.15314166701312,0.3026704908556892,-0.9530952596488852,0.0,1.0,0.7000922199176512,0,0,0,1,0,0
2933,2020-09-22,1974.1584115829248,-0.9906923101615608,-0.136120338622667,0.2697067454601279,-0.962942506826501,0.7818314824680298,0.6234898018587336,0.6869075574573877,0,0,0,1,0,0
2934,2020-09-23,1811.9641369001213,-0.9928872135356962,-0.1190587300340498,0.2364237814212129,-0.9716500376053584,0.9749279121818236,-0.2225209339563143,0.6736384553447267,0,0,0,1,0,0
2935,2020-09-24,1926.6987863877728,-0.994788305609327,-0.1019618900517457,0.2028609916826013,-0.9792075459541514,0.4338837391175582,-0.900968867902419,0.6602995202173131,0,0,0,1,0,0
2936,2020-09-25,1848.136276180134,-0.9963950238187232,-0.0848348779057653,0.1690581003831471,-0.9856060869814276,-0.433883739117558,-0.9009688679024191,0.6469051754643523,0,0,0,1,0,0
2937,2020-09-26,1808.0498038414364,-0.9977068927101168,-0.0676827617545516,0.1350551158403456,-0.9908380875225532,-0.9749279121818236,-0.2225209339563146,0.6334696366573507,0,0,0,1,0,0
2938,2020-09-28,1794.5144588817063,-0.9994446170919858,-0.0333235257116313,0.0666100367900326,-0.9977790852682924,0.0,1.0,0.6065306597126334,0,0,0,1,0,0
2939,2020-09-29,1748.4310829664937,-0.9998699583618592,-0.0161265732706577,0.0322489522893041,-0.9994798672690922,0.7818314824680298,0.6234898018587336,0.5930544067956073,0,0,0,1,0,0
2940,2020-09-30,1611.5205649270238,-0.9999994220246924,0.0010751512827982,-0.0021503013227746,-0.9999976880994382,0.9749279121818236,-0.2225209339563143,0.5795912885442627,0,0,0,1,0,0
2941,2020-10-05,1568.707275715592,-0.9962102997023295,0.0869772313136861,-0.1732952273485721,-0.9848699224660112,0.0,1.0,0.5129102907232946,0,0,0,0,1,0
2942,2020-10-06,1414.7780076237946,-0.9945667569706336,0.1041007489354256,-0.2070702885338407,-0.9783260681421668,0.7818314824680298,0.6234898018587336,0.4997835137030315,0,0,0,0,1,0
2943,2020-10-07,1498.3184706477002,-0.9926289059345096,0.121193461470736,-0.2406002661322256,-0.9706242897934824,0.9749279121818236,-0.2225209339563143,0.4867522559599717,0,0,0,0,1,0
2944,2020-10-08,1272.35374680639,-0.9903973200352558,0.1382503109109819,-0.2738454748405547,-0.9617737030660336,0.4338837391175582,-0.900968867902419,0.473826726395364,0,0,0,0,1,0
2945,2020-10-09,1031.6826765188837,-0.9878726596350428,0.1552662498599956,-0.3067665664015059,-0.9517847833088268,-0.433883739117558,-0.9009688679024191,0.4610167107835354,0,0,0,0,1,0
2946,2020-10-10,869.8718733655993,-0.9850556718215012,0.172236243027682,-0.3393245761752893,-0.9406693531754186,-0.9749279121818236,-0.2225209339563146,0.448331563940943,0,0,0,0,1,0
2947,2020-10-12,868.1417352406379,-0.9785481345802032,0.2060183203251708,-0.4031976860870853,-0.9151129033807908,0.0,1.0,0.4233711028530494,0,0,0,0,1,0
2948,2020-10-13,609.5692741777309,-0.9748595108374124,0.2228204077947995,-0.4344371874948622,-0.9007021317403184,0.7818314824680298,0.6234898018587336,0.4111122905071874,0,0,0,0,1,0
2949,2020-10-14,598.649871791748,-0.9708824104813836,0.239556559120927,-0.4651624991319035,-0.8852253099642835,0.9749279121818236,-0.2225209339563143,0.39901134372866,0,0,0,0,1,0
2950,2020-10-15,668.587145242899,-0.9666180104000972,0.2562218218071163,-0.4953372552325659,-0.8687007560596847,0.4338837391175582,-0.900968867902419,0.3870753885499897,0,0,0,0,1,0
2951,2020-10-16,611.373284448764,-0.9620675724981452,0.2728112643340191,-0.5249257416559593,-0.8511480281049478,-0.433883739117558,-0.9009688679024191,0.3753110988513995,0,0,0,0,1,0
2952,2020-10-17,589.4230981067126,-0.957232443323312,0.2893199776186952,-0.5538929381563792,-0.8325879011014353,-0.9749279121818236,-0.2225209339563146,0.3637246969042016,0,0,0,0,1,0
2953,2020-10-19,577.4260533431506,-0.9467139181463862,0.3220757010206104,-0.6098270977059321,-0.7925344856241648,0.0,1.0,0.3411081980965921,0,0,0,0,1,0
2954,2020-10-20,563.4295064758641,-0.9410336347451196,0.3383130181923076,-0.6367278583821979,-0.7710886034432227,0.7818314824680298,0.6234898018587336,0.3300883075351398,0,0,0,0,1,0
2955,2020-10-21,562.9395696084975,-0.9350748843515574,0.3544502230989869,-0.6628750027453377,-0.7487300786901568,0.9749279121818236,-0.2225209339563143,0.3192667256288431,0,0,0,0,0,1
2956,2020-10-22,545.2836041305032,-0.9288394302558068,0.3704825404820963,-0.6882375836422284,-0.7254853743958638,0.4338837391175582,-0.900968867902419,0.3086474612366189,0,0,0,0,0,1
2957,2020-10-23,496.04426020163686,-0.9223291176290545,0.3864052261209853,-0.7127855825108473,-0.7013820024527804,-0.433883739117558,-0.9009688679024191,0.2982340961814215,0,0,0,0,0,1
2958,2020-10-24,466.5557718091778,-0.9155458729775467,0.4022135682368036,-0.7364899449095569,-0.6764484910524362,-0.9749279121818236,-0.2225209339563146,0.2880297924974456,0,0,0,0,0,1
2959,2020-10-26,516.0725048737941,-0.9011686968561567,0.4334685453485363,-0.7812565682797488,-0.6242100403868479,0.0,1.0,0.2682589673008851,0,0,0,0,0,1
2960,2020-10-27,529.0260305967139,-0.8935790198239952,0.4489059314938798,-0.8022658445149573,-0.5969669293392242,0.7818314824680298,0.6234898018587336,0.258696746701885,0,0,0,0,0,1
2961,2020-10-28,489.5215477457287,-0.8857249183835637,0.4642104791518923,-0.8223255775192096,-0.5690172620911411,0.9749279121818236,-0.2225209339563143,0.2493522087772961,0,0,0,0,0,1
2962,2020-10-29,476.06930478199394,-0.8776087166898392,0.4793776594606945,-0.8414120250581577,-0.5403941192199728,0.4338837391175582,-0.900968867902419,0.2402265507324824,0,0,0,0,0,1
2963,2020-10-30,423.4173829386108,-0.8692328164574792,0.4944029842076181,-0.8595025968555411,-0.5111313784132033,-0.433883739117558,-0.9009688679024191,0.2313206080041767,0,0,0,0,0,1
2964,2020-10-31,485.01421691414026,-0.8605996962501181,0.5092820071573356,-0.876575881330507,-0.4812636743715911,-0.9749279121818236,-0.2225209339563146,0.2226348658788909,0,0,0,0,0,1
2965,2020-11-02,429.9365710763504,-0.8425720899866032,0.5385835804920232,-0.9075909860952636,-0.4198554536487849,0.0,1.0,0.2059242464341987,0,0,0,0,0,1
2966,2020-11-03,466.03950005465873,-0.8331829385891785,0.5529974600700271,-0.9214960976269942,-0.3883876183121974,0.7818314824680298,0.6234898018587336,0.1978986990836146,0,0,0,0,0,1
2967,2020-11-04,430.8545919768068,-0.8235472349556007,0.5672476988027229,-0.9343105477678196,-0.3564600964060307,0.9749279121818236,-0.2225209339563143,0.1900920380007587,0,0,0,0,0,1
2968,2020-11-05,498.668946372693,-0.8136678304455991,0.5813300798152042,-0.9460191696320084,-0.3241106766040965,0.4338837391175582,-0.900968867902419,0.1825031849518363,0,0,0,0,0,1
2969,2020-11-06,499.593557537254,-0.8035476485339116,0.5952404359043674,-0.9566081051665098,-0.2913776469287574,-0.433883739117558,-0.9009688679024191,0.1751307883451509,0,0,0,0,0,1
2970,2020-11-07,405.25806261296776,-0.7931896839451843,0.6089746507720486,-0.9660648215530204,-0.2582997494341228,-0.9749279121818236,-0.2225209339563146,0.1679732367575336,0,0,0,0,0,1
2971,2020-11-09,494.5357315962439,-0.7717727365467837,0.6358984534680745,-0.9815381791978468,-0.1912663137538222,0.0,1.0,0.1542950055015683,0,0,0,0,0,1
2972,2020-11-10,523.854195584518,-0.7607200913564104,0.6490800741100398,-0.98753650654923,-0.1573901147866107,0.7818314824680298,0.6234898018587336,0.1477699265043177,0,0,0,0,0,1
2973,2020-11-11,584.513592132729,-0.7494423368521953,0.6620696215153815,-0.992366008614672,-0.1233276325329588,0.9749279121818236,-0.2225209339563143,0.1414509211393686,0,0,0,0,0,1
2974,2020-11-12,508.79825745007975,-0.7379428103031386,0.6748632518680403,-0.9960209693076332,-0.0891191825561879,0.4338837391175582,-0.900968867902419,0.1353352832366127,0,0,0,0,0,1
2975,2020-11-13,626.2177659761016,-0.7262249146041543,0.6874571793269664,-0.998497062701478,-0.0548052531836224,-0.433883739117558,-0.9009688679024191,0.1294201282977755,0,0,0,0,0,1
2976,2020-11-14,541.4125785296578,-0.7142921172691032,0.699847677146407,-0.999791358149542,-0.0204264575855568,-0.9749279121818236,-0.2225209339563146,0.1237024067768548,0,0,0,0,0,1
2977,2020-11-16,465.3470117976156,-0.6897960046655887,0.7240037789593305,-0.9988298281778684,0.0483629438947822,0.0,1.0,0.1128463189671638,0,0,0,0,0,1
2978,2020-11-17,448.0604048757391,-0.6772399381909491,0.7357622347736527,-0.996575140802686,0.082692132238239,0.7818314824680298,0.6234898018587336,0.1077011451900321,0,0,0,0,0,1
2979,2020-11-18,517.4306551406702,-0.6644834655228552,0.7473029667054297,-0.9931409302238696,0.116923448093473,0.9749279121818236,-0.2225209339563143,0.1027398149024943,0,0,0,0,0,1
2980,2020-11-19,627.8274209681284,-0.6515303615068021,0.75862255966641,-0.9885312610933432,0.1510163760696315,0.4338837391175582,-0.900968867902419,0.0979586452573397,0,0,0,0,0,1
2981,2020-11-20,756.5569815302342,-0.6383844591746642,0.769717664006921,-0.9827515893084884,0.1849305645685428,-0.433883739117558,-0.9009688679024191,0.093353863304629,0,0,0,0,0,1
2982,2020-11-21,585.6217247973264,-0.6250496486104377,0.7805849965070866,-0.9758087555546684,0.2186258735439368,-0.9749279121818236,-0.2225209339563146,0.0889216174593863,0,0,0,0,0,1
2983,2020-11-23,503.4568427772098,-0.5978291414589552,0.801623551065242,-0.9584678386132248,0.2852006352448972,0.0,1.0,0.080559000939185,0,0,0,0,0,1
2984,2020-11-24,433.51687562688977,-0.5839514998576998,0.8117885474764613,-0.948090279732366,0.3180012916278857,0.7818314824680298,0.6234898018587336,0.0766206321804935,0,0,0,0,0,1
2985,2020-11-25,456.115814276087,-0.5699010576127624,0.821713322596059,-0.936590583203982,0.3504255690637097,0.9749279121818236,-0.2225209339563143,0.0728388237369676,0,0,0,0,0,1
2986,2020-11-26,484.1048086848849,-0.5556819724760489,0.8313949395234058,-0.9239823598019432,0.3824350909302552,0.4338837391175582,-0.900968867902419,0.0692094902133194,0,0,0,0,0,1
2987,2020-11-27,617.9282124815394,-0.5412984521036173,0.8408305333122887,-0.9102805323268018,0.4139919715004559,-0.433883739117558,-0.9009688679024191,0.0657285286165304,0,0,0,0,0,1
2988,2020-11-28,570.1756223595545,-0.5267547528105542,0.8500173118187018,-0.895501317943504,0.4450588607829839,-0.9749279121818236,-0.2225209339563146,0.0623918271307013,0,0,0,0,0,1
2989,2020-11-30,365.4342899578653,-0.4972040784469378,0.8676336233547726,-0.8627819522593745,0.5055762087514626,0.0,1.0,0.0561347628341337,0,0,0,0,0,1
2990,2020-12-01,312.90177450582263,-0.4822058478963526,0.8760579434344281,-0.8448805268402667,0.5349550405091192,0.7818314824680298,0.6234898018587336,0.0532062053822325,0,0,0,0,0,1
2991,2020-12-02,418.2442889161616,-0.4670649248774303,0.8842230238742036,-0.8259791204413983,0.5637007118984807,0.9749279121818236,-0.2225209339563143,0.0504055333627536,0,0,0,0,0,1
2992,2020-12-03,476.5918920450253,-0.451785789832884,0.8921264484954345,-0.8061001043286311,0.5917792002101544,0.4338837391175582,-0.900968867902419,0.0477287077631641,0,0,0,0,0,1
2993,2020-12-04,482.6524996303537,-0.4363729641045924,0.8997658785476209,-0.7852670068439961,0.6191572723971441,-0.433883739117558,-0.9009688679024191,0.0451717245647246,0,0,0,0,0,1
2994,2020-12-05,474.4165589004842,-0.4208310085956556,0.9071390534005044,-0.7635044855580851,0.6458025244087264,-0.9749279121818236,-0.2225209339563146,0.0427306205788496,0,0,0,0,0,1
2995,2020-12-07,376.41575315133446,-0.3893781415452015,0.9210779895789526,-0.717295271600886,0.6967693257736101,0.0,1.0,0.0381804338005357,0,0,0,0,0,1
2996,2020-12-08,396.1958412808875,-0.3734765374130707,0.9276396261490468,-0.6929032710826029,0.7210305520038863,0.7818314824680298,0.6234898018587336,0.0360636756174023,0,0,0,0,0,1
2997,2020-12-09,321.6896317767132,-0.3574644155648614,0.9339267592294762,-0.6676911663366994,0.7444383832097442,0.9749279121818236,-0.2225209339563143,0.0340474547345993,0,0,0,0,0,1
2998,2020-12-10,844.9061552331776,-0.3413465142450361,0.9399375283564132,-0.641688797825113,0.7669651144255266,0.4338837391175582,-0.900968867902419,0.0321280855748041,0,0,0,0,0,1
2999,2020-12-11,482.701933728322,-0.3251276029999093,0.9456701548465688,-0.6149269413476359,0.7885840835350667,-0.433883739117558,-0.9009688679024191,0.0303019500674343,0,0,0,0,0,1
3000,2020-12-12,444.3121889096589,-0.3088124812662537,0.9511229423235356,-0.587437271616382,0.8092697028283593,-0.9749279121818236,-0.2225209339563146,0.0285655007845503,0,0,0,0,0,1
3001,2020-12-14,403.8542317201495,-0.2759129450029604,0.9611826292540836,-0.5304054598463659,0.8477440935595867,0.0,1.0,0.0253478407929008,0,0,0,0,0,1
3002,2020-12-15,349.6692609742024,-0.2593382659754056,0.9657865518844574,-0.5009308193361626,0.8654873276017396,0.7818314824680298,0.6234898018587336,0.0238599118793802,0,0,0,0,0,1
3003,2020-12-16,503.05219932085606,-0.2426868445825954,0.9701046827361176,-0.4708632887360563,0.8822061909330864,0.9749279121818236,-0.2225209339563143,0.0224482367321429,0,0,0,0,0,1
3004,2020-12-17,364.94181972503776,-0.225963608248019,0.974135744004672,-0.4402384552773285,0.8978808954950716,0.4338837391175582,-0.900968867902419,0.021109656453671,0,0,0,0,0,1
3005,2020-12-18,477.21639469089286,-0.2091735056463563,0.9778785428342386,-0.4090925658019766,0.9124928890712274,-0.433883739117558,-0.9009688679024191,0.0198410947443702,0,0,0,0,0,1
3006,2020-12-19,355.29975405264554,-0.1923215052390948,0.9813319716704276,-0.3774624838618108,0.9260248772451376,-0.9749279121818236,-0.2225209339563146,0.0186395588695301,0,0,0,0,0,1
3007,2020-12-21,358.27296970155464,-0.1584517749608363,0.9873667175937016,-0.3129000178799537,0.949786070023521,0.0,1.0,0.0164260155188855,0,0,0,0,0,1
3008,2020-12-22,349.8121673104748,-0.141444067687942,0.989946248902378,-0.2800440484743445,0.9599871514317776,0.7818314824680298,0.6234898018587336,0.0154084455711887,0,0,0,0,0,1
3009,2020-12-23,325.5279259193575,-0.1243945048397999,0.9922328391893008,-0.2468566254334839,0.969052014331322,0.9749279121818236,-0.2225209339563143,0.0144467767640457,0,0,0,0,0,1
3010,2020-12-24,412.51931496265775,-0.1073081316563624,0.994225811815616,-0.2133770286209279,0.9769699297608416,0.4338837391175582,-0.900968867902419,0.0135384401366523,0,0,0,0,0,1
3011,2020-12-25,337.1002387409246,-0.0901900042703451,0.99592457702866,-0.179644883710313,0.9837315262594304,-0.433883739117558,-0.9009688679024191,0.0126809511496068,0,0,0,0,0,1
3012,2020-12-26,452.8558556194175,-0.0730451882110474,0.9973286321364752,-0.1457001152853506,0.9893288009584252,-0.9749279121818236,-0.2225209339563146,0.0118719091278277,0,0,0,0,0,1
3013,2020-12-28,394.0177881289183,-0.0386957901765268,0.999251037438848,-0.0773336169568209,0.9970052716452285,0.0,1.0,0.0103899781147773,0,0,0,0,0,1
3014,2020-12-29,431.9273018784802,-0.0215013727408137,0.999768818762748,-0.0429928040537219,0.9990753819405211,0.7818314824680298,0.6234898018587336,0.0097126998429016,0,0,0,0,0,1
3015,2020-12-30,542.5634201357789,-0.0043005927029819,0.9999907524084426,-0.0086011058657144,0.999963009804806,0.9749279121818236,-0.2225209339563143,0.0090750878156515,0,0,0,0,0,1
3016,2020-12-31,344.6277616455167,0.0129014599494196,0.9999167727021951,0.0258007723915406,0.9996671046623472,0.4338837391175582,-0.900968867902419,0.0084751469727328,0,0,0,0,0,1
3017,2021-01-04,425.1506744185968,0.0687554084811394,0.9976335468520452,0.1371854040566005,0.9905453876091832,0.0,1.0,0.0067628442633904,0,0,0,0,0,0
3018,2021-01-05,338.42841765339074,0.0859061042613327,0.9963032375991964,0.1711770596101998,0.985240282501282,0.7818314824680298,0.6234898018587336,0.0063025210714774,0,0,0,0,0,0
3019,2021-01-06,335.4420982875187,0.1030313790431787,0.9946781061893646,0.2049661139694953,0.9787690698649216,0.9749279121818236,-0.2225209339563143,0.0058706306788869,0,0,0,0,0,0
3020,2021-01-07,390.5548773920224,0.1201261651823505,0.9927586335250792,0.2385125751940764,0.9711394088771652,0.4338837391175582,-0.900968867902419,0.0054656365237319,0,0,0,0,0,0
3021,2021-01-08,314.6487087631904,0.1371854040566005,0.9905453876091832,0.2717767384711357,0.9623603298276544,-0.433883739117558,-0.9009688679024191,0.0050860692310127,0,0,0,0,0,0
3022,2021-01-09,849.5562345409573,0.1542040475626894,0.988039023376751,0.3047192331091634,0.9524422234305676,-0.9749279121818236,-0.2225209339563146,0.0047305247785057,0,0,0,0,0,0
3023,2021-01-11,431.6098637444285,0.1880994176117975,0.9821499931752292,0.3694836834473831,0.9292372181882051,0.0,1.0,0.0040862038707351,0,0,0,0,0,0
3024,2021-01-12,419.6369976846262,0.2049661139694953,0.9787690698649216,0.4012289854475009,0.9159777842484876,0.7818314824680298,0.6234898018587336,0.0037949292693038,0,0,0,0,0,0
3025,2021-01-13,601.0575804575417,0.2217721575564818,0.975098513039961,0.4324994021339788,0.901634220265486,0.9749279121818236,-0.2225209339563143,0.0035226774101574,0,0,0,0,0,0
3026,2021-01-14,474.1884153843904,0.2385125751940764,0.9711394088771652,0.4632579225674917,0.88622350294858,0.4338837391175582,-0.900968867902419,0.0032683427650369,0,0,0,0,0,0
3027,2021-01-15,535.4462470020701,0.2551824131233728,0.966892928939152,0.4934681416772373,0.8697638720650646,-0.433883739117558,-0.9009688679024191,0.0030308737915416,0,0,0,0,0,0
3028,2021-01-16,573.6213670223925,0.2717767384711357,0.9623603298276544,0.5230943033491326,0.8522748088519838,-0.9749279121818236,-0.2225209339563146,0.0028092710364807,0,0,0,0,0,0
3029,2021-01-18,506.72063704571445,0.3047192331091634,0.9524422234305676,0.580454927809098,0.8142923779467267,0.0,1.0,0.0024099155339509,0,0,0,0,0,0
3030,2021-01-19,579.1288609653809,0.321057654185271,0.9470596510722284,0.6081214998935418,0.7938439653781019,0.7818314824680298,0.6234898018587336,0.0022304074712809,0,0,0,0,0,0
3031,2021-01-20,437.0273395878271,0.3373010691361842,0.9413968285264122,0.6350683134867438,0.7724559775191742,0.9749279121818236,-0.2225209339563143,0.0020632513354787,0,0,0,0,0,0
3032,2021-01-21,397.6614766600722,0.3534446712740877,0.9354554315134164,0.6612634749656386,0.7501537286959042,0.4338837391175582,-0.900968867902419,0.0019076802879754,0,0,0,0,0,0
3033,2021-01-22,395.9322671571555,0.3694836834473831,0.9292372181882051,0.6866759803451553,0.726963615332308,-0.433883739117558,-0.9009688679024191,0.0017629686236867,0,0,0,0,0,0
3034,2021-01-23,515.9347198967138,0.3854133594543256,0.9227440286201428,0.7112757519738152,0.7029130847082615,-0.9749279121818236,-0.2225209339563146,0.0016284300482412,0,0,0,0,0,0
3035,2021-01-25,689.8210671490749,0.4169258813287287,0.908940487313808,0.7579216274973472,0.6523456189565257,0.0,1.0,0.0013873139624241,0,0,0,0,0,0
3036,2021-01-26,506.5310374216765,0.4324994021339788,0.901634220265486,0.7799125224167177,0.6258885343075018,0.7818314824680298,0.6234898018587336,0.0012795459378999,0,0,0,0,0,0
3037,2021-01-27,735.7966241699002,0.4479449394078911,0.8940611451454876,0.8009803309782905,0.5986906625177214,0.9749279121818236,-0.2225209339563143,0.0011795668021961,0,0,0,0,0,0
3038,2021-01-28,588.8112742325876,0.4632579225674917,0.88622350294858,0.8211001178128892,0.5707841943569036,0.4338837391175582,-0.900968867902419,0.0010868628230603,0,0,0,0,0,0
3039,2021-01-29,603.4222767919196,0.4784338202547012,0.8781236129591848,0.8402480696078469,0.5422021592729844,-0.433883739117558,-0.9009688679024191,0.0010009501745566,0,0,0,0,0,0
3040,2021-01-30,626.290758055588,0.4934681416772373,0.8697638720650646,0.8584015232918917,0.512978386299228,-0.9749279121818236,-0.2225209339563146,0.0009213735043575,0,0,0,0,0,0
3041,2021-02-01,563.1384057804461,0.5230943033491326,0.8522748088519838,0.8916401947968874,0.452744699607371,0.0,1.0,0.0007795407797602,0,0,0,0,0,0
3042,2021-02-02,444.00525378019177,0.5376773767406141,0.8431506618282,0.9066860720977984,0.4218060770826634,0.7818314824680298,0.6234898018587336,0.0007165041324157,0,0,0,0,0,0
3043,2021-02-03,512.6360159411098,0.5521013427459208,0.8337770129585915,0.9206588168102428,0.3903682146763026,0.9749279121818236,-0.2225209339563143,0.000658239732409,0,0,0,0,0,0
3044,2021-02-04,493.38148580655394,0.5663619330814524,0.8241566360566663,0.9335418911179212,0.3584683215124808,0.4338837391175582,-0.900968867902419,0.0006044147037595,0,0,0,0,0,0
3045,2021-02-05,516.2759796229341,0.580454927809098,0.8142923779467267,0.945320046913132,0.3261441535642696,-0.433883739117558,-0.9009688679024191,0.000554717008343,0,0,0,0,0,0
3046,2021-02-06,573.2400979154226,0.5943761565849831,0.804187157621448,0.9559793438440766,0.2934339689665273,-0.9749279121818236,-0.2225209339563146,0.0005088543328223,0,0,0,0,0,0
3047,2021-02-08,560.5700656524351,0.6216868902665479,0.7832658619336791,0.9738922359149924,0.2270108209414184,0.0,1.0,0.0004275570451654,0,0,0,0,0,0
3048,2021-02-09,757.0539435068287,0.6350683134867438,0.7724559775191742,0.981124629771712,0.1933764744102058,0.7818314824680298,0.6234898018587336,0.0003916270330904,0,0,0,0,0,0
3049,2021-02-10,557.4175279580585,0.6482618097757122,0.7614175109532997,0.9871957872910084,0.1595132519726365,0.9749279121818236,-0.2225209339563143,0.0003585393208955,0,0,0,0,0,0
3050,2021-02-11,756.633006278498,0.6612634749656386,0.7501537286959042,0.992098522791769,0.1254612333527364,0.4338837391175582,-0.900968867902419,0.0003280850598723,0,0,0,0,0,0
3051,2021-02-15,599.8067581580559,0.7112757519738152,0.7029130847082615,0.9999300657962056,-0.0118263906918325,0.0,1.0,0.0003068548257635,0,0,0,0,0,0
3052,2021-02-16,765.0408639002238,0.7232617254437388,0.6905740195722294,0.9989315138848576,-0.0462150469837083,0.7818314824680298,0.6234898018587336,0.0003354626279025,0,0,0,0,0,0
3053,2021-02-17,730.7475460078355,0.7350336741329412,0.6780306024735382,0.9967506498213928,-0.0805490042187416,0.9749279121818236,-0.2225209339563143,0.0003665564497251,0,0,0,0,0,0
3054,2021-02-18,790.3304222933932,0.746588114532413,0.6652865452111116,0.9933900548258936,-0.114787625522127,0.4338837391175582,-0.900968867902419,0.0004003345935883,0,0,0,0,0,0
3055,2021-02-19,992.4662347503638,0.7579216274973472,0.6523456189565257,0.9888537064205885,-0.1488903868564548,-0.433883739117558,-0.9009688679024191,0.0004370095298997,0,0,0,0,0,0
3056,2021-02-20,799.3546900648998,0.7690308592589181,0.6392116531380588,0.98314697372215,-0.1828169249850199,-0.9749279121818236,-0.2225209339563146,0.0004768087638956,0,0,0,0,0,0
3057,2021-02-22,694.4739631024781,0.7905633969115482,0.612380204990065,0.9682507501166718,-0.2499809690726521,0.0,1.0,0.0005667708074866,0,0,0,0,0,0
3058,2021-02-23,764.8146768587588,0.8009803309782905,0.5986906625177214,0.9590788900341132,-0.2831389812281835,0.7818314824680298,0.6234898018587336,0.0006174721799374,0,0,0,0,0,0
3059,2021-02-24,675.1708802630949,0.8111602420785621,0.5848239578463322,0.9487718864399473,-0.3159618766579029,0.9749279121818236,-0.2225209339563143,0.0006723770032408,0,0,0,0,0,0
3060,2021-02-25,710.0123068111081,0.8211001178128892,0.5707841943569036,0.9373419384643772,-0.3484108069446808,0.4338837391175582,-0.900968867902419,0.0007318024188804,0,0,0,0,0,0
3061,2021-02-26,762.838310135735,0.8307970168121247,0.5565755266413303,0.9248025743285088,-0.3804473662878516,-0.433883739117558,-0.9009688679024191,0.0007960866914957,0,0,0,0,0,0
3062,2021-02-27,716.0441765617057,0.8402480696078469,0.5422021592729844,0.9111686353326632,-0.4120336369594263,-0.9749279121818236,-0.2225209339563146,0.0008655903784247,0,0,0,0,0,0
3063,2021-03-01,754.7620608493063,0.8584015232918917,0.512978386299228,0.8806828564301475,-0.47370635037968,0.0,1.0,0.0010218170249252,0,0,0,0,0,0
3064,2021-03-02,679.776271912679,0.8670985522812081,0.4981366284784055,0.8638670987837349,-0.503719798736334,0.7818314824680298,0.6234898018587336,0.0011093837286151,0,0,0,0,0,0
3065,2021-03-03,792.2867712602203,0.8755389928586302,0.4831474640149687,0.8460288880917339,-0.533137056031809,0.9749279121818236,-0.2225209339563143,0.0012038599948282,0,0,0,0,0,0
3066,2021-03-04,725.505824951202,0.8837203473619977,0.4680153284438345,0.8271893372462497,-0.5619233046832195,0.4338837391175582,-0.900968867902419,0.0013057369899986,0,0,0,0,0,0
3067,2021-03-05,699.8910958963545,0.8916401947968874,0.452744699607371,0.8073707443023492,-0.5900444739548627,-0.433883739117558,-0.9009688679024191,0.0014155361520939,0,0,0,0,0,0
3068,2021-03-06,948.3433406381746,0.8992961915530253,0.4373400963303323,0.7865965660866021,-0.6174672802835514,-0.9749279121818236,-0.2225209339563146,0.0015338106793244,0,0,0,0,0,0
3069,2021-03-08,733.9593661607713,0.9138076496466616,0.4061472386305788,0.742280907086982,-0.6700888411055113,0.0,1.0,0.0017981666618475,0,0,0,0,0,0
3070,2021-03-09,695.4334310243322,0.9206588168102428,0.3903682146763026,0.7187918772884232,-0.6952253139408722,0.7818314824680298,0.6234898018587336,0.0019455273214659,0,0,0,0,0,0
3071,2021-03-10,790.9387733432436,0.9272375462179536,0.374473674486883,0.6944521021088763,-0.719538934232584,0.9749279121818236,-0.2225209339563143,0.0021039250291307,0,0,0,0,0,0
3072,2021-03-11,652.487025017484,0.9335418911179212,0.3584683215124808,0.6692903895412567,-0.7430009249440493,0.4338837391175582,-0.900968867902419,0.0022740956104016,0,0,0,0,0,0
3073,2021-03-12,841.9095208921899,0.9395699859530622,0.342356891994542,0.6433365204044917,-0.765583517007675,-0.433883739117558,-0.9009688679024191,0.0024568164604892,0,0,0,0,0,0
3074,2021-03-13,1067.548472978429,0.945320046913132,0.3261441535642696,0.6166212130956382,-0.7872599821916922,-0.9749279121818236,-0.2225209339563146,0.0026529083096449,0,0,0,0,0,0
3075,2021-03-15,814.4029995680503,0.9559793438440766,0.2934339689665273,0.5610336262283677,-0.8277930117131022,0.0,1.0,0.0030887154082367,0,0,0,0,0,0
3076,2021-03-16,805.7309775382415,0.9608854255574976,0.2769462022689364,0.5322271388474397,-0.8466016020976267,0.7818314824680298,0.6234898018587336,0.0033303050984696,0,0,0,0,0,0
3077,2021-03-17,787.5398693064685,0.9655071658143364,0.2603764827344581,0.5027907197793043,-0.8644081744776648,0.9749279121818236,-0.2225209339563143,0.0035890183886718,0,0,0,0,0,0
3078,2021-03-18,710.965868016914,0.969843196967294,0.2437297136096838,0.4727592092862775,-0.881191653407483,0.4338837391175582,-0.900968867902419,0.0038659201394728,0,0,0,0,0,0
3079,2021-03-19,987.751088953539,0.9738922359149924,0.2270108209414184,0.442168151967072,-0.8969321743510065,-0.433883739117558,-0.9009688679024191,0.0041621296730796,0,0,0,0,0,0
3080,2021-03-20,1080.735119504374,0.977653084481664,0.2102247521189836,0.4110537546870351,-0.911611107193024,-0.9749279121818236,-0.2225209339563146,0.004478822680028,0,0,0,0,0,0
3081,2021-03-22,827.6625201189404,0.984305844499033,0.1764709734915216,0.3474028211842774,-0.9377159910299092,0.0,1.0,0.0051786551677508,0,0,0,0,0,0
3082,2021-03-23,741.7613821816362,0.9871957872910084,0.1595132519726365,0.3149416207289519,-0.9491110448902284,0.7818314824680298,0.6234898018587336,0.0055644450277938,0,0,0,0,0,0
3083,2021-03-24,838.2922445135996,0.9897936029670716,0.1425083279161708,0.2821076626819194,-0.9593827529490744,0.9749279121818236,-0.2225209339563143,0.0059760228950059,0,0,0,0,0,0
3084,2021-03-25,711.7957205466864,0.992098522791769,0.1254612333527364,0.2489398085537665,-0.9685189578512204,0.4338837391175582,-0.900968867902419,0.0064148747704495,0,0,0,0,0,0
3085,2021-03-26,879.874255645837,0.9941098647022418,0.108377012791876,0.2154773150467301,-0.976508846196619,-0.433883739117558,-0.9009688679024191,0.0068825542952156,0,0,0,0,0,0
3086,2021-03-27,899.4247956611413,0.9958270335100596,0.0912607217293118,0.1817597875913753,-0.9833429613388902,-0.9749279121818236,-0.2225209339563146,0.0073806845376742,0,0,0,0,0,0
3087,2021-03-29,799.6940465637101,0.998376906467142,0.0569521960340397,0.1137195145859496,-0.9935128947338008,0.0,1.0,0.0084751469727328,0,0,0,0,0,0
3088,2021-03-30,719.6751743020159,0.9992088560679752,0.0397701138460557,0.0794772999236209,-0.9968366760893436,0.7818314824680298,0.6234898018587336,0.0090750878156515,0,0,0,0,0,0
3089,2021-03-31,997.4360583950944,0.9997451236925734,0.0225762630415454,0.0451410177739719,-0.998980624694158,0.9749279121818236,-0.2225209339563143,0.0097126998429016,0,0,0,0,0,0
3090,2021-04-01,794.731695630317,0.9999855506507186,0.0053757315575838,0.0107513077635219,-0.9999422030204416,0.4338837391175582,-0.900968867902419,0.0103899781147773,0,0,0,0,0,0
3091,2021-04-02,750.9593709985429,0.9999300657962056,-0.0118263906918325,-0.0236511272452315,-0.9997202729664084,-0.433883739117558,-0.9009688679024191,0.0111089965382423,0,0,0,0,0,0
3092,2021-04-03,948.737460352518,0.9995786855478958,-0.0290250133219752,-0.0580255693287803,-0.9983150972033183,-0.9749279121818236,-0.2225209339563146,0.0118719091278277,0,0,0,0,0,0
3093,2021-04-05,773.0280113442874,0.9979887423155984,-0.0633914048695103,-0.1265278168386831,-0.9919630595773395,0.0,1.0,0.0135384401366523,0,0,0,0,0,0
3094,2021-04-06,861.2863764939354,0.9967506498213928,-0.0805490042187416,-0.1605745445949937,-0.9870237158387384,0.7818314824680298,0.6234898018587336,0.0144467767640457,0,0,0,0,0,0
3095,2021-04-07,761.2160192072957,0.9952176027737294,-0.0976827678217159,-0.1944312200476619,-0.9809161537413774,0.9749279121818236,-0.2225209339563143,0.0154084455711887,0,0,0,0,0,0
3096,2021-04-08,799.5419258689323,0.9933900548258936,-0.114787625522127,-0.2280577712215198,-0.9736476020539838,0.4338837391175582,-0.900968867902419,0.0164260155188855,0,0,0,0,0,0
3097,2021-04-09,841.9337146126081,0.9912685467787256,-0.1318585157173911,-0.2614143985111562,-0.965226663665613,-0.433883739117558,-0.9009688679024191,0.0175021403684067,0,0,0,0,0,0
3098,2021-04-10,988.60046946799,0.9888537064205885,-0.1488903868564548,-0.2944616217868012,-0.9556633054034704,-0.9749279121818236,-0.2225209339563146,0.0186395588695301,0,0,0,0,0,0
3099,2021-04-12,717.8821630515266,0.98314697372215,-0.1828169249850199,-0.3594718130884232,-0.9331559438780432,0.0,1.0,0.021109656453671,1,0,0,0,0,0
3100,2021-04-13,908.043486112616,0.9798567700958664,-0.1997015525660636,-0.3913578365610259,-0.9202385798054076,0.7818314824680298,0.6234898018587336,0.0224482367321429,1,0,0,0,0,0
3101,2021-04-14,722.2240159909572,0.976276611086932,-0.2165270852448143,-0.4227806579826773,-0.9062320427107696,0.9749279121818236,-0.2225209339563143,0.0238599118793802,1,0,0,0,0,0
3102,2021-04-15,698.1554659600757,0.9724075561219968,-0.2332885440754551,-0.4537030860313442,-0.8911529104063088,0.4338837391175582,-0.900968867902419,0.0253478407929008,1,0,0,0,0,0
3103,2021-04-16,760.3572093260376,0.9682507501166718,-0.2499809690726521,-0.4840885216389758,-0.8750190302029955,-0.433883739117558,-0.9009688679024191,0.0269152637299154,1,0,0,0,0,0
3104,2021-04-17,1090.692038944179,0.9638074231367308,-0.2665994206792935,-0.5139010013093103,-0.8578494977869301,-0.9749279121818236,-0.2225209339563146,0.0285655007845503,1,0,0,0,0,0
3105,2021-04-19,901.8725467826172,0.9540665500578388,-0.2995947563972602,-0.5716666713027052,-0.8204859638785327,0.0,1.0,0.0321280855748041,1,0,0,0,0,0
3106,2021-04-20,743.3731749769066,0.9487718864399473,-0.3159618766579029,-0.5995514915196489,-0.8003361849976323,0.7818314824680298,0.6234898018587336,0.0340474547345993,1,0,0,0,0,0
3107,2021-04-21,839.5560502635763,0.9431964659565866,-0.3322354987159043,-0.6267266965083301,-0.7792391467859886,0.9749279121818236,-0.2225209339563143,0.0360636756174023,1,0,0,0,0,0
3108,2021-04-22,882.1269848077351,0.9373419384643772,-0.3484108069446808,-0.65316012232693,-0.7572198192083127,0.4338837391175582,-0.900968867902419,0.0381804338005357,1,0,0,0,0,0
3109,2021-04-23,903.0273935297364,0.9312100364121948,-0.3644830148102912,-0.6788204829862355,-0.734304263829602,-0.433883739117558,-0.9009688679024191,0.0404014788741632,1,0,0,0,0,0
3110,2021-04-24,1080.389702740803,0.9248025743285088,-0.3804473662878516,-0.7036774074790128,-0.7105196029692745,-0.9749279121818236,-0.2225209339563146,0.0427306205788496,1,0,0,0,0,0
3111,2021-04-26,751.2661637216165,0.9111686353326632,-0.4120336369594263,-0.7508642533989489,-0.6604565640279754,0.0,1.0,0.0477287077631641,1,0,0,0,0,0
3112,2021-04-27,955.718260141199,0.9039461929224012,-0.4276462092677746,-0.7731383255706026,-0.6342374393978054,0.7818314824680298,0.6234898018587336,0.0504055333627536,1,0,0,0,0,0
3113,2021-04-28,808.2916366380351,0.8964562582905575,-0.4431322341826345,-0.7944973291665992,-0.6072676460566135,0.9749279121818236,-0.2225209339563143,0.0532062053822325,1,0,0,0,0,0
3114,2021-04-29,671.3180175903818,0.8887010478292915,-0.4584871291400876,-0.8149159841660791,-0.5795791048257612,0.4338837391175582,-0.900968867902419,0.0561347628341337,1,0,0,0,0,0
3115,2021-04-30,685.5529831770439,0.8806828564301475,-0.47370635037968,-0.8343701235229537,-0.5512045872199277,-0.433883739117558,-0.9009688679024191,0.0591952734739325,1,0,0,0,0,0
3116,2021-05-01,561.4720169440799,0.8724040568049612,-0.4887853942889926,-0.8528367217694595,-0.522177676659508,-0.9749279121818236,-0.2225209339563146,0.0623918271307013,1,0,0,0,0,0
3117,2021-05-03,617.1597012053252,0.8550745085896932,-0.518505144391157,-0.886721063082993,-0.4623048304798108,0.0,1.0,0.0692094902133194,1,0,0,0,0,0
3118,2021-05-04,626.0775134897065,0.8460288880917339,-0.533137056031809,-0.9020987014301836,-0.4315297589714714,0.7818314824680298,0.6234898018587336,0.0728388237369676,1,0,0,0,0,0
3119,2021-05-05,567.6831676795863,0.8367329140344921,-0.5476112038402312,-0.9164086366943458,-0.4002439388573056,0.9749279121818236,-0.2225209339563143,0.0766206321804935,1,0,0,0,0,0
3120,2021-05-06,596.7956712607242,0.8271893372462497,-0.5619233046832195,-0.9296339319682696,-0.3684843993077793,0.4338837391175582,-0.900968867902419,0.080559000939185,1,0,0,0,0,0
3121,2021-05-07,661.3319004532557,0.8174009818249189,-0.5760691233798758,-0.9417589340994617,-0.3362887301766828,-0.433883739117558,-0.9009688679024191,0.0846579886225299,1,0,0,0,0,0
3122,2021-05-08,679.4881851614302,0.8073707443023492,-0.5900444739548627,-0.9527692922168512,-0.3036950375106588,-0.9749279121818236,-0.2225209339563146,0.0889216174593863,1,0,0,0,0,0
3123,2021-05-10,569.429577937404,0.7865965660866021,-0.6174672802835514,-0.97139528468375,-0.2374683155584684,0.0,1.0,0.0979586452573397,1,0,0,0,0,0
3124,2021-05-11,688.2399265514813,0.7758587728069828,-0.6309066211876704,-0.978988873740932,-0.2039136706831147,0.7818314824680298,0.6234898018587336,0.1027398149024943,1,0,0,0,0,0
3125,2021-05-12,438.18363349971867,0.7648913904341226,-0.6441592666722685,-0.9854237542919524,-0.1701176783204905,0.9749279121818236,-0.2225209339563143,0.1077011451900321,1,0,0,0,0,0
3126,2021-05-13,344.0368121645091,0.753697664392914,-0.6572212950663319,-0.9906923101615608,-0.136120338622667,0.4338837391175582,-0.900968867902419,0.1128463189671638,1,0,0,0,0,0
3127,2021-05-14,552.8435069246822,0.742280907086982,-0.6700888411055113,-0.994788305609327,-0.1019618900517457,-0.433883739117558,-0.9009688679024191,0.1181789171817805,1,0,0,0,0,0
3128,2021-05-15,475.5879616860745,0.7306444969184916,-0.6827580970759147,-0.9977068927101168,-0.0676827617545516,-0.9749279121818236,-0.2225209339563146,0.1237024067768548,1,0,0,0,0,0
3129,2021-05-17,548.7495727514805,0.7067265555776158,-0.7074868024503348,-0.9999994220246924,0.0010751512827982,0.0,1.0,0.1353352832366127,1,0,0,0,0,0
3130,2021-05-18,350.4985542802068,0.6944521021088763,-0.719538934232584,-0.9993706508539968,0.0354725557531255,0.7818314824680298,0.6234898018587336,0.1414509211393686,1,0,0,0,0,0
3131,2021-05-19,433.8091039270262,0.6819721490904629,-0.7313781428679254,-0.9975590477788612,0.0698279757298708,0.9749279121818236,-0.2225209339563143,0.1477699265043177,1,0,0,0,0,0
3132,2021-05-20,510.7996415967232,0.6692903895412567,-0.7430009249440493,-0.9945667569706336,0.1041007489354256,0.4338837391175582,-0.900968867902419,0.1542950055015683,1,0,0,0,0,0
3133,2021-05-21,670.9198209670224,0.6564105761979381,-0.7544038410927472,-0.9903973200352558,0.1382503109109819,-0.433883739117558,-0.9009688679024191,0.1610286725459804,0,1,0,0,0,0
3134,2021-05-22,453.4598061861302,0.6433365204044917,-0.765583517007675,-0.9850556718215012,0.172236243027682,-0.9749279121818236,-0.2225209339563146,0.1679732367575336,0,1,0,0,0,0
3135,2021-05-24,470.55652650086233,0.6166212130956382,-0.7872599821916922,-0.9708824104813836,0.239556559120927,0.0,1.0,0.1825031849518363,0,1,0,0,0,0
3136,2021-05-25,445.04814158803936,0.6029878670694714,-0.7977503570459932,-0.9620675724981452,0.2728112643340191,0.7818314824680298,0.6234898018587336,0.1900920380007587,0,1,0,0,0,0
3137,2021-05-26,392.43504869336783,0.5891760872322963,-0.8080046647350754,-0.9521140536681102,0.3057430764672831,0.9749279121818236,-0.2225209339563143,0.1978986990836146,0,1,0,0,0,0
3138,2021-05-27,529.5925231768132,0.5751899607119775,-0.8180198708443175,-0.9410336347451196,0.3383130181923076,0.4338837391175582,-0.900968867902419,0.2059242464341987,0,1,0,0,0,0
3139,2021-05-28,685.2319043706603,0.5610336262283677,-0.8277930117131022,-0.9288394302558068,0.3704825404820963,-0.433883739117558,-0.9009688679024191,0.2141694715316088,0,1,0,0,0,0
3140,2021-05-29,476.8964389073543,0.5467112728685939,-0.8373211953118121,-0.9155458729775467,0.4022135682368036,-0.9749279121818236,-0.2225209339563146,0.2226348658788909,0,1,0,0,0,0
3141,2021-05-31,604.8180349702341,0.5175855102531889,-0.8556314858488706,-0.8857249183835637,0.4642104791518923,0.0,1.0,0.2402265507324824,0,1,0,0,0,0
3142,2021-06-01,589.8390500454921,0.5027907197793043,-0.8644081744776648,-0.8692328164574792,0.4944029842076181,0.7818314824680298,0.6234898018587336,0.2493522087772961,0,1,0,0,0,0
3143,2021-06-02,495.1843795107416,0.4878471454423119,-0.8729290708206411,-0.8517119107469189,0.5240103253675756,0.9749279121818236,-0.2225209339563143,0.258696746701885,0,1,0,0,0,0
3144,2021-06-03,550.2635925448928,0.4727592092862775,-0.881191653407483,-0.8331829385891785,0.5529974600700271,0.4338837391175582,-0.900968867902419,0.2682589673008851,0,1,0,0,0,0
3145,2021-06-04,699.9368240222246,0.4575313760742512,-0.8891934772070711,-0.8136678304455991,0.5813300798152042,-0.433883739117558,-0.9009688679024191,0.2780373004531941,0,1,0,0,0,0
3146,2021-06-05,441.74946440734215,0.442168151967072,-0.8969321743510065,-0.7931896839451843,0.6089746507720486,-0.9749279121818236,-0.2225209339563146,0.2880297924974456,0,1,0,0,0,0
3147,2021-06-07,651.7695629055742,0.4110537546870351,-0.911611107193024,-0.7494423368521953,0.6620696215153815,0.0,1.0,0.3086474612366189,0,1,0,0,0,0
3148,2021-06-08,508.3957743947686,0.3953117887649151,-0.9185469991587164,-0.7262249146041543,0.6874571793269664,0.7818314824680298,0.6234898018587336,0.3192667256288431,0,1,0,0,0,0
3149,2021-06-09,475.7280739392684,0.3794528437245443,-0.925211078289358,-0.7021479494046978,0.7120310787787131,0.9749279121818236,-0.2225209339563143,0.3300883075351398,0,1,0,0,0,0
3150,2021-06-10,636.872488563469,0.3634816124829063,-0.9316013725767188,-0.6772399381909491,0.7357622347736527,0.4338837391175582,-0.900968867902419,0.3411081980965921,0,1,0,0,0,0
3151,2021-06-11,525.9562744462166,0.3474028211842774,-0.9377159910299092,-0.6515303615068021,0.75862255966641,-0.433883739117558,-0.9009688679024191,0.3523219549954969,0,1,0,0,0,0
3152,2021-06-12,656.2377755247044,0.3312212278016865,-0.9435531242349544,-0.6250496486104377,0.7805849965070866,-0.9749279121818236,-0.2225209339563146,0.3637246969042016,0,1,0,0,0,0
3153,2021-06-14,428.0683892132369,0.2985688173637202,-0.9543881083175908,-0.5699010576127624,0.821713322596059,0.0,1.0,0.3870753885499897,0,1,0,0,0,0
3154,2021-06-15,442.65256273884097,0.2821076626819194,-0.9593827529490744,-0.5412984521036173,0.8408305333122887,0.7818314824680298,0.6234898018587336,0.39901134372866,0,1,0,0,0,0
3155,2021-06-16,395.40199182046905,0.2655630278040559,-0.9640935007889756,-0.5120551783114646,0.8589525565270845,0.9749279121818236,-0.2225209339563143,0.4111122905071874,0,1,0,0,0,0
3156,2021-06-17,410.6831674300776,0.2489398085537665,-0.9685189578512204,-0.4822058478963526,0.8760579434344281,0.4338837391175582,-0.900968867902419,0.4233711028530494,0,1,0,0,0,0
3157,2021-06-18,455.46709929503567,0.2322429240090701,-0.9726578145718654,-0.451785789832884,0.8921264484954345,-0.433883739117558,-0.9009688679024191,0.4357802031543156,0,1,0,0,0,0
3158,2021-06-19,498.5840300582602,0.2154773150467301,-0.976508846196619,-0.4208310085956556,0.9071390534005044,-0.9749279121818236,-0.2225209339563146,0.448331563940943,0,1,0,0,0,0
3159,2021-06-21,520.2560398613518,0.1817597875913753,-0.9833429613388902,-0.3574644155648614,0.9339267592294762,0.0,1.0,0.473826726395364,0,1,0,0,0,0
3160,2021-06-22,469.7128775578356,0.1648178466571979,-0.9863240225317866,-0.3251276029999093,0.9456701548465688,0.7818314824680298,0.6234898018587336,0.4867522559599717,0,1,0,0,0,0
3161,2021-06-23,435.72912971601824,0.1478271334705304,-0.9890132145779884,-0.2924059769510773,0.956294277219772,0.9749279121818236,-0.2225209339563143,0.4997835137030315,0,1,0,0,0,0
3162,2021-06-24,667.1659554726201,0.1307926758567592,-0.9914097417023038,-0.2593382659754056,0.9657865518844574,0.4338837391175582,-0.900968867902419,0.5129102907232946,0,1,0,0,0,0
3163,2021-06-25,378.9863663737408,0.1137195145859496,-0.9935128947338008,-0.225963608248019,0.974135744004672,-0.433883739117558,-0.9009688679024191,0.5261219640934566,0,1,0,0,0,0
3164,2021-06-26,436.2337962456944,0.0966127018812031,-0.9953220513156602,-0.1923215052390948,0.9813319716704276,-0.9749279121818236,-0.2225209339563146,0.5394075072376265,0,1,0,0,0,0
3165,2021-06-28,465.7396456876123,0.062318379354325,-0.998056320853012,-0.1243945048397999,0.9922328391893008,0.0,1.0,0.5661541495171976,0,1,0,0,0,0
3166,2021-06-29,594.0047302720003,0.0451410177739719,-0.998980624694158,-0.0901900042703451,0.99592457702866,0.7818314824680298,0.6234898018587336,0.5795912885442627,0,1,0,0,0,0
3167,2021-06-30,385.9687917222964,0.0279502982402103,-0.999609314096404,-0.0558787569053731,0.9984375616565666,0.9749279121818236,-0.2225209339563143,0.5930544067956073,0,1,0,0,0,0
3168,2021-07-01,364.0548035453006,0.0107513077635219,-0.9999422030204416,-0.0215013727408137,0.999768818762748,0.4338837391175582,-0.900968867902419,0.6065306597126334,0,0,1,0,0,0
3169,2021-07-02,330.0698575900168,-0.0064508641981051,-0.9999791929590824,0.0129014599494196,0.9999167727021951,-0.433883739117558,-0.9009688679024191,0.6200068879809458,0,0,1,0,0,0
3170,2021-07-03,373.1813090278577,-0.0236511272452315,-0.9997202729664084,0.0472890227711323,0.9988812483600598,-0.9749279121818236,-0.2225209339563146,0.6334696366573507,0,0,1,0,0,0
3171,2021-07-05,710.8578300299308,-0.0580255693287803,-0.9983150972033183,0.1158556037694784,0.9932660666081418,0.0,1.0,0.6602995202173131,0,0,1,0,0,0
3172,2021-07-06,321.4586593176933,-0.0751895764147585,-0.9971692572470178,0.1499534681324453,0.9886930551971383,0.7818314824680298,0.6234898018587336,0.6736384553447267,0,0,1,0,0,0
3173,2021-07-07,378.0055644667585,-0.0923313336953912,-0.9957283388645872,0.1838738510513275,0.9829498496360606,0.9749279121818236,-0.2225209339563143,0.6869075574573877,0,0,1,0,0,0
3174,2021-07-08,363.673605543002,-0.1094457686489155,-0.993992768446958,0.2175766051482817,0.976043247449696,0.4338837391175582,-0.900968867902419,0.7000922199176512,0,0,1,0,0,0
3175,2021-07-09,348.98393989480354,-0.1265278168386831,-0.9919630595773395,0.2510218406258827,0.9679814231320734,-0.433883739117558,-0.9009688679024191,0.71317767835549,0,0,1,0,0,0
3176,2021-07-10,328.4677424343391,-0.1435724234118113,-0.9896398128792412,0.2841699724797683,0.9587739184713192,-0.9749279121818236,-0.2225209339563146,0.7261490370736908,0,0,1,0,0,0
3177,2021-07-12,373.6892198167383,-0.1775291491870349,-0.984115542601034,0.3494183899593976,0.936966802377855,0.0,1.0,0.751689380082437,0,0,0,1,0,0
3178,2021-07-13,262.1927855903488,-0.1944312200476619,-0.9809161537413774,0.3814414490727919,0.9243930013415552,0.7818314824680298,0.6234898018587336,0.7642281651714905,0,0,0,1,0,0
3179,2021-07-14,318.9095893171584,-0.2112757555821793,-0.9774264960104057,0.4130130429412807,0.9107251102063584,0.9749279121818236,-0.2225209339563143,0.7765925101265281,0,0,0,1,0,0
3180,2021-07-15,370.5846175399272,-0.2280577712215198,-0.9736476020539838,0.4440958041592176,0.8959793059709459,0.4338837391175582,-0.900968867902419,0.7887672852587113,0,0,0,1,0,0
3181,2021-07-16,371.6541192238318,-0.2447723008972595,-0.9695805901076308,0.4746529438919349,0.8801730414269229,-0.433883739117558,-0.9009688679024191,0.8007374029168081,0,0,0,1,0,0
3182,2021-07-17,699.0349228554902,-0.2614143985111562,-0.965226663665613,0.5046482954181526,0.8633250245021008,-0.9749279121818236,-0.2225209339563146,0.8124878481707274,0,0,0,1,0,0
3183,2021-07-19,457.00616759237937,-0.2944616217868012,-0.9556633054034704,0.5628123335824821,0.8265847065893737,0.0,1.0,0.835270211411272,0,0,0,1,0,0
3184,2021-07-20,555.7885803651762,-0.3108569682435036,-0.9504567035349152,0.5909121786151564,0.8067358905889147,0.7818314824680298,0.6234898018587336,0.8462727428586204,0,0,0,1,0,0
3185,2021-07-21,298.232803074583,-0.3271603271220951,-0.9449688462364056,0.6183126337097825,0.7859322407147274,0.9749279121818236,-0.2225209339563143,0.8569968914352789,0,0,0,1,0,0
3186,2021-07-22,386.98888876731513,-0.343366873996388,-0.939201357453208,0.6449812683237445,0.7641983796838971,0.4338837391175582,-0.900968867902419,0.8674284731834108,0,0,0,1,0,0
3187,2021-07-23,308.7279244890594,-0.3594718130884232,-0.9331559438780432,0.6708865180801582,0.7415600311898435,-0.433883739117558,-0.9009688679024191,0.8775535639640376,0,0,0,1,0,0
3188,2021-07-24,384.7976714019047,-0.3754703786876202,-0.9268343944460494,0.6959977221267386,0.7180439894563502,-0.9749279121818236,-0.2225209339563146,0.8873585302803527,0,0,0,1,0,0
3189,2021-07-26,682.1933743596876,-0.4071294853542516,-0.9133704517637858,0.7437200839287408,0.6684911643103645,0.0,1.0,0.9059551911095096,0,0,0,1,0,0
3190,2021-07-27,692.150167551808,-0.4227806579826773,-0.9062320427107696,0.7662747586044899,0.6425130304714689,0.7818314824680298,0.6234898018587336,0.914721343722234,0,0,0,1,0,0
3191,2021-07-28,679.1359215022661,-0.4383067230125192,-0.898825465016444,0.7879224882631226,0.6157744331240536,0.9749279121818236,-0.2225209339563143,0.9231163463866358,0,0,0,1,0,0
3192,2021-07-29,704.4083254963891,-0.4537030860313442,-0.8911529104063088,0.8086376511543126,0.5883070194512693,0.4338837391175582,-0.900968867902419,0.9311284654622024,0,0,0,1,0,0
3193,2021-07-30,724.5077843941024,-0.4689651910076318,-0.8832166493127127,0.8283957292921138,0.5601432992463508,-0.433883739117558,-0.9009688679024191,0.938746432156527,0,0,0,1,0,0
3194,2021-07-31,952.5156324847738,-0.4840885216389758,-0.8750190302029955,0.847173337473877,0.5313166064347815,-0.9749279121818236,-0.2225209339563146,0.9459594689067654,0,0,0,1,0,0
3195,2021-08-02,781.2114154911884,-0.5139010013093103,-0.8578494977869301,0.8816994317707848,0.4718115217065765,0.0,1.0,0.9591302497107984,0,0,0,1,0,0
3196,2021-08-03,1006.1653630842736,-0.5285813283559292,-0.8488826652214553,0.8974070536021568,0.4412035586269627,0.7818314824680298,0.6234898018587336,0.9650691177896804,0,0,0,1,0,0
3197,2021-08-04,746.8583048274272,-0.5431052396834317,-0.8396646346181327,0.912052525275964,0.4100733972568043,0.9749279121818236,-0.2225209339563143,0.9705653490349352,0,0,0,1,0,0
3198,2021-08-05,843.7774469738521,-0.5574684374327892,-0.8301981337405212,0.9256185127518922,0.3784578825324888,0.4338837391175582,-0.900968867902419,0.975610980064846,0,0,0,1,0,0
3199,2021-08-06,811.7000081672858,-0.5716666713027052,-0.8204859638785327,0.9380889596420648,0.3463944338433696,-0.433883739117558,-0.9009688679024191,0.9801986733067553,0,0,0,1,0,0
3200,2021-08-09,916.979412705722,-0.6132298262997502,-0.7899045386224707,0.968786046025684,0.2478983602727564,0.0,1.0,0.9911505004882848,0,0,0,1,0,0
3201,2021-08-10,777.5177280302504,-0.6267266965083301,-0.7792391467859886,0.9767399525103048,0.214427295767511,0.7818314824680298,0.6234898018587336,0.9938461733264412,0,0,0,1,0,0
3202,2021-08-11,555.0020231123482,-0.6400381082043503,-0.7683431655492202,0.9835378122597296,0.1807024400923929,0.9749279121818236,-0.2225209339563143,0.9960571761381908,0,0,0,1,0,0
3203,2021-08-12,497.49669133289575,-0.65316012232693,-0.7572198192083127,0.9891715794849548,0.1467637092037396,0.4338837391175582,-0.900968867902419,0.9977802450856064,0,0,0,1,0,0
3204,2021-08-13,723.0148860659663,-0.666088855860977,-0.7458723993404063,0.993634586189866,0.112651272195629,-0.433883739117558,-0.9009688679024191,0.9990128332490112,0,0,0,1,0,0
3205,2021-08-14,758.487672992266,-0.6788204829862355,-0.734304263829602,0.9969215500633252,0.0784055037566676,-0.9749279121818236,-0.2225209339563146,0.9997531169004024,0,0,0,1,0,0
3206,2021-08-16,708.2401926219299,-0.7036774074790128,-0.7105196029692745,0.999953184360873,0.0096762124072308,0.0,1.0,0.9997531169004024,0,0,0,1,0,0
3207,2021-08-17,511.2544082445594,-0.7157953492826642,-0.6983101158835584,0.9996942666129788,-0.0247259641093823,0.7818314824680298,0.6234898018587336,0.9990128332490112,0,0,0,1,0,0
3208,2021-08-18,952.3978571212076,-0.7277014757264236,-0.6858939875998223,0.998252133936544,-0.0590988755488295,0.9749279121818236,-0.2225209339563143,0.9977802450856064,0,0,0,1,0,0
3209,2021-08-19,700.8236365634962,-0.7393922635959241,-0.673274892250183,0.9956284932063294,-0.093401838931009,0.4338837391175582,-0.900968867902419,0.9960571761381908,0,0,0,1,0,0
3210,2021-08-20,495.8118508538634,-0.7508642533989489,-0.6604565640279754,0.9918264497026016,-0.1275942540647218,-0.433883739117558,-0.9009688679024191,0.9938461733264412,0,0,0,1,0,0
3211,2021-08-21,605.2032970685339,-0.7621140503891487,-0.6474427960827475,0.9868505034357966,-0.1616356516011078,-0.9749279121818236,-0.2225209339563146,0.9911505004882848,0,0,0,1,0,0
3212,2021-08-23,753.3166044439038,-0.7839338166829201,-0.620844401650647,0.973401842704431,-0.2291044578781002,0.0,1.0,0.9843217347761178,0,0,0,1,0,0
3213,2021-08-24,711.3374606713479,-0.7944973291665992,-0.6072676460566135,0.9649450457625344,-0.2624520121057191,0.7818314824680298,0.6234898018587336,0.9801986733067553,0,0,0,1,0,0
3214,2021-08-25,1155.3985645740495,-0.8048257371083452,-0.593511190196115,0.9553461622632788,-0.2954889342239821,0.9749279121818236,-0.2225209339563143,0.975610980064846,0,0,0,1,0,0
3215,2021-08-26,642.8572106924122,-0.8149159841660791,-0.5795791048257612,0.9446165532223606,-0.3281761224987386,0.4338837391175582,-0.900968867902419,0.9705653490349352,0,0,0,1,0,0
3216,2021-08-27,734.8241556541108,-0.8247650844733614,-0.5654755126737576,0.9327689179559782,-0.3604748891327019,-0.433883739117558,-0.9009688679024191,0.9650691177896804,0,0,0,1,0,0
3217,2021-08-28,649.2344347862073,-0.8343701235229537,-0.5512045872199277,0.9198172790502196,-0.3923470060554182,-0.9749279121818236,-0.2225209339563146,0.9591302497107984,0,0,0,1,0,0
3218,2021-08-30,606.3525968992247,-0.8528367217694595,-0.522177676659508,0.8906645958869751,-0.4546609479969567,0.0,1.0,0.9459594689067654,0,0,0,1,0,0
3219,2021-08-31,679.1694916215856,-0.8616928164028521,-0.5074302810827518,0.8744980560685747,-0.4850290196805589,0.7818314824680298,0.6234898018587336,0.938746432156527,0,0,0,1,0,0
3220,2021-09-01,939.0135035199432,-0.8702939222685674,-0.4925327287220543,0.8572964806503138,-0.5148230222752145,0.9749279121818236,-0.2225209339563143,0.9311284654622024,0,0,0,1,0,0
3221,2021-09-02,1194.8914853797153,-0.8786374941610001,-0.4774894280028391,0.8390802290175676,-0.5440076922910431,0.4338837391175582,-0.900968867902419,0.9231163463866358,0,0,0,1,0,0
3222,2021-09-03,770.4401579077078,-0.886721063082993,-0.4623048304798108,0.8198708615029215,-0.5725484874300667,-0.433883739117558,-0.9009688679024191,0.914721343722234,0,0,0,1,0,0
3223,2021-09-04,814.5183651204749,-0.8945422369764496,-0.4469834295196741,0.7996911138678691,-0.600411627469661,-0.9749279121818236,-0.2225209339563146,0.9059551911095096,0,0,0,1,0,0
3224,2021-09-06,907.2481705166638,-0.9093882203647924,-0.4159483918249421,0.756517135610563,-0.6539738706764888,0.0,1.0,0.8873585302803527,0,0,0,1,0,0
3225,2021-09-07,1001.0480770707744,-0.9164086366943458,-0.4002439388573056,0.733574004706797,-0.6796095788159788,0.7818314824680298,0.6234898018587336,0.8775535639640376,0,0,0,1,0,0
3226,2021-09-08,874.7554395701198,-0.923157872964704,-0.3844210472688554,0.709762632639161,-0.7044409168334328,0.9749279121818236,-0.2225209339563143,0.8674284731834108,0,0,0,1,0,0
3227,2021-09-09,904.0546269470568,-0.9296339319682696,-0.3684843993077793,0.6851112019949135,-0.72843849493357,0.4338837391175582,-0.900968867902419,0.8569968914352789,0,0,0,1,0,0
3228,2021-09-10,893.0805686552468,-0.935834897334994,-0.3524387108846032,0.6596488896351408,-0.7515739101399981,-0.433883739117558,-0.9009688679024191,0.8462727428586204,0,0,0,1,0,0
3229,2021-09-11,955.13144149348,-0.9417589340994617,-0.3362887301766828,0.6334058321617086,-0.7738197799123084,-0.9749279121818236,-0.2225209339563146,0.835270211411272,0,0,0,1,0,0
3230,2021-09-13,1005.667196981072,-0.9527692922168512,-0.3036950375106588,0.578702611877601,-0.8155386483827991,0.0,1.0,0.8124878481707274,0,0,0,1,0,0
3231,2021-09-14,1069.9462595516975,-0.9578523554276668,-0.2872609705505963,0.5503071945286527,-0.8349622695966589,0.7818314824680298,0.6234898018587336,0.8007374029168081,0,0,0,1,0,0
3232,2021-09-15,966.2148483022296,-0.9626519747161488,-0.2707418984477642,0.5212604463582784,-0.8533976488498011,0.9749279121818236,-0.2225209339563143,0.7887672852587113,0,0,0,1,0,0
3233,2021-09-16,967.35920177527,-0.9671667297977312,-0.2541427094613622,0.4915967464233612,-0.8708229664552752,0.4338837391175582,-0.900968867902419,0.7765925101265281,0,0,0,1,0,0
3234,2021-09-17,879.0758214358249,-0.97139528468375,-0.2374683155584684,0.461351203990578,-0.8872175982116474,-0.433883739117558,-0.9009688679024191,0.7642281651714905,0,0,0,1,0,0
3235,2021-09-18,1549.5798041105231,-0.9753363880767836,-0.2207236509605022,0.4305596169818739,-0.9025621398133328,-0.9749279121818236,-0.2225209339563146,0.751689380082437,0,0,0,1,0,0
3236,2021-09-24,763.4163902336104,-0.9928872135356962,-0.1190587300340498,0.2364237814212129,-0.9716500376053584,-0.433883739117558,-0.9009688679024191,0.6736384553447267,0,0,0,1,0,0
3237,2021-09-25,701.3566701289301,-0.994788305609327,-0.1019618900517457,0.2028609916826013,-0.9792075459541514,-0.9749279121818236,-0.2225209339563146,0.6602995202173131,0,0,0,1,0,0
3238,2021-09-27,651.2770391821333,-0.9977068927101168,-0.0676827617545516,0.1350551158403456,-0.9908380875225532,0.0,1.0,0.6334696366573507,0,0,0,1,0,0
3239,2021-09-28,562.4163210415762,-0.9987235240803972,-0.0505106171852228,0.1008922831974033,-0.9948973551031356,0.7818314824680298,0.6234898018587336,0.6200068879809458,0,0,0,1,0,0
3240,2021-09-29,611.4091272204685,-0.9994446170919858,-0.0333235257116313,0.0666100367900326,-0.9977790852682924,0.9749279121818236,-0.2225209339563143,0.6065306597126334,0,0,0,1,0,0
3241,2021-09-30,708.5109097257126,-0.9998699583618592,-0.0161265732706577,0.0322489522893041,-0.9994798672690922,0.4338837391175582,-0.900968867902419,0.5930544067956073,0,0,0,1,0,0
3242,2021-10-01,671.7471162288448,-0.9999994220246924,0.0010751512827982,-0.0021503013227746,-0.9999976880994382,-0.433883739117558,-0.9009688679024191,0.5795912885442627,0,0,0,0,1,0
3243,2021-10-02,556.5444451170473,-0.999832969770105,0.0182765576816912,-0.0365470098881199,-0.9993319348786156,-0.9749279121818236,-0.2225209339563146,0.5661541495171976,0,0,0,0,1,0
3244,2021-10-04,492.93684192809206,-0.9986126020839734,0.052658056924614,-0.1051699984923495,-0.9944542580818482,0.0,1.0,0.5394075072376265,0,0,0,0,1,0
3245,2021-10-05,581.3828378202998,-0.9975590477788612,0.0698279757298708,-0.1393150579548309,-0.9902481076109372,0.7818314824680298,0.6234898018587336,0.5261219640934566,0,0,0,0,1,0
3246,2021-10-06,492.519030983509,-0.9962102997023295,0.0869772313136861,-0.1732952273485721,-0.9848699224660112,0.9749279121818236,-0.2225209339563143,0.5129102907232946,0,0,0,0,1,0
3247,2021-10-07,455.7289475265973,-0.9945667569706336,0.1041007489354256,-0.2070702885338407,-0.9783260681421668,0.4338837391175582,-0.900968867902419,0.4997835137030315,0,0,0,0,1,0
3248,2021-10-08,307.2190705760932,-0.9926289059345096,0.121193461470736,-0.2406002661322256,-0.9706242897934824,-0.433883739117558,-0.9009688679024191,0.4867522559599717,0,0,0,0,1,0
3249,2021-10-09,408.037253209805,-0.9903973200352558,0.1382503109109819,-0.2738454748405547,-0.9617737030660336,-0.9749279121818236,-0.2225209339563146,0.473826726395364,0,0,0,0,1,0
3250,2021-10-11,378.8375599305082,-0.9850556718215012,0.172236243027682,-0.3393245761752893,-0.9406693531754186,0.0,1.0,0.448331563940943,0,0,0,0,1,0
3251,2021-10-12,330.61930380151347,-0.981947190186646,0.1891552687200409,-0.3714809692572883,-0.9284405686308982,0.7818314824680298,0.6234898018587336,0.4357802031543156,0,0,0,0,1,0
3252,2021-10-13,356.06216056087686,-0.9785481345802032,0.2060183203251708,-0.4031976860870853,-0.9151129033807908,0.9749279121818236,-0.2225209339563143,0.4233711028530494,0,0,0,0,1,0
3253,2021-10-14,283.3328201496444,-0.9748595108374124,0.2228204077947995,-0.4344371874948622,-0.9007021317403184,0.4338837391175582,-0.900968867902419,0.4111122905071874,0,0,0,0,1,0
3254,2021-10-15,357.8294126556911,-0.9708824104813836,0.239556559120927,-0.4651624991319035,-0.8852253099642835,-0.433883739117558,-0.9009688679024191,0.39901134372866,0,0,0,0,1,0
3255,2021-10-16,448.5024484813015,-0.9666180104000972,0.2562218218071163,-0.4953372552325659,-0.8687007560596847,-0.9749279121818236,-0.2225209339563146,0.3870753885499897,0,0,0,0,1,0
3256,2021-10-18,657.1787309363477,-0.957232443323312,0.2893199776186952,-0.5538929381563792,-0.8325879011014353,0.0,1.0,0.3637246969042016,0,0,0,0,1,0
3257,2021-10-19,545.071114434632,-0.9521140536681102,0.3057430764672831,-0.5822045598324479,-0.8130423423846421,0.7818314824680298,0.6234898018587336,0.3523219549954969,0,0,0,0,1,0
3258,2021-10-20,416.77864478224376,-0.9467139181463862,0.3220757010206104,-0.6098270977059321,-0.7925344856241648,0.9749279121818236,-0.2225209339563143,0.3411081980965921,0,0,0,0,1,0
3259,2021-10-21,399.9496546472405,-0.9410336347451196,0.3383130181923076,-0.6367278583821979,-0.7710886034432227,0.4338837391175582,-0.900968867902419,0.3300883075351398,0,0,0,0,0,1
3260,2021-10-22,597.3845302952774,-0.9350748843515574,0.3544502230989869,-0.6628750027453377,-0.7487300786901568,-0.433883739117558,-0.9009688679024191,0.3192667256288431,0,0,0,0,0,1
3261,2021-10-23,677.285728858088,-0.9288394302558068,0.3704825404820963,-0.6882375836422284,-0.7254853743958638,-0.9749279121818236,-0.2225209339563146,0.3086474612366189,0,0,0,0,0,1
3262,2021-10-25,566.9312641341106,-0.9155458729775467,0.4022135682368036,-0.7364899449095569,-0.6764484910524362,0.0,1.0,0.2880297924974456,0,0,0,0,0,1
3263,2021-10-26,523.9922962955309,-0.9084917035725082,0.4179028888867866,-0.7593226149052589,-0.6507143509201561,0.7818314824680298,0.6234898018587336,0.2780373004531941,0,0,0,0,0,1
3264,2021-10-27,518.524129693738,-0.9011686968561567,0.4334685453485363,-0.7812565682797488,-0.6242100403868479,0.9749279121818236,-0.2225209339563143,0.2682589673008851,0,0,0,0,0,1
3265,2021-10-28,571.0270539871913,-0.8935790198239952,0.4489059314938798,-0.8022658445149573,-0.5969669293392242,0.4338837391175582,-0.900968867902419,0.258696746701885,0,0,0,0,0,1
3266,2021-10-29,563.270812890131,-0.8857249183835637,0.4642104791518923,-0.8223255775192096,-0.5690172620911411,-0.433883739117558,-0.9009688679024191,0.2493522087772961,0,0,0,0,0,1
3267,2021-10-30,604.2396498178545,-0.8776087166898392,0.4793776594606945,-0.8414120250581577,-0.5403941192199728,-0.9749279121818236,-0.2225209339563146,0.2402265507324824,0,0,0,0,0,1
3268,2021-11-01,649.6991614517052,-0.8605996962501181,0.5092820071573356,-0.876575881330507,-0.4812636743715911,0.0,1.0,0.2226348658788909,0,0,0,0,0,1
3269,2021-11-02,616.2991335830048,-0.8517119107469189,0.5240103253675756,-0.8926116709398649,-0.4508263578163351,0.7818314824680298,0.6234898018587336,0.2141694715316088,0,0,0,0,0,1
3270,2021-11-03,716.1301997258414,-0.8425720899866032,0.5385835804920232,-0.9075909860952636,-0.4198554536487849,0.9749279121818236,-0.2225209339563143,0.2059242464341987,0,0,0,0,0,1
3271,2021-11-04,715.2204557226185,-0.8331829385891785,0.5529974600700271,-0.9214960976269942,-0.3883876183121974,0.4338837391175582,-0.900968867902419,0.1978986990836146,0,0,0,0,0,1
3272,2021-11-05,926.7451013169754,-0.8235472349556007,0.5672476988027229,-0.9343105477678196,-0.3564600964060307,-0.433883739117558,-0.9009688679024191,0.1900920380007587,0,0,0,0,0,1
3273,2021-11-06,870.2483747161411,-0.8136678304455991,0.5813300798152042,-0.9460191696320084,-0.3241106766040965,-0.9749279121818236,-0.2225209339563146,0.1825031849518363,0,0,0,0,0,1
3274,2021-11-08,814.2526182377941,-0.7931896839451843,0.6089746507720486,-0.9660648215530204,-0.2582997494341228,0.0,1.0,0.1679732367575336,0,0,0,0,0,1
3275,2021-11-09,782.1153883270285,-0.7825970017677834,0.6225286602431057,-0.9743781260415392,-0.2249161343518477,0.7818314824680298,0.6234898018587336,0.1610286725459804,0,0,0,0,0,1
3276,2021-11-10,866.7235023255167,-0.7717727365467837,0.6358984534680745,-0.9815381791978468,-0.1912663137538222,0.9749279121818236,-0.2225209339563143,0.1542950055015683,0,0,0,0,0,1
3277,2021-11-11,936.5056136363148,-0.7607200913564104,0.6490800741100398,-0.98753650654923,-0.1573901147866107,0.4338837391175582,-0.900968867902419,0.1477699265043177,0,0,0,0,0,1
3278,2021-11-12,1003.9626442850924,-0.7494423368521953,0.6620696215153815,-0.992366008614672,-0.1233276325329588,-0.433883739117558,-0.9009688679024191,0.1414509211393686,0,0,0,0,0,1
3279,2021-11-13,1065.009817056956,-0.7379428103031386,0.6748632518680403,-0.9960209693076332,-0.0891191825561879,-0.9749279121818236,-0.2225209339563146,0.1353352832366127,0,0,0,0,0,1
3280,2021-11-15,821.6503722468077,-0.7142921172691032,0.699847677146407,-0.999791358149542,-0.0204264575855568,0.0,1.0,0.1237024067768548,0,0,0,0,0,1
3281,2021-11-16,643.436525755177,-0.7021479494046978,0.7120310787787131,-0.9999023237537764,0.0139765142935557,0.7818314824680298,0.6234898018587336,0.1181789171817805,0,0,0,0,0,1
3282,2021-11-17,695.4837737287156,-0.6897960046655887,0.7240037789593305,-0.9988298281778684,0.0483629438947822,0.9749279121818236,-0.2225209339563143,0.1128463189671638,0,0,0,0,0,1
3283,2021-11-18,866.0037578545757,-0.6772399381909491,0.7357622347736527,-0.996575140802686,0.082692132238239,0.4338837391175582,-0.900968867902419,0.1077011451900321,0,0,0,0,0,1
3284,2021-11-19,820.5788776109387,-0.6644834655228552,0.7473029667054297,-0.9931409302238696,0.116923448093473,-0.433883739117558,-0.9009688679024191,0.1027398149024943,0,0,0,0,0,1
3285,2021-11-20,848.0450992695427,-0.6515303615068021,0.75862255966641,-0.9885312610933432,0.1510163760696315,-0.9749279121818236,-0.2225209339563146,0.0979586452573397,0,0,0,0,0,1
3286,2021-11-22,815.3319222156268,-0.6250496486104377,0.7805849965070866,-0.9758087555546684,0.2186258735439368,0.0,1.0,0.0889216174593863,0,0,0,0,0,1
3287,2021-11-23,799.4429550649097,-0.6115298757991053,0.7912213413483807,-0.9677109772087537,0.2520624220102616,0.7818314824680298,0.6234898018587336,0.0846579886225299,0,0,0,0,0,1
3288,2021-11-24,871.7601749034933,-0.5978291414589552,0.801623551065242,-0.9584678386132248,0.2852006352448972,0.9749279121818236,-0.2225209339563143,0.080559000939185,0,0,0,0,0,1
3289,2021-11-25,793.7351271059132,-0.5839514998576998,0.8117885474764613,-0.948090279732366,0.3180012916278857,0.4338837391175582,-0.900968867902419,0.0766206321804935,0,0,0,0,0,1
3290,2021-11-26,811.6972402063011,-0.5699010576127624,0.821713322596059,-0.936590583203982,0.3504255690637097,-0.433883739117558,-0.9009688679024191,0.0728388237369676,0,0,0,0,0,1
3291,2021-11-27,859.3030126852543,-0.5556819724760489,0.8313949395234058,-0.9239823598019432,0.3824350909302552,-0.9749279121818236,-0.2225209339563146,0.0692094902133194,0,0,0,0,0,1
3292,2021-11-29,874.1761604927142,-0.5267547528105542,0.8500173118187018,-0.895501317943504,0.4450588607829839,0.0,1.0,0.0623918271307013,0,0,0,0,0,1
3293,2021-11-30,751.8346687812146,-0.5120551783114646,0.8589525565270845,-0.8796622089871292,0.4755989887288283,0.7818314824680298,0.6234898018587336,0.0591952734739325,0,0,0,0,0,1
3294,2021-12-01,722.932706305536,-0.4972040784469378,0.8676336233547726,-0.8627819522593745,0.5055762087514626,0.9749279121818236,-0.2225209339563143,0.0561347628341337,0,0,0,0,0,1
3295,2021-12-02,948.726297907686,-0.4822058478963526,0.8760579434344281,-0.8448805268402667,0.5349550405091192,0.4338837391175582,-0.900968867902419,0.0532062053822325,0,0,0,0,0,1
3296,2021-12-03,863.009912376422,-0.4670649248774303,0.8842230238742036,-0.8259791204413983,0.5637007118984807,-0.433883739117558,-0.9009688679024191,0.0504055333627536,0,0,0,0,0,1
3297,2021-12-04,800.4595139497538,-0.451785789832884,0.8921264484954345,-0.8061001043286311,0.5917792002101544,-0.9749279121818236,-0.2225209339563146,0.0477287077631641,0,0,0,0,0,1
3298,2021-12-06,747.1585561693776,-0.4208310085956556,0.9071390534005044,-0.7635044855580851,0.6458025244087264,0.0,1.0,0.0427306205788496,0,0,0,0,0,1
3299,2021-12-07,738.9901370086732,-0.4051645224207563,0.9142437912130223,-0.7408382980859317,0.6716834195431209,0.7818314824680298,0.6234898018587336,0.0404014788741632,0,0,0,0,0,1
3300,2021-12-08,779.6601006486029,-0.3893781415452015,0.9210779895789526,-0.717295271600886,0.6967693257736101,0.9749279121818236,-0.2225209339563143,0.0381804338005357,0,0,0,0,0,1
3301,2021-12-09,722.4912260637035,-0.3734765374130707,0.9276396261490468,-0.6929032710826029,0.7210305520038863,0.4338837391175582,-0.900968867902419,0.0360636756174023,0,0,0,0,0,1
3302,2021-12-10,675.8866601588346,-0.3574644155648614,0.9339267592294762,-0.6676911663366994,0.7444383832097442,-0.433883739117558,-0.9009688679024191,0.0340474547345993,0,0,0,0,0,1
3303,2021-12-11,695.4533746106401,-0.3413465142450361,0.9399375283564132,-0.641688797825113,0.7669651144255266,-0.9749279121818236,-0.2225209339563146,0.0321280855748041,0,0,0,0,0,1
3304,2021-12-13,803.3175395221352,-0.3088124812662537,0.9511229423235356,-0.587437271616382,0.8092697028283593,0.0,1.0,0.0285655007845503,0,0,0,0,0,1
3305,2021-12-14,717.8866088735575,-0.2924059769510773,0.956294277219772,-0.5592523247663436,0.828997489286572,0.7818314824680298,0.6234898018587336,0.0269152637299154,0,0,0,0,0,1
3306,2021-12-15,709.1862135879613,-0.2759129450029604,0.9611826292540836,-0.5304054598463659,0.8477440935595867,0.9749279121818236,-0.2225209339563143,0.0253478407929008,0,0,0,0,0,1
3307,2021-12-16,668.9772691904678,-0.2593382659754056,0.9657865518844574,-0.5009308193361626,0.8654873276017396,0.4338837391175582,-0.900968867902419,0.0238599118793802,0,0,0,0,0,1
3308,2021-12-17,710.3176218269024,-0.2426868445825954,0.9701046827361176,-0.4708632887360563,0.8822061909330864,-0.433883739117558,-0.9009688679024191,0.0224482367321429,0,0,0,0,0,1
3309,2021-12-18,756.0552079499448,-0.225963608248019,0.974135744004672,-0.4402384552773285,0.8978808954950716,-0.9749279121818236,-0.2225209339563146,0.021109656453671,0,0,0,0,0,1
3310,2021-12-20,708.264124913204,-0.1923215052390948,0.9813319716704276,-0.3774624838618108,0.9260248772451376,0.0,1.0,0.0186395588695301,0,0,0,0,0,1
3311,2021-12-21,685.241252519483,-0.1754125938042784,0.9844950085880858,-0.345385646087603,0.9384608438697104,0.7818314824680298,0.6234898018587336,0.0175021403684067,0,0,0,0,0,1
3312,2021-12-22,639.3693841210062,-0.1584517749608363,0.9873667175937016,-0.3129000178799537,0.949786070023521,0.9749279121818236,-0.2225209339563143,0.0164260155188855,0,0,0,0,0,1
3313,2021-12-23,650.138603593722,-0.141444067687942,0.989946248902378,-0.2800440484743445,0.9599871514317776,0.4338837391175582,-0.900968867902419,0.0154084455711887,0,0,0,0,0,1
3314,2021-12-24,714.2956174335797,-0.1243945048397999,0.9922328391893008,-0.2468566254334839,0.969052014331322,-0.433883739117558,-0.9009688679024191,0.0144467767640457,0,0,0,0,0,1
3315,2021-12-25,812.4454925215441,-0.1073081316563624,0.994225811815616,-0.2133770286209279,0.9769699297608416,-0.9749279121818236,-0.2225209339563146,0.0135384401366523,0,0,0,0,0,1
3316,2021-12-27,1115.6129717929568,-0.0730451882110474,0.9973286321364752,-0.1457001152853506,0.9893288009584252,0.0,1.0,0.0118719091278277,0,0,0,0,0,1
3317,2021-12-28,655.7683475149875,-0.0558787569053731,0.9984375616565666,-0.1115828995860015,0.9937551290534204,0.7818314824680298,0.6234898018587336,0.0111089965382423,0,0,0,0,0,1
3318,2021-12-29,674.7579543219088,-0.0386957901765268,0.999251037438848,-0.0773336169568209,0.9970052716452285,0.9749279121818236,-0.2225209339563143,0.0103899781147773,0,0,0,0,0,1
3319,2021-12-30,765.7362064381745,-0.0215013727408137,0.999768818762748,-0.0429928040537219,0.9990753819405211,0.4338837391175582,-0.900968867902419,0.0097126998429016,0,0,0,0,0,1
3320,2021-12-31,767.6616297338313,-0.0043005927029819,0.9999907524084426,-0.0086011058657144,0.999963009804806,-0.433883739117558,-0.9009688679024191,0.0090750878156515,0,0,0,0,0,1
3321,2022-01-03,943.783080403224,0.0515843668694083,0.9986686402879996,0.1030313790431787,0.9946781061893646,0.0,1.0,0.0072532058010343,0,0,0,0,0,0
3322,2022-01-04,745.5463925105382,0.0687554084811394,0.9976335468520452,0.1371854040566005,0.9905453876091832,0.7818314824680298,0.6234898018587336,0.0067628442633904,0,0,0,0,0,0
3323,2022-01-05,711.6004391514523,0.0859061042613327,0.9963032375991964,0.1711770596101998,0.985240282501282,0.9749279121818236,-0.2225209339563143,0.0063025210714774,0,0,0,0,0,0
3324,2022-01-06,601.9123919687161,0.1030313790431787,0.9946781061893646,0.2049661139694953,0.9787690698649216,0.4338837391175582,-0.900968867902419,0.0058706306788869,0,0,0,0,0,0
3325,2022-01-07,631.4879368590989,0.1201261651823505,0.9927586335250792,0.2385125751940764,0.9711394088771652,-0.433883739117558,-0.9009688679024191,0.0054656365237319,0,0,0,0,0,0
3326,2022-01-08,703.8360169209984,0.1371854040566005,0.9905453876091832,0.2717767384711357,0.9623603298276544,-0.9749279121818236,-0.2225209339563146,0.0050860692310127,0,0,0,0,0,0
3327,2022-01-10,716.7033749230585,0.1711770596101998,0.985240282501282,0.3373010691361842,0.9413968285264122,0.0,1.0,0.0043976626339341,0,0,0,0,0,0
3328,2022-01-11,771.2849389497806,0.1880994176117975,0.9821499931752292,0.3694836834473831,0.9292372181882051,0.7818314824680298,0.6234898018587336,0.0040862038707351,0,0,0,0,0,0
3329,2022-01-12,655.7868812835203,0.2049661139694953,0.9787690698649216,0.4012289854475009,0.9159777842484876,0.9749279121818236,-0.2225209339563143,0.0037949292693038,0,0,0,0,0,0
3330,2022-01-13,665.1697654826512,0.2217721575564818,0.975098513039961,0.4324994021339788,0.901634220265486,0.4338837391175582,-0.900968867902419,0.0035226774101574,0,0,0,0,0,0
3331,2022-01-14,634.9845080874038,0.2385125751940764,0.9711394088771652,0.4632579225674917,0.88622350294858,-0.433883739117558,-0.9009688679024191,0.0032683427650369,0,0,0,0,0,0
3332,2022-01-15,755.7619011941676,0.2551824131233728,0.966892928939152,0.4934681416772373,0.8697638720650646,-0.9749279121818236,-0.2225209339563146,0.0030308737915416,0,0,0,0,0,0
3333,2022-01-17,677.9790961801891,0.2882906407095177,0.957542952811672,0.5521013427459208,0.8337770129585915,0.0,1.0,0.0026025852527254,0,0,0,0,0,0
3334,2022-01-18,683.7786144504706,0.3047192331091634,0.9524422234305676,0.580454927809098,0.8142923779467267,0.7818314824680298,0.6234898018587336,0.0024099155339509,0,0,0,0,0,0
3335,2022-01-19,737.4965805996904,0.321057654185271,0.9470596510722284,0.6081214998935418,0.7938439653781019,0.9749279121818236,-0.2225209339563143,0.0022304074712809,0,0,0,0,0,0
3336,2022-01-20,667.0461066520099,0.3373010691361842,0.9413968285264122,0.6350683134867438,0.7724559775191742,0.4338837391175582,-0.900968867902419,0.0020632513354787,0,0,0,0,0,0
3337,2022-01-21,738.9931869646936,0.3534446712740877,0.9354554315134164,0.6612634749656386,0.7501537286959042,-0.433883739117558,-0.9009688679024191,0.0019076802879754,0,0,0,0,0,0
3338,2022-01-22,896.2840107787734,0.3694836834473831,0.9292372181882051,0.6866759803451553,0.726963615332308,-0.9749279121818236,-0.2225209339563146,0.0017629686236867,0,0,0,0,0,0
3339,2022-01-24,696.548652657408,0.4012289854475009,0.9159777842484876,0.7350336741329412,0.6780306024735382,0.0,1.0,0.0015034159919344,0,0,0,0,0,0
3340,2022-01-25,773.9072721107309,0.4169258813287287,0.908940487313808,0.7579216274973472,0.6523456189565257,0.7818314824680298,0.6234898018587336,0.0013873139624241,0,0,0,0,0,0
3341,2022-01-26,678.2736114360471,0.4324994021339788,0.901634220265486,0.7799125224167177,0.6258885343075018,0.9749279121818236,-0.2225209339563143,0.0012795459378999,0,0,0,0,0,0
3342,2022-01-27,684.8289916484788,0.4479449394078911,0.8940611451454876,0.8009803309782905,0.5986906625177214,0.4338837391175582,-0.900968867902419,0.0011795668021961,0,0,0,0,0,0
3343,2022-01-28,705.8844352046299,0.4632579225674917,0.88622350294858,0.8211001178128892,0.5707841943569036,-0.433883739117558,-0.9009688679024191,0.0010868628230603,0,0,0,0,0,0
3344,2022-01-29,830.2526364735909,0.4784338202547012,0.8781236129591848,0.8402480696078469,0.5422021592729844,-0.9749279121818236,-0.2225209339563146,0.0010009501745566,0,0,0,0,0,0
3345,2022-01-30,969.312985361366,0.4934681416772373,0.8697638720650646,0.8584015232918917,0.512978386299228,-0.7818314824680299,0.6234898018587334,0.0009213735043575,0,0,0,0,0,0
3346,2022-02-04,739.4271326018281,0.5663619330814524,0.8241566360566663,0.9335418911179212,0.3584683215124808,-0.433883739117558,-0.9009688679024191,0.0006044147037595,0,0,0,0,0,0
3347,2022-02-05,852.7540695468073,0.580454927809098,0.8142923779467267,0.945320046913132,0.3261441535642696,-0.9749279121818236,-0.2225209339563146,0.000554717008343,0,0,0,0,0,0
3348,2022-02-07,763.0479643130775,0.6081214998935418,0.7938439653781019,0.9655071658143364,0.2603764827344581,0.0,1.0,0.0004665530201723,0,0,0,0,0,0
3349,2022-02-08,838.9731936457117,0.6216868902665479,0.7832658619336791,0.9738922359149924,0.2270108209414184,0.7818314824680298,0.6234898018587336,0.0004275570451654,0,0,0,0,0,0
3350,2022-02-09,954.7309252163592,0.6350683134867438,0.7724559775191742,0.981124629771712,0.1933764744102058,0.9749279121818236,-0.2225209339563143,0.0003916270330904,0,0,0,0,0,0
3351,2022-02-10,765.4109845605958,0.6482618097757122,0.7614175109532997,0.9871957872910084,0.1595132519726365,0.4338837391175582,-0.900968867902419,0.0003585393208955,0,0,0,0,0,0
3352,2022-02-11,801.0221849871457,0.6612634749656386,0.7501537286959042,0.992098522791769,0.1254612333527364,-0.433883739117558,-0.9009688679024191,0.0003280850598723,0,0,0,0,0,0
3353,2022-02-12,761.311612016166,0.6740694616546161,0.7386679638813748,0.9958270335100596,0.0912607217293118,-0.9749279121818236,-0.2225209339563146,0.0003000693589348,0,0,0,0,0,0
3354,2022-02-14,788.5038217269506,0.6990793005655562,0.7150441465537444,0.9997451236925734,0.0225762630415454,0.0,1.0,0.0002805480820737,0,0,0,0,0,0
3355,2022-02-15,759.2235881019508,0.7112757519738152,0.7029130847082615,0.9999300657962056,-0.0118263906918325,0.7818314824680298,0.6234898018587336,0.0003068548257635,0,0,0,0,0,0
3356,2022-02-16,798.6143703413538,0.7232617254437388,0.6905740195722294,0.9989315138848576,-0.0462150469837083,0.9749279121818236,-0.2225209339563143,0.0003354626279025,0,0,0,0,0,0
3357,2022-02-17,749.6308985911686,0.7350336741329412,0.6780306024735382,0.9967506498213928,-0.0805490042187416,0.4338837391175582,-0.900968867902419,0.0003665564497251,0,0,0,0,0,0
3358,2022-02-18,702.2806708639546,0.746588114532413,0.6652865452111116,0.9933900548258936,-0.114787625522127,-0.433883739117558,-0.9009688679024191,0.0004003345935883,0,0,0,0,0,0
3359,2022-02-19,843.9209801742627,0.7579216274973472,0.6523456189565257,0.9888537064205885,-0.1488903868564548,-0.9749279121818236,-0.2225209339563146,0.0004370095298997,0,0,0,0,0,0
3360,2022-02-21,730.2651585209017,0.7799125224167177,0.6258885343075018,0.976276611086932,-0.2165270852448143,0.0,1.0,0.0005199757432558,0,0,0,0,0,0
3361,2022-02-22,860.7420393523984,0.7905633969115482,0.612380204990065,0.9682507501166718,-0.2499809690726521,0.7818314824680298,0.6234898018587336,0.0005667708074866,0,0,0,0,0,0
3362,2022-02-23,732.9020899229414,0.8009803309782905,0.5986906625177214,0.9590788900341132,-0.2831389812281835,0.9749279121818236,-0.2225209339563143,0.0006174721799374,0,0,0,0,0,0
3363,2022-02-24,789.1552158152952,0.8111602420785621,0.5848239578463322,0.9487718864399473,-0.3159618766579029,0.4338837391175582,-0.900968867902419,0.0006723770032408,0,0,0,0,0,0
3364,2022-02-25,830.8466213068556,0.8211001178128892,0.5707841943569036,0.9373419384643772,-0.3484108069446808,-0.433883739117558,-0.9009688679024191,0.0007318024188804,0,0,0,0,0,0
3365,2022-02-26,774.7025832978733,0.8307970168121247,0.5565755266413303,0.9248025743285088,-0.3804473662878516,-0.9749279121818236,-0.2225209339563146,0.0007960866914957,0,0,0,0,0,0
3366,2022-02-28,735.7047734679533,0.8494504794814806,0.527668345562516,0.8964562582905575,-0.4431322341826345,0.0,1.0,0.0009406975448679,0,0,0,0,0,0
3367,2022-03-01,803.6533495366854,0.8584015232918917,0.512978386299228,0.8806828564301475,-0.47370635037968,0.7818314824680298,0.6234898018587336,0.0010218170249252,0,0,0,0,0,0
3368,2022-03-02,893.3411838373579,0.8670985522812081,0.4981366284784055,0.8638670987837349,-0.503719798736334,0.9749279121818236,-0.2225209339563143,0.0011093837286151,0,0,0,0,0,0
3369,2022-03-03,779.9134015525266,0.8755389928586302,0.4831474640149687,0.8460288880917339,-0.533137056031809,0.4338837391175582,-0.900968867902419,0.0012038599948282,0,0,0,0,0,0
3370,2022-03-04,856.4808993807073,0.8837203473619977,0.4680153284438345,0.8271893372462497,-0.5619233046832195,-0.433883739117558,-0.9009688679024191,0.0013057369899986,0,0,0,0,0,0
3371,2022-03-05,782.1119099676731,0.8916401947968874,0.452744699607371,0.8073707443023492,-0.5900444739548627,-0.9749279121818236,-0.2225209339563146,0.0014155361520939,0,0,0,0,0,0
3372,2022-03-07,767.9561220737836,0.9066860720977984,0.4218060770826634,0.7648913904341226,-0.6441592666722685,0.0,1.0,0.0016611470627641,0,0,0,0,0,0
3373,2022-03-08,756.0965906588943,0.9138076496466616,0.4061472386305788,0.742280907086982,-0.6700888411055113,0.7818314824680298,0.6234898018587336,0.0017981666618475,0,0,0,0,0,0
3374,2022-03-09,734.0049365866008,0.9206588168102428,0.3903682146763026,0.7187918772884232,-0.6952253139408722,0.9749279121818236,-0.2225209339563143,0.0019455273214659,0,0,0,0,0,0
3375,2022-03-10,878.4118600790283,0.9272375462179536,0.374473674486883,0.6944521021088763,-0.719538934232584,0.4338837391175582,-0.900968867902419,0.0021039250291307,0,0,0,0,0,0
3376,2022-03-11,884.8721222963346,0.9335418911179212,0.3584683215124808,0.6692903895412567,-0.7430009249440493,-0.433883739117558,-0.9009688679024191,0.0022740956104016,0,0,0,0,0,0
3377,2022-03-12,851.1692706705014,0.9395699859530622,0.342356891994542,0.6433365204044917,-0.765583517007675,-0.9749279121818236,-0.2225209339563146,0.0024568164604892,0,0,0,0,0,0
3378,2022-03-14,904.5035789003184,0.9507903724625832,0.3098349038318025,0.5891760872322963,-0.8080046647350754,0.0,1.0,0.0028632370196305,0,0,0,0,0,0
3379,2022-03-15,800.7622266086662,0.9559793438440766,0.2934339689665273,0.5610336262283677,-0.8277930117131022,0.7818314824680298,0.6234898018587336,0.0030887154082367,0,0,0,0,0,0
3380,2022-03-16,825.5095750801348,0.9608854255574976,0.2769462022689364,0.5322271388474397,-0.8466016020976267,0.9749279121818236,-0.2225209339563143,0.0033303050984696,0,0,0,0,0,0
3381,2022-03-17,833.2407276493152,0.9655071658143364,0.2603764827344581,0.5027907197793043,-0.8644081744776648,0.4338837391175582,-0.900968867902419,0.0035890183886718,0,0,0,0,0,0
3382,2022-03-18,843.5265280823849,0.969843196967294,0.2437297136096838,0.4727592092862775,-0.881191653407483,-0.433883739117558,-0.9009688679024191,0.0038659201394728,0,0,0,0,0,0
3383,2022-03-19,859.6725177929519,0.9738922359149924,0.2270108209414184,0.442168151967072,-0.8969321743510065,-0.9749279121818236,-0.2225209339563146,0.0041621296730796,0,0,0,0,0,0
3384,2022-03-21,936.4052620612248,0.981124629771712,0.1933764744102058,0.3794528437245443,-0.925211078289358,0.0,1.0,0.0048172331281061,0,0,0,0,0,0
3385,2022-03-22,904.4028037918256,0.984305844499033,0.1764709734915216,0.3474028211842774,-0.9377159910299092,0.7818314824680298,0.6234898018587336,0.0051786551677508,0,0,0,0,0,0
3386,2022-03-23,853.3959672928771,0.9871957872910084,0.1595132519726365,0.3149416207289519,-0.9491110448902284,0.9749279121818236,-0.2225209339563143,0.0055644450277938,0,0,0,0,0,0
3387,2022-03-24,875.3435671322532,0.9897936029670716,0.1425083279161708,0.2821076626819194,-0.9593827529490744,0.4338837391175582,-0.900968867902419,0.0059760228950059,0,0,0,0,0,0
3388,2022-03-25,942.0874009913456,0.992098522791769,0.1254612333527364,0.2489398085537665,-0.9685189578512204,-0.433883739117558,-0.9009688679024191,0.0064148747704495,0,0,0,0,0,0
3389,2022-03-26,901.6920074821088,0.9941098647022418,0.108377012791876,0.2154773150467301,-0.976508846196619,-0.9749279121818236,-0.2225209339563146,0.0068825542952156,0,0,0,0,0,0
3390,2022-03-28,911.279996498985,0.9972495210773452,0.0741174251509443,0.1478271334705304,-0.9890132145779884,0.0,1.0,0.0079109597339302,0,0,0,0,0,0
3391,2022-03-29,924.1595894118252,0.998376906467142,0.0569521960340397,0.1137195145859496,-0.9935128947338008,0.7818314824680298,0.6234898018587336,0.0084751469727328,0,0,0,0,0,0
3392,2022-03-30,971.5399450458456,0.9992088560679752,0.0397701138460557,0.0794772999236209,-0.9968366760893436,0.9749279121818236,-0.2225209339563143,0.0090750878156515,0,0,0,0,0,0
3393,2022-03-31,946.7935897590228,0.9997451236925734,0.0225762630415454,0.0451410177739719,-0.998980624694158,0.4338837391175582,-0.900968867902419,0.0097126998429016,0,0,0,0,0,0
3394,2022-04-01,918.2720217852876,0.9999855506507186,0.0053757315575838,0.0107513077635219,-0.9999422030204416,-0.433883739117558,-0.9009688679024191,0.0103899781147773,0,0,0,0,0,0
3395,2022-04-02,999.4830340051452,0.9999300657962056,-0.0118263906918325,-0.0236511272452315,-0.9997202729664084,-0.9749279121818236,-0.2225209339563146,0.0111089965382423,0,0,0,0,0,0
3396,2022-04-04,965.0360959612356,0.9989315138848576,-0.0462150469837083,-0.0923313336953912,-0.9957283388645872,0.0,1.0,0.0126809511496068,0,0,0,0,0,0
3397,2022-04-05,959.1283800811,0.9979887423155984,-0.0633914048695103,-0.1265278168386831,-0.9919630595773395,0.7818314824680298,0.6234898018587336,0.0135384401366523,0,0,0,0,0,0
3398,2022-04-06,886.5811702850574,0.9967506498213928,-0.0805490042187416,-0.1605745445949937,-0.9870237158387384,0.9749279121818236,-0.2225209339563143,0.0144467767640457,0,0,0,0,0,0
3399,2022-04-07,927.1433630756214,0.9952176027737294,-0.0976827678217159,-0.1944312200476619,-0.9809161537413774,0.4338837391175582,-0.900968867902419,0.0154084455711887,0,0,0,0,0,0
3400,2022-04-08,902.5900058213276,0.9933900548258936,-0.114787625522127,-0.2280577712215198,-0.9736476020539838,-0.433883739117558,-0.9009688679024191,0.0164260155188855,0,0,0,0,0,0
3401,2022-04-09,890.5176341207626,0.9912685467787256,-0.1318585157173911,-0.2614143985111562,-0.965226663665613,-0.9749279121818236,-0.2225209339563146,0.0175021403684067,0,0,0,0,0,0
3402,2022-04-11,891.6277531410631,0.986146248341595,-0.1658781989346314,-0.3271603271220951,-0.9449688462364056,0.0,1.0,0.0198410947443702,1,0,0,0,0,0
3403,2022-04-12,880.5971606111049,0.98314697372215,-0.1828169249850199,-0.3594718130884232,-0.9331559438780432,0.7818314824680298,0.6234898018587336,0.021109656453671,1,0,0,0,0,0
3404,2022-04-13,887.9325769485355,0.9798567700958664,-0.1997015525660636,-0.3913578365610259,-0.9202385798054076,0.9749279121818236,-0.2225209339563143,0.0224482367321429,1,0,0,0,0,0
3405,2022-04-14,853.6353614837304,0.976276611086932,-0.2165270852448143,-0.4227806579826773,-0.9062320427107696,0.4338837391175582,-0.900968867902419,0.0238599118793802,1,0,0,0,0,0
3406,2022-04-15,970.3859435145874,0.9724075561219968,-0.2332885440754551,-0.4537030860313442,-0.8911529104063088,-0.433883739117558,-0.9009688679024191,0.0253478407929008,1,0,0,0,0,0
3407,2022-04-16,961.5154150729428,0.9682507501166718,-0.2499809690726521,-0.4840885216389758,-0.8750190302029955,-0.9749279121818236,-0.2225209339563146,0.0269152637299154,1,0,0,0,0,0
3408,2022-04-18,898.205111622875,0.9590788900341132,-0.2831389812281835,-0.5431052396834317,-0.8396646346181327,0.0,1.0,0.0303019500674343,1,0,0,0,0,0
3409,2022-04-19,988.4281007748856,0.9540665500578388,-0.2995947563972602,-0.5716666713027052,-0.8204859638785327,0.7818314824680298,0.6234898018587336,0.0321280855748041,1,0,0,0,0,0
3410,2022-04-20,998.2022370148984,0.9487718864399473,-0.3159618766579029,-0.5995514915196489,-0.8003361849976323,0.9749279121818236,-0.2225209339563143,0.0340474547345993,1,0,0,0,0,0
3411,2022-04-21,938.9941758343348,0.9431964659565866,-0.3322354987159043,-0.6267266965083301,-0.7792391467859886,0.4338837391175582,-0.900968867902419,0.0360636756174023,1,0,0,0,0,0
3412,2022-04-22,944.2289756155418,0.9373419384643772,-0.3484108069446808,-0.65316012232693,-0.7572198192083127,-0.433883739117558,-0.9009688679024191,0.0381804338005357,1,0,0,0,0,0
3413,2022-04-23,905.6297390523182,0.9312100364121948,-0.3644830148102912,-0.6788204829862355,-0.734304263829602,-0.9749279121818236,-0.2225209339563146,0.0404014788741632,1,0,0,0,0,0
3414,2022-04-25,948.9834140206548,0.9181214482844364,-0.3962991372689181,-0.7277014757264236,-0.6858939875998223,0.0,1.0,0.0451717245647246,1,0,0,0,0,0
3415,2022-04-26,878.1320116623923,0.9111686353326632,-0.4120336369594263,-0.7508642533989489,-0.6604565640279754,0.7818314824680298,0.6234898018587336,0.0477287077631641,1,0,0,0,0,0
3416,2022-04-27,977.0590475737728,0.9039461929224012,-0.4276462092677746,-0.7731383255706026,-0.6342374393978054,0.9749279121818236,-0.2225209339563143,0.0504055333627536,1,0,0,0,0,0
3417,2022-04-28,861.8647293846558,0.8964562582905575,-0.4431322341826345,-0.7944973291665992,-0.6072676460566135,0.4338837391175582,-0.900968867902419,0.0532062053822325,1,0,0,0,0,0
3418,2022-04-29,854.3975904502139,0.8887010478292915,-0.4584871291400876,-0.8149159841660791,-0.5795791048257612,-0.433883739117558,-0.9009688679024191,0.0561347628341337,1,0,0,0,0,0
3419,2022-04-30,911.1252990025232,0.8806828564301475,-0.47370635037968,-0.8343701235229537,-0.5512045872199277,-0.9749279121818236,-0.2225209339563146,0.0591952734739325,1,0,0,0,0,0
3420,2022-05-02,884.8140744500297,0.8638670987837349,-0.503719798736334,-0.8702939222685674,-0.4925327287220543,0.0,1.0,0.0657285286165304,1,0,0,0,0,0
3421,2022-05-03,852.4706381050523,0.8550745085896932,-0.518505144391157,-0.886721063082993,-0.4623048304798108,0.7818314824680298,0.6234898018587336,0.0692094902133194,1,0,0,0,0,0
3422,2022-05-04,769.3765111943742,0.8460288880917339,-0.533137056031809,-0.9020987014301836,-0.4315297589714714,0.9749279121818236,-0.2225209339563143,0.0728388237369676,1,0,0,0,0,0
3423,2022-05-05,850.6055030664678,0.8367329140344921,-0.5476112038402312,-0.9164086366943458,-0.4002439388573056,0.4338837391175582,-0.900968867902419,0.0766206321804935,1,0,0,0,0,0
3424,2022-05-06,961.7244113909626,0.8271893372462497,-0.5619233046832195,-0.9296339319682696,-0.3684843993077793,-0.433883739117558,-0.9009688679024191,0.080559000939185,1,0,0,0,0,0
3425,2022-05-07,907.9273428382972,0.8174009818249189,-0.5760691233798758,-0.9417589340994617,-0.3362887301766828,-0.9749279121818236,-0.2225209339563146,0.0846579886225299,1,0,0,0,0,0
3426,2022-05-09,857.7849017881185,0.7971015927871943,-0.6038452208771035,-0.9626519747161488,-0.2707418984477642,0.0,1.0,0.093353863304629,1,0,0,0,0,0
3427,2022-05-10,850.2615991823967,0.7865965660866021,-0.6174672802835514,-0.97139528468375,-0.2374683155584684,0.7818314824680298,0.6234898018587336,0.0979586452573397,1,0,0,0,0,0
3428,2022-05-11,832.6758093158793,0.7758587728069828,-0.6309066211876704,-0.978988873740932,-0.2039136706831147,0.9749279121818236,-0.2225209339563143,0.1027398149024943,1,0,0,0,0,0
3429,2022-05-12,832.5608910032458,0.7648913904341226,-0.6441592666722685,-0.9854237542919524,-0.1701176783204905,0.4338837391175582,-0.900968867902419,0.1077011451900321,1,0,0,0,0,0
3430,2022-05-13,834.670814337633,0.753697664392914,-0.6572212950663319,-0.9906923101615608,-0.136120338622667,-0.433883739117558,-0.9009688679024191,0.1128463189671638,1,0,0,0,0,0
3431,2022-05-14,905.7049051152406,0.742280907086982,-0.6700888411055113,-0.994788305609327,-0.1019618900517457,-0.9749279121818236,-0.2225209339563146,0.1181789171817805,1,0,0,0,0,0
3432,2022-05-16,794.4361878560749,0.7187918772884232,-0.6952253139408722,-0.9994446170919858,-0.0333235257116313,0.0,1.0,0.1294201282977755,1,0,0,0,0,0
3433,2022-05-17,751.1061028507496,0.7067265555776158,-0.7074868024503348,-0.9999994220246924,0.0010751512827982,0.7818314824680298,0.6234898018587336,0.1353352832366127,1,0,0,0,0,0
3434,2022-05-18,738.1129156999226,0.6944521021088763,-0.719538934232584,-0.9993706508539968,0.0354725557531255,0.9749279121818236,-0.2225209339563143,0.1414509211393686,1,0,0,0,0,0
3435,2022-05-19,740.79860315715,0.6819721490904629,-0.7313781428679254,-0.9975590477788612,0.0698279757298708,0.4338837391175582,-0.900968867902419,0.1477699265043177,1,0,0,0,0,0
3436,2022-05-20,686.8018100830396,0.6692903895412567,-0.7430009249440493,-0.9945667569706336,0.1041007489354256,-0.433883739117558,-0.9009688679024191,0.1542950055015683,1,0,0,0,0,0
3437,2022-05-21,582.9948075096326,0.6564105761979381,-0.7544038410927472,-0.9903973200352558,0.1382503109109819,-0.9749279121818236,-0.2225209339563146,0.1610286725459804,0,1,0,0,0,0
3438,2022-05-23,557.8841053777033,0.6300720909843687,-0.7765366444428655,-0.9785481345802032,0.2060183203251708,0.0,1.0,0.1751307883451509,0,1,0,0,0,0
3439,2022-05-24,603.8467350552879,0.6166212130956382,-0.7872599821916922,-0.9708824104813836,0.239556559120927,0.7818314824680298,0.6234898018587336,0.1825031849518363,0,1,0,0,0,0
3440,2022-05-25,637.5982980663298,0.6029878670694714,-0.7977503570459932,-0.9620675724981452,0.2728112643340191,0.9749279121818236,-0.2225209339563143,0.1900920380007587,0,1,0,0,0,0
3441,2022-05-26,582.9875502329654,0.5891760872322963,-0.8080046647350754,-0.9521140536681102,0.3057430764672831,0.4338837391175582,-0.900968867902419,0.1978986990836146,0,1,0,0,0,0
3442,2022-05-27,599.2857041814086,0.5751899607119775,-0.8180198708443175,-0.9410336347451196,0.3383130181923076,-0.433883739117558,-0.9009688679024191,0.2059242464341987,0,1,0,0,0,0
3443,2022-05-28,615.114409378075,0.5610336262283677,-0.8277930117131022,-0.9288394302558068,0.3704825404820963,-0.9749279121818236,-0.2225209339563146,0.2141694715316088,0,1,0,0,0,0
3444,2022-05-30,635.4220433303725,0.5322271388474397,-0.8466016020976267,-0.9011686968561567,0.4334685453485363,0.0,1.0,0.2313206080041767,0,1,0,0,0,0
3445,2022-05-31,778.6984124478402,0.5175855102531889,-0.8556314858488706,-0.8857249183835637,0.4642104791518923,0.7818314824680298,0.6234898018587336,0.2402265507324824,0,1,0,0,0,0
3446,2022-06-01,701.2427993978657,0.5027907197793043,-0.8644081744776648,-0.8692328164574792,0.4944029842076181,0.9749279121818236,-0.2225209339563143,0.2493522087772961,0,1,0,0,0,0
3447,2022-06-02,742.0188479860876,0.4878471454423119,-0.8729290708206411,-0.8517119107469189,0.5240103253675756,0.4338837391175582,-0.900968867902419,0.258696746701885,0,1,0,0,0,0
3448,2022-06-03,781.1153561895687,0.4727592092862775,-0.881191653407483,-0.8331829385891785,0.5529974600700271,-0.433883739117558,-0.9009688679024191,0.2682589673008851,0,1,0,0,0,0
3449,2022-06-04,776.9229766247144,0.4575313760742512,-0.8891934772070711,-0.8136678304455991,0.5813300798152042,-0.9749279121818236,-0.2225209339563146,0.2780373004531941,0,1,0,0,0,0
3450,2022-06-06,749.6776828923518,0.4266740831899246,-0.9044054548343,-0.7717727365467837,0.6358984534680745,0.0,1.0,0.2982340961814215,0,1,0,0,0,0
3451,2022-06-07,803.3841650632497,0.4110537546870351,-0.911611107193024,-0.7494423368521953,0.6620696215153815,0.7818314824680298,0.6234898018587336,0.3086474612366189,0,1,0,0,0,0
3452,2022-06-08,768.7796280024984,0.3953117887649151,-0.9185469991587164,-0.7262249146041543,0.6874571793269664,0.9749279121818236,-0.2225209339563143,0.3192667256288431,0,1,0,0,0,0
3453,2022-06-09,673.3741598734395,0.3794528437245443,-0.925211078289358,-0.7021479494046978,0.7120310787787131,0.4338837391175582,-0.900968867902419,0.3300883075351398,0,1,0,0,0,0
3454,2022-06-10,612.9987018509311,0.3634816124829063,-0.9316013725767188,-0.6772399381909491,0.7357622347736527,-0.433883739117558,-0.9009688679024191,0.3411081980965921,0,1,0,0,0,0
3455,2022-06-11,531.7515777459494,0.3474028211842774,-0.9377159910299092,-0.6515303615068021,0.75862255966641,-0.9749279121818236,-0.2225209339563146,0.3523219549954969,0,1,0,0,0,0
3456,2022-06-13,730.8193500906613,0.3149416207289519,-0.9491110448902284,-0.5978291414589552,0.801623551065242,0.0,1.0,0.3753110988513995,0,1,0,0,0,0
3457,2022-06-14,827.0163979202398,0.2985688173637202,-0.9543881083175908,-0.5699010576127624,0.821713322596059,0.7818314824680298,0.6234898018587336,0.3870753885499897,0,1,0,0,0,0
3458,2022-06-15,719.3979166845942,0.2821076626819194,-0.9593827529490744,-0.5412984521036173,0.8408305333122887,0.9749279121818236,-0.2225209339563143,0.39901134372866,0,1,0,0,0,0
3459,2022-06-16,783.9628667886767,0.2655630278040559,-0.9640935007889756,-0.5120551783114646,0.8589525565270845,0.4338837391175582,-0.900968867902419,0.4111122905071874,0,1,0,0,0,0
3460,2022-06-17,618.251930758988,0.2489398085537665,-0.9685189578512204,-0.4822058478963526,0.8760579434344281,-0.433883739117558,-0.9009688679024191,0.4233711028530494,0,1,0,0,0,0
3461,2022-06-18,613.6330527975091,0.2322429240090701,-0.9726578145718654,-0.451785789832884,0.8921264484954345,-0.9749279121818236,-0.2225209339563146,0.4357802031543156,0,1,0,0,0,0
3462,2022-06-20,779.1791939206161,0.1986479428801711,-0.9800709131432666,-0.3893781415452015,0.9210779895789526,0.0,1.0,0.4610167107835354,0,1,0,0,0,0
3463,2022-06-21,754.7539406259605,0.1817597875913753,-0.9833429613388902,-0.3574644155648614,0.9339267592294762,0.7818314824680298,0.6234898018587336,0.473826726395364,0,1,0,0,0,0
3464,2022-06-22,788.0346157652211,0.1648178466571979,-0.9863240225317866,-0.3251276029999093,0.9456701548465688,0.9749279121818236,-0.2225209339563143,0.4867522559599717,0,1,0,0,0,0
3465,2022-06-23,805.0069591843836,0.1478271334705304,-0.9890132145779884,-0.2924059769510773,0.956294277219772,0.4338837391175582,-0.900968867902419,0.4997835137030315,0,1,0,0,0,0
3466,2022-06-24,750.199370637352,0.1307926758567592,-0.9914097417023038,-0.2593382659754056,0.9657865518844574,-0.433883739117558,-0.9009688679024191,0.5129102907232946,0,1,0,0,0,0
3467,2022-06-25,852.1598486571572,0.1137195145859496,-0.9935128947338008,-0.225963608248019,0.974135744004672,-0.9749279121818236,-0.2225209339563146,0.5261219640934566,0,1,0,0,0,0
3468,2022-06-27,646.5415360329413,0.0794772999236209,-0.9968366760893436,-0.1584517749608363,0.9873667175937016,0.0,1.0,0.5527555015877842,0,1,0,0,0,0
3469,2022-06-28,651.5119996115452,0.062318379354325,-0.998056320853012,-0.1243945048397999,0.9922328391893008,0.7818314824680298,0.6234898018587336,0.5661541495171976,0,1,0,0,0,0
3470,2022-06-29,585.8858796214206,0.0451410177739719,-0.998980624694158,-0.0901900042703451,0.99592457702866,0.9749279121818236,-0.2225209339563143,0.5795912885442627,0,1,0,0,0,0
3471,2022-06-30,951.055522933706,0.0279502982402103,-0.999609314096404,-0.0558787569053731,0.9984375616565666,0.4338837391175582,-0.900968867902419,0.5930544067956073,0,1,0,0,0,0
3472,2022-07-01,866.5272269151288,0.0107513077635219,-0.9999422030204416,-0.0215013727408137,0.999768818762748,-0.433883739117558,-0.9009688679024191,0.6065306597126334,0,0,1,0,0,0
3473,2022-07-02,813.4319691759241,-0.0064508641981051,-0.9999791929590824,0.0129014599494196,0.9999167727021951,-0.9749279121818236,-0.2225209339563146,0.6200068879809458,0,0,1,0,0,0
3474,2022-07-04,704.6115505709796,-0.0408443915432961,-0.9991655196610107,0.0816206154031905,0.996663471358916,0.0,1.0,0.6469051754643523,0,0,1,0,0,0
3475,2022-07-05,853.567396998221,-0.0580255693287803,-0.9983150972033183,0.1158556037694784,0.9932660666081418,0.7818314824680298,0.6234898018587336,0.6602995202173131,0,0,1,0,0,0
3476,2022-07-06,818.5534068947725,-0.0751895764147585,-0.9971692572470178,0.1499534681324453,0.9886930551971383,0.9749279121818236,-0.2225209339563143,0.6736384553447267,0,0,1,0,0,0
3477,2022-07-07,978.8412603431916,-0.0923313336953912,-0.9957283388645872,0.1838738510513275,0.9829498496360606,0.4338837391175582,-0.900968867902419,0.6869075574573877,0,0,1,0,0,0
3478,2022-07-08,730.558799125518,-0.1094457686489155,-0.993992768446958,0.2175766051482817,0.976043247449696,-0.433883739117558,-0.9009688679024191,0.7000922199176512,0,0,1,0,0,0
3479,2022-07-09,1092.8988409069138,-0.1265278168386831,-0.9919630595773395,0.2510218406258827,0.9679814231320734,-0.9749279121818236,-0.2225209339563146,0.71317767835549,0,0,1,0,0,0
3480,2022-07-11,847.5456072022015,-0.1605745445949937,-0.9870237158387384,0.3169817673505278,0.9484316312562208,0.0,1.0,0.7389912962803088,0,0,0,1,0,0
3481,2022-07-12,1152.2570476215085,-0.1775291491870349,-0.984115542601034,0.3494183899593976,0.936966802377855,0.7818314824680298,0.6234898018587336,0.751689380082437,0,0,0,1,0,0
3482,2022-07-13,928.8475668975389,-0.1944312200476619,-0.9809161537413774,0.3814414490727919,0.9243930013415552,0.9749279121818236,-0.2225209339563143,0.7642281651714905,0,0,0,1,0,0
3483,2022-07-14,1274.3684432947218,-0.2112757555821793,-0.9774264960104057,0.4130130429412807,0.9107251102063584,0.4338837391175582,-0.900968867902419,0.7765925101265281,0,0,0,1,0,0
3484,2022-07-15,1004.1594547272498,-0.2280577712215198,-0.9736476020539838,0.4440958041592176,0.8959793059709459,-0.433883739117558,-0.9009688679024191,0.7887672852587113,0,0,0,1,0,0
3485,2022-07-16,1144.5422283277526,-0.2447723008972595,-0.9695805901076308,0.4746529438919349,0.8801730414269229,-0.9749279121818236,-0.2225209339563146,0.8007374029168081,0,0,0,1,0,0
3486,2022-07-18,1367.6372069054366,-0.2779791393987801,-0.9605871111248128,0.5340463569360717,0.8454551961182272,0.0,1.0,0.8240037097874371,0,0,0,1,0,0
3487,2022-07-19,1141.0078179600805,-0.2944616217868012,-0.9556633054034704,0.5628123335824821,0.8265847065893737,0.7818314824680298,0.6234898018587336,0.835270211411272,0,0,0,1,0,0
3488,2022-07-20,1209.4904297417002,-0.3108569682435036,-0.9504567035349152,0.5909121786151564,0.8067358905889147,0.9749279121818236,-0.2225209339563143,0.8462727428586204,0,0,0,1,0,0
3489,2022-07-21,1143.2645445591631,-0.3271603271220951,-0.9449688462364056,0.6183126337097825,0.7859322407147274,0.4338837391175582,-0.900968867902419,0.8569968914352789,0,0,0,1,0,0
3490,2022-07-22,1434.8783793334248,-0.343366873996388,-0.939201357453208,0.6449812683237445,0.7641983796838971,-0.433883739117558,-0.9009688679024191,0.8674284731834108,0,0,0,1,0,0
3491,2022-07-23,1858.8136738190951,-0.3594718130884232,-0.9331559438780432,0.6708865180801582,0.7415600311898435,-0.9749279121818236,-0.2225209339563146,0.8775535639640376,0,0,0,1,0,0
3492,2022-07-25,1240.6002259211814,-0.3913578365610259,-0.9202385798054076,0.7202851594252706,0.6936780875245466,0.0,1.0,0.8968300597468688,0,0,0,1,0,0
3493,2022-07-26,1433.9596476842862,-0.4071294853542516,-0.9133704517637858,0.7437200839287408,0.6684911643103645,0.7818314824680298,0.6234898018587336,0.9059551911095096,0,0,0,1,0,0
3494,2022-07-27,1157.7321447209,-0.4227806579826773,-0.9062320427107696,0.7662747586044899,0.6425130304714689,0.9749279121818236,-0.2225209339563143,0.914721343722234,0,0,0,1,0,0
3495,2022-07-28,1264.1833757721777,-0.4383067230125192,-0.898825465016444,0.7879224882631226,0.6157744331240536,0.4338837391175582,-0.900968867902419,0.9231163463866358,0,0,0,1,0,0
3496,2022-07-29,1063.9962881393128,-0.4537030860313442,-0.8911529104063088,0.8086376511543126,0.5883070194512693,-0.433883739117558,-0.9009688679024191,0.9311284654622024,0,0,0,1,0,0
3497,2022-07-30,955.3374706629032,-0.4689651910076318,-0.8832166493127127,0.8283957292921138,0.5601432992463508,-0.9749279121818236,-0.2225209339563146,0.938746432156527,0,0,0,1,0,0
3498,2022-08-01,1183.9190352043076,-0.4990686026885319,-0.8665624788845385,0.8649482509584342,0.5018610596210326,0.0,1.0,0.9527573147659876,0,0,0,1,0,0
3499,2022-08-02,1049.3027908239983,-0.5139010013093103,-0.8578494977869301,0.8816994317707848,0.4718115217065765,0.7818314824680298,0.6234898018587336,0.9591302497107984,0,0,0,1,0,0
3500,2022-08-03,950.5791350878786,-0.5285813283559292,-0.8488826652214553,0.8974070536021568,0.4412035586269627,0.9749279121818236,-0.2225209339563143,0.9650691177896804,0,0,0,1,0,0
3501,2022-08-04,1083.3853946510578,-0.5431052396834317,-0.8396646346181327,0.912052525275964,0.4100733972568043,0.4338837391175582,-0.900968867902419,0.9705653490349352,0,0,0,1,0,0
3502,2022-08-05,1152.5628723873774,-0.5574684374327892,-0.8301981337405212,0.9256185127518922,0.3784578825324888,-0.433883739117558,-0.9009688679024191,0.975610980064846,0,0,0,1,0,0
3503,2022-08-08,897.9845834468694,-0.5995514915196489,-0.8003361849976323,0.9596855068649522,0.2810760180331286,0.0,1.0,0.987974130351234,0,0,0,1,0,0
3504,2022-08-09,831.3413994360286,-0.6132298262997502,-0.7899045386224707,0.968786046025684,0.2478983602727564,0.7818314824680298,0.6234898018587336,0.9911505004882848,0,0,0,1,0,0
3505,2022-08-10,1088.0222165790208,-0.6267266965083301,-0.7792391467859886,0.9767399525103048,0.214427295767511,0.9749279121818236,-0.2225209339563143,0.9938461733264412,0,0,0,1,0,0
3506,2022-08-11,976.6491934871428,-0.6400381082043503,-0.7683431655492202,0.9835378122597296,0.1807024400923929,0.4338837391175582,-0.900968867902419,0.9960571761381908,0,0,0,1,0,0
3507,2022-08-12,820.4464489837592,-0.65316012232693,-0.7572198192083127,0.9891715794849548,0.1467637092037396,-0.433883739117558,-0.9009688679024191,0.9977802450856064,0,0,0,1,0,0
3508,2022-08-13,1091.6874891643552,-0.666088855860977,-0.7458723993404063,0.993634586189866,0.112651272195629,-0.9749279121818236,-0.2225209339563146,0.9990128332490112,0,0,0,1,0,0
3509,2022-08-15,934.2150563048792,-0.6913512362094071,-0.722518835873311,0.9990285807311906,0.0440669363834491,0.0,1.0,1.0,0,0,0,1,0,0
3510,2022-08-16,964.030962559695,-0.7036774074790128,-0.7105196029692745,0.999953184360873,0.0096762124072308,0.7818314824680298,0.6234898018587336,0.9997531169004024,0,0,0,1,0,0
3511,2022-08-17,1063.72037857756,-0.7157953492826642,-0.6983101158835584,0.9996942666129788,-0.0247259641093823,0.9749279121818236,-0.2225209339563143,0.9990128332490112,0,0,0,1,0,0
3512,2022-08-18,924.6478544081788,-0.7277014757264236,-0.6858939875998223,0.998252133936544,-0.0590988755488295,0.4338837391175582,-0.900968867902419,0.9977802450856064,0,0,0,1,0,0
3513,2022-08-19,1113.69656113247,-0.7393922635959241,-0.673274892250183,0.9956284932063294,-0.093401838931009,-0.433883739117558,-0.9009688679024191,0.9960571761381908,0,0,0,1,0,0
3514,2022-08-20,1203.2340299750304,-0.7508642533989489,-0.6604565640279754,0.9918264497026016,-0.1275942540647218,-0.9749279121818236,-0.2225209339563146,0.9938461733264412,0,0,0,1,0,0
3515,2022-08-22,1009.9646950738432,-0.7731383255706026,-0.6342374393978054,0.9807065438204116,-0.1954857409322303,0.0,1.0,0.987974130351234,0,0,0,1,0,0
3516,2022-08-23,1246.6399467859287,-0.7839338166829201,-0.620844401650647,0.973401842704431,-0.2291044578781002,0.7818314824680298,0.6234898018587336,0.9843217347761178,0,0,0,1,0,0
3517,2022-08-24,1093.683299021522,-0.7944973291665992,-0.6072676460566135,0.9649450457625344,-0.2624520121057191,0.9749279121818236,-0.2225209339563143,0.9801986733067553,0,0,0,1,0,0
3518,2022-08-25,1095.9283829093988,-0.8048257371083452,-0.593511190196115,0.9553461622632788,-0.2954889342239821,0.4338837391175582,-0.900968867902419,0.975610980064846,0,0,0,1,0,0
3519,2022-08-26,1214.857341684064,-0.8149159841660791,-0.5795791048257612,0.9446165532223606,-0.3281761224987386,-0.433883739117558,-0.9009688679024191,0.9705653490349352,0,0,0,1,0,0
3520,2022-08-27,1148.525988526402,-0.8247650844733614,-0.5654755126737576,0.9327689179559782,-0.3604748891327019,-0.9749279121818236,-0.2225209339563146,0.9650691177896804,0,0,0,1,0,0
3521,2022-08-29,1516.2381916736674,-0.8437282590292712,-0.5367705514607103,0.905776965764254,-0.4237547501691298,0.0,1.0,0.9527573147659876,0,0,0,1,0,0
3522,2022-08-30,1294.8316167290886,-0.8528367217694595,-0.522177676659508,0.8906645958869751,-0.4546609479969567,0.7818314824680298,0.6234898018587336,0.9459594689067654,0,0,0,1,0,0
3523,2022-08-31,1414.1899217160094,-0.8616928164028521,-0.5074302810827518,0.8744980560685747,-0.4850290196805589,0.9749279121818236,-0.2225209339563143,0.938746432156527,0,0,0,1,0,0
3524,2022-09-01,1505.1000885484764,-0.8702939222685674,-0.4925327287220543,0.8572964806503138,-0.5148230222752145,0.4338837391175582,-0.900968867902419,0.9311284654622024,0,0,0,1,0,0
3525,2022-09-02,1482.974896723532,-0.8786374941610001,-0.4774894280028391,0.8390802290175676,-0.5440076922910431,-0.433883739117558,-0.9009688679024191,0.9231163463866358,0,0,0,1,0,0
3526,2022-09-03,1631.2708869280889,-0.886721063082993,-0.4623048304798108,0.8198708615029215,-0.5725484874300667,-0.9749279121818236,-0.2225209339563146,0.914721343722234,0,0,0,1,0,0
3527,2022-09-05,1783.612578057575,-0.9020987014301836,-0.4315297589714714,0.7785648703932891,-0.6275641342440474,0.0,1.0,0.8968300597468688,0,0,0,1,0,0
3528,2022-09-06,1766.575021076172,-0.9093882203647924,-0.4159483918249421,0.756517135610563,-0.6539738706764888,0.7818314824680298,0.6234898018587336,0.8873585302803527,0,0,0,1,0,0
3529,2022-09-07,1586.363798029615,-0.9164086366943458,-0.4002439388573056,0.733574004706797,-0.6796095788159788,0.9749279121818236,-0.2225209339563143,0.8775535639640376,0,0,0,1,0,0
3530,2022-09-08,1636.8316806579633,-0.923157872964704,-0.3844210472688554,0.709762632639161,-0.7044409168334328,0.4338837391175582,-0.900968867902419,0.8674284731834108,0,0,0,1,0,0
3531,2022-09-09,1307.3750130249036,-0.9296339319682696,-0.3684843993077793,0.6851112019949135,-0.72843849493357,-0.433883739117558,-0.9009688679024191,0.8569968914352789,0,0,0,1,0,0
3532,2022-09-13,2151.33645433678,-0.9527692922168512,-0.3036950375106588,0.578702611877601,-0.8155386483827991,0.7818314824680298,0.6234898018587336,0.8124878481707274,0,0,0,1,0,0
3533,2022-09-14,2141.363690512226,-0.9578523554276668,-0.2872609705505963,0.5503071945286527,-0.8349622695966589,0.9749279121818236,-0.2225209339563143,0.8007374029168081,0,0,0,1,0,0
3534,2022-09-15,1944.0866066940653,-0.9626519747161488,-0.2707418984477642,0.5212604463582784,-0.8533976488498011,0.4338837391175582,-0.900968867902419,0.7887672852587113,0,0,0,1,0,0
3535,2022-09-16,2065.3718361373963,-0.9671667297977312,-0.2541427094613622,0.4915967464233612,-0.8708229664552752,-0.433883739117558,-0.9009688679024191,0.7765925101265281,0,0,0,1,0,0
3536,2022-09-17,2124.8896486065432,-0.97139528468375,-0.2374683155584684,0.461351203990578,-0.8872175982116474,-0.9749279121818236,-0.2225209339563146,0.7642281651714905,0,0,0,1,0,0
3537,2022-09-19,2464.304215096393,-0.978988873740932,-0.2039136706831147,0.3992584296048835,-0.9168384298170764,0.0,1.0,0.7389912962803088,0,0,0,1,0,0
3538,2022-09-20,2367.584282631099,-0.9823516608469236,-0.1870433490699165,0.3674846892184069,-0.9300295711374188,0.7818314824680298,0.6234898018587336,0.7261490370736908,0,0,0,1,0,0
3539,2022-09-21,2009.6612545305024,-0.9854237542919524,-0.1701176783204905,0.3352760024840169,-0.9421199510456922,0.9749279121818236,-0.2225209339563143,0.71317767835549,0,0,0,1,0,0
3540,2022-09-22,1969.0078516410483,-0.9882042449941422,-0.15314166701312,0.3026704908556892,-0.9530952596488852,0.4338837391175582,-0.900968867902419,0.7000922199176512,0,0,0,1,0,0
3541,2022-09-23,1769.0391346964143,-0.9906923101615608,-0.136120338622667,0.2697067454601279,-0.962942506826501,-0.433883739117558,-0.9009688679024191,0.6869075574573877,0,0,0,1,0,0
3542,2022-09-24,1633.6594787750732,-0.9928872135356962,-0.1190587300340498,0.2364237814212129,-0.9716500376053584,-0.9749279121818236,-0.2225209339563146,0.6736384553447267,0,0,0,1,0,0
3543,2022-09-26,1698.2676163918306,-0.9963950238187232,-0.0848348779057653,0.1690581003831471,-0.9856060869814276,0.0,1.0,0.6469051754643523,0,0,0,1,0,0
3544,2022-09-27,1518.5917317839803,-0.9977068927101168,-0.0676827617545516,0.1350551158403456,-0.9908380875225532,0.7818314824680298,0.6234898018587336,0.6334696366573507,0,0,0,1,0,0
3545,2022-09-28,1451.9796826167192,-0.9987235240803972,-0.0505106171852228,0.1008922831974033,-0.9948973551031356,0.9749279121818236,-0.2225209339563143,0.6200068879809458,0,0,0,1,0,0
3546,2022-09-29,1485.9627057574717,-0.9994446170919858,-0.0333235257116313,0.0666100367900326,-0.9977790852682924,0.4338837391175582,-0.900968867902419,0.6065306597126334,0,0,0,1,0,0
3547,2022-09-30,1382.522687575506,-0.9998699583618592,-0.0161265732706577,0.0322489522893041,-0.9994798672690922,-0.433883739117558,-0.9009688679024191,0.5930544067956073,0,0,0,1,0,0
3548,2022-10-01,1396.617170183072,-0.9999994220246924,0.0010751512827982,-0.0021503013227746,-0.9999976880994382,-0.9749279121818236,-0.2225209339563146,0.5795912885442627,0,0,0,0,1,0
3549,2022-10-03,1846.1313229091827,-0.9993706508539968,0.0354725557531255,-0.0709004622609115,-0.9974833955766828,0.0,1.0,0.5527555015877842,0,0,0,0,1,0
3550,2022-10-04,1823.244336359144,-0.9986126020839734,0.052658056924614,-0.1051699984923495,-0.9944542580818482,0.7818314824680298,0.6234898018587336,0.5394075072376265,0,0,0,0,1,0
3551,2022-10-05,1572.3527953240705,-0.9975590477788612,0.0698279757298708,-0.1393150579548309,-0.9902481076109372,0.9749279121818236,-0.2225209339563143,0.5261219640934566,0,0,0,0,1,0
3552,2022-10-06,1016.4987782778228,-0.9962102997023295,0.0869772313136861,-0.1732952273485721,-0.9848699224660112,0.4338837391175582,-0.900968867902419,0.5129102907232946,0,0,0,0,1,0
3553,2022-10-07,1177.630357628054,-0.9945667569706336,0.1041007489354256,-0.2070702885338407,-0.9783260681421668,-0.433883739117558,-0.9009688679024191,0.4997835137030315,0,0,0,0,1,0
3554,2022-10-08,948.7874408507732,-0.9926289059345096,0.121193461470736,-0.2406002661322256,-0.9706242897934824,-0.9749279121818236,-0.2225209339563146,0.4867522559599717,0,0,0,0,1,0
3555,2022-10-10,1022.3586545436297,-0.9878726596350428,0.1552662498599956,-0.3067665664015059,-0.9517847833088268,0.0,1.0,0.4610167107835354,0,0,0,0,1,0
3556,2022-10-11,962.7734656880864,-0.9850556718215012,0.172236243027682,-0.3393245761752893,-0.9406693531754186,0.7818314824680298,0.6234898018587336,0.448331563940943,0,0,0,0,1,0
3557,2022-10-12,874.9425673039407,-0.981947190186646,0.1891552687200409,-0.3714809692572883,-0.9284405686308982,0.9749279121818236,-0.2225209339563143,0.4357802031543156,0,0,0,0,1,0
3558,2022-10-13,867.2158038772266,-0.9785481345802032,0.2060183203251708,-0.4031976860870853,-0.9151129033807908,0.4338837391175582,-0.900968867902419,0.4233711028530494,0,0,0,0,1,0
3559,2022-10-14,814.3255822737433,-0.9748595108374124,0.2228204077947995,-0.4344371874948622,-0.9007021317403184,-0.433883739117558,-0.9009688679024191,0.4111122905071874,0,0,0,0,1,0
3560,2022-10-15,927.316858023356,-0.9708824104813836,0.239556559120927,-0.4651624991319035,-0.8852253099642835,-0.9749279121818236,-0.2225209339563146,0.39901134372866,0,0,0,0,1,0
3561,2022-10-17,701.2534499504129,-0.9620675724981452,0.2728112643340191,-0.5249257416559593,-0.8511480281049478,0.0,1.0,0.3753110988513995,0,0,0,0,1,0
3562,2022-10-18,675.2922343813374,-0.957232443323312,0.2893199776186952,-0.5538929381563792,-0.8325879011014353,0.7818314824680298,0.6234898018587336,0.3637246969042016,0,0,0,0,1,0
3563,2022-10-19,655.4824267206145,-0.9521140536681102,0.3057430764672831,-0.5822045598324479,-0.8130423423846421,0.9749279121818236,-0.2225209339563143,0.3523219549954969,0,0,0,0,1,0
3564,2022-10-20,626.8583100752253,-0.9467139181463862,0.3220757010206104,-0.6098270977059321,-0.7925344856241648,0.4338837391175582,-0.900968867902419,0.3411081980965921,0,0,0,0,1,0
3565,2022-10-21,534.4637129254337,-0.9410336347451196,0.3383130181923076,-0.6367278583821979,-0.7710886034432227,-0.433883739117558,-0.9009688679024191,0.3300883075351398,0,0,0,0,0,1
3566,2022-10-22,556.2534887335985,-0.9350748843515574,0.3544502230989869,-0.6628750027453377,-0.7487300786901568,-0.9749279121818236,-0.2225209339563146,0.3192667256288431,0,0,0,0,0,1
3567,2022-10-24,546.9447321023775,-0.9223291176290545,0.3864052261209853,-0.7127855825108473,-0.7013820024527804,0.0,1.0,0.2982340961814215,0,0,0,0,0,1
3568,2022-10-25,638.3928153374609,-0.9155458729775467,0.4022135682368036,-0.7364899449095569,-0.6764484910524362,0.7818314824680298,0.6234898018587336,0.2880297924974456,0,0,0,0,0,1
3569,2022-10-26,644.7744364304396,-0.9084917035725082,0.4179028888867866,-0.7593226149052589,-0.6507143509201561,0.9749279121818236,-0.2225209339563143,0.2780373004531941,0,0,0,0,0,1
3570,2022-10-27,639.1247843021249,-0.9011686968561567,0.4334685453485363,-0.7812565682797488,-0.6242100403868479,0.4338837391175582,-0.900968867902419,0.2682589673008851,0,0,0,0,0,1
3571,2022-10-28,653.0450483789818,-0.8935790198239952,0.4489059314938798,-0.8022658445149573,-0.5969669293392242,-0.433883739117558,-0.9009688679024191,0.258696746701885,0,0,0,0,0,1
3572,2022-10-29,553.5856440051282,-0.8857249183835637,0.4642104791518923,-0.8223255775192096,-0.5690172620911411,-0.9749279121818236,-0.2225209339563146,0.2493522087772961,0,0,0,0,0,1
3573,2022-10-31,546.9179773820356,-0.8692328164574792,0.4944029842076181,-0.8595025968555411,-0.5111313784132033,0.0,1.0,0.2313206080041767,0,0,0,0,0,1
3574,2022-11-01,480.0622513902567,-0.8605996962501181,0.5092820071573356,-0.876575881330507,-0.4812636743715911,0.7818314824680298,0.6234898018587336,0.2226348658788909,0,0,0,0,0,1
3575,2022-11-02,452.6516685664817,-0.8517119107469189,0.5240103253675756,-0.8926116709398649,-0.4508263578163351,0.9749279121818236,-0.2225209339563143,0.2141694715316088,0,0,0,0,0,1
3576,2022-11-03,528.9927961603553,-0.8425720899866032,0.5385835804920232,-0.9075909860952636,-0.4198554536487849,0.4338837391175582,-0.900968867902419,0.2059242464341987,0,0,0,0,0,1
3577,2022-11-04,519.3097715447311,-0.8331829385891785,0.5529974600700271,-0.9214960976269942,-0.3883876183121974,-0.433883739117558,-0.9009688679024191,0.1978986990836146,0,0,0,0,0,1
3578,2022-11-05,576.8137157965665,-0.8235472349556007,0.5672476988027229,-0.9343105477678196,-0.3564600964060307,-0.9749279121818236,-0.2225209339563146,0.1900920380007587,0,0,0,0,0,1
3579,2022-11-07,519.8120736542566,-0.8035476485339116,0.5952404359043674,-0.9566081051665098,-0.2913776469287574,0.0,1.0,0.1751307883451509,0,0,0,0,0,1
3580,2022-11-08,450.2347368558485,-0.7931896839451843,0.6089746507720486,-0.9660648215530204,-0.2582997494341228,0.7818314824680298,0.6234898018587336,0.1679732367575336,0,0,0,0,0,1
3581,2022-11-09,461.6975773006963,-0.7825970017677834,0.6225286602431057,-0.9743781260415392,-0.2249161343518477,0.9749279121818236,-0.2225209339563143,0.1610286725459804,0,0,0,0,0,1
3582,2022-11-10,498.2126607777533,-0.7717727365467837,0.6358984534680745,-0.9815381791978468,-0.1912663137538222,0.4338837391175582,-0.900968867902419,0.1542950055015683,0,0,0,0,0,1
3583,2022-11-11,552.9490019461028,-0.7607200913564104,0.6490800741100398,-0.98753650654923,-0.1573901147866107,-0.433883739117558,-0.9009688679024191,0.1477699265043177,0,0,0,0,0,1
3584,2022-11-12,583.0723878240349,-0.7494423368521953,0.6620696215153815,-0.992366008614672,-0.1233276325329588,-0.9749279121818236,-0.2225209339563146,0.1414509211393686,0,0,0,0,0,1
3585,2022-11-14,529.7168336111988,-0.7262249146041543,0.6874571793269664,-0.998497062701478,-0.0548052531836224,0.0,1.0,0.1294201282977755,0,0,0,0,0,1
3586,2022-11-15,449.8203202718822,-0.7142921172691032,0.699847677146407,-0.999791358149542,-0.0204264575855568,0.7818314824680298,0.6234898018587336,0.1237024067768548,0,0,0,0,0,1
3587,2022-11-16,417.2599277077622,-0.7021479494046978,0.7120310787787131,-0.9999023237537764,0.0139765142935557,0.9749279121818236,-0.2225209339563143,0.1181789171817805,0,0,0,0,0,1
3588,2022-11-17,465.6397172715331,-0.6897960046655887,0.7240037789593305,-0.9988298281778684,0.0483629438947822,0.4338837391175582,-0.900968867902419,0.1128463189671638,0,0,0,0,0,1
3589,2022-11-18,650.3610390653082,-0.6772399381909491,0.7357622347736527,-0.996575140802686,0.082692132238239,-0.433883739117558,-0.9009688679024191,0.1077011451900321,0,0,0,0,0,1
3590,2022-11-19,557.2711258783422,-0.6644834655228552,0.7473029667054297,-0.9931409302238696,0.116923448093473,-0.9749279121818236,-0.2225209339563146,0.1027398149024943,0,0,0,0,0,1
3591,2022-11-21,458.6625951004225,-0.6383844591746642,0.769717664006921,-0.9827515893084884,0.1849305645685428,0.0,1.0,0.093353863304629,0,0,0,0,0,1
3592,2022-11-22,353.09808696249,-0.6250496486104377,0.7805849965070866,-0.9758087555546684,0.2186258735439368,0.7818314824680298,0.6234898018587336,0.0889216174593863,0,0,0,0,0,1
3593,2022-11-23,430.0701044457812,-0.6115298757991053,0.7912213413483807,-0.9677109772087537,0.2520624220102616,0.9749279121818236,-0.2225209339563143,0.0846579886225299,0,0,0,0,0,1
3594,2022-11-24,475.1161944510209,-0.5978291414589552,0.801623551065242,-0.9584678386132248,0.2852006352448972,0.4338837391175582,-0.900968867902419,0.080559000939185,0,0,0,0,0,1
3595,2022-11-25,607.2219484422358,-0.5839514998576998,0.8117885474764613,-0.948090279732366,0.3180012916278857,-0.433883739117558,-0.9009688679024191,0.0766206321804935,0,0,0,0,0,1
3596,2022-11-26,641.2645167757364,-0.5699010576127624,0.821713322596059,-0.936590583203982,0.3504255690637097,-0.9749279121818236,-0.2225209339563146,0.0728388237369676,0,0,0,0,0,1
3597,2022-11-28,452.79653645615775,-0.5412984521036173,0.8408305333122887,-0.9102805323268018,0.4139919715004559,0.0,1.0,0.0657285286165304,0,0,0,0,0,1
3598,2022-11-29,542.8478713781606,-0.5267547528105542,0.8500173118187018,-0.895501317943504,0.4450588607829839,0.7818314824680298,0.6234898018587336,0.0623918271307013,0,0,0,0,0,1
3599,2022-11-30,504.3186432968925,-0.5120551783114646,0.8589525565270845,-0.8796622089871292,0.4755989887288283,0.9749279121818236,-0.2225209339563143,0.0591952734739325,0,0,0,0,0,1
3600,2022-12-01,483.82567582969057,-0.4972040784469378,0.8676336233547726,-0.8627819522593745,0.5055762087514626,0.4338837391175582,-0.900968867902419,0.0561347628341337,0,0,0,0,0,1
3601,2022-12-02,638.3858075891399,-0.4822058478963526,0.8760579434344281,-0.8448805268402667,0.5349550405091192,-0.433883739117558,-0.9009688679024191,0.0532062053822325,0,0,0,0,0,1
3602,2022-12-03,677.9751880274816,-0.4670649248774303,0.8842230238742036,-0.8259791204413983,0.5637007118984807,-0.9749279121818236,-0.2225209339563146,0.0504055333627536,0,0,0,0,0,1
3603,2022-12-05,448.22153209534696,-0.4363729641045924,0.8997658785476209,-0.7852670068439961,0.6191572723971441,0.0,1.0,0.0451717245647246,0,0,0,0,0,1
3604,2022-12-06,384.13686960053167,-0.4208310085956556,0.9071390534005044,-0.7635044855580851,0.6458025244087264,0.7818314824680298,0.6234898018587336,0.0427306205788496,0,0,0,0,0,1
3605,2022-12-07,406.2620421092399,-0.4051645224207563,0.9142437912130223,-0.7408382980859317,0.6716834195431209,0.9749279121818236,-0.2225209339563143,0.0404014788741632,0,0,0,0,0,1
3606,2022-12-08,428.33029296153927,-0.3893781415452015,0.9210779895789526,-0.717295271600886,0.6967693257736101,0.4338837391175582,-0.900968867902419,0.0381804338005357,0,0,0,0,0,1
3607,2022-12-09,495.80605726003625,-0.3734765374130707,0.9276396261490468,-0.6929032710826029,0.7210305520038863,-0.433883739117558,-0.9009688679024191,0.0360636756174023,0,0,0,0,0,1
3608,2022-12-10,514.6570097171549,-0.3574644155648614,0.9339267592294762,-0.6676911663366994,0.7444383832097442,-0.9749279121818236,-0.2225209339563146,0.0340474547345993,0,0,0,0,0,1
3609,2022-12-12,439.3951712173868,-0.3251276029999093,0.9456701548465688,-0.6149269413476359,0.7885840835350667,0.0,1.0,0.0303019500674343,0,0,0,0,0,1
3610,2022-12-13,407.7090405120604,-0.3088124812662537,0.9511229423235356,-0.587437271616382,0.8092697028283593,0.7818314824680298,0.6234898018587336,0.0285655007845503,0,0,0,0,0,1
3611,2022-12-14,454.2725542405819,-0.2924059769510773,0.956294277219772,-0.5592523247663436,0.828997489286572,0.9749279121818236,-0.2225209339563143,0.0269152637299154,0,0,0,0,0,1
3612,2022-12-15,334.51942495782833,-0.2759129450029604,0.9611826292540836,-0.5304054598463659,0.8477440935595867,0.4338837391175582,-0.900968867902419,0.0253478407929008,0,0,0,0,0,1
3613,2022-12-16,444.3409778360688,-0.2593382659754056,0.9657865518844574,-0.5009308193361626,0.8654873276017396,-0.433883739117558,-0.9009688679024191,0.0238599118793802,0,0,0,0,0,1
3614,2022-12-17,510.3982456028509,-0.2426868445825954,0.9701046827361176,-0.4708632887360563,0.8822061909330864,-0.9749279121818236,-0.2225209339563146,0.0224482367321429,0,0,0,0,0,1
3615,2022-12-19,653.7203303117209,-0.2091735056463563,0.9778785428342386,-0.4090925658019766,0.9124928890712274,0.0,1.0,0.0198410947443702,0,0,0,0,0,1
3616,2022-12-20,457.1423010932824,-0.1923215052390948,0.9813319716704276,-0.3774624838618108,0.9260248772451376,0.7818314824680298,0.6234898018587336,0.0186395588695301,0,0,0,0,0,1
3617,2022-12-21,465.1461378238452,-0.1754125938042784,0.9844950085880858,-0.345385646087603,0.9384608438697104,0.9749279121818236,-0.2225209339563143,0.0175021403684067,0,0,0,0,0,1
3618,2022-12-22,482.2524571329645,-0.1584517749608363,0.9873667175937016,-0.3129000178799537,0.949786070023521,0.4338837391175582,-0.900968867902419,0.0164260155188855,0,0,0,0,0,1
3619,2022-12-23,511.792014492782,-0.141444067687942,0.989946248902378,-0.2800440484743445,0.9599871514317776,-0.433883739117558,-0.9009688679024191,0.0154084455711887,0,0,0,0,0,1
3620,2022-12-24,707.982517230614,-0.1243945048397999,0.9922328391893008,-0.2468566254334839,0.969052014331322,-0.9749279121818236,-0.2225209339563146,0.0144467767640457,0,0,0,0,0,1
3621,2022-12-26,655.4576287007794,-0.0901900042703451,0.99592457702866,-0.179644883710313,0.9837315262594304,0.0,1.0,0.0126809511496068,0,0,0,0,0,1
3622,2022-12-27,551.9205792033448,-0.0730451882110474,0.9973286321364752,-0.1457001152853506,0.9893288009584252,0.7818314824680298,0.6234898018587336,0.0118719091278277,0,0,0,0,0,1
3623,2022-12-28,468.0820247748571,-0.0558787569053731,0.9984375616565666,-0.1115828995860015,0.9937551290534204,0.9749279121818236,-0.2225209339563143,0.0111089965382423,0,0,0,0,0,1
3624,2022-12-29,491.36009479110896,-0.0386957901765268,0.999251037438848,-0.0773336169568209,0.9970052716452285,0.4338837391175582,-0.900968867902419,0.0103899781147773,0,0,0,0,0,1
3625,2022-12-30,375.3497265351489,-0.0215013727408137,0.999768818762748,-0.0429928040537219,0.9990753819405211,-0.433883739117558,-0.9009688679024191,0.0097126998429016,0,0,0,0,0,1
3626,2022-12-31,516.3337430854333,-0.0043005927029819,0.9999907524084426,-0.0086011058657144,0.999963009804806,-0.9749279121818236,-0.2225209339563146,0.0090750878156515,0,0,0,0,0,1
3627,2023-01-03,456.4983891373637,0.0515843668694083,0.9986686402879996,0.1030313790431787,0.9946781061893646,0.7818314824680298,0.6234898018587336,0.0072532058010343,0,0,0,0,0,0
3628,2023-01-04,435.4652715420751,0.0687554084811394,0.9976335468520452,0.1371854040566005,0.9905453876091832,0.9749279121818236,-0.2225209339563143,0.0067628442633904,0,0,0,0,0,0
3629,2023-01-05,454.8669322026639,0.0859061042613327,0.9963032375991964,0.1711770596101998,0.985240282501282,0.4338837391175582,-0.900968867902419,0.0063025210714774,0,0,0,0,0,0
3630,2023-01-06,429.5303704134329,0.1030313790431787,0.9946781061893646,0.2049661139694953,0.9787690698649216,-0.433883739117558,-0.9009688679024191,0.0058706306788869,0,0,0,0,0,0
3631,2023-01-07,446.4055486959931,0.1201261651823505,0.9927586335250792,0.2385125751940764,0.9711394088771652,-0.9749279121818236,-0.2225209339563146,0.0054656365237319,0,0,0,0,0,0
3632,2023-01-09,376.7138861755653,0.1542040475626894,0.988039023376751,0.3047192331091634,0.9524422234305676,0.0,1.0,0.0047305247785057,0,0,0,0,0,0
3633,2023-01-10,477.5490662964952,0.1711770596101998,0.985240282501282,0.3373010691361842,0.9413968285264122,0.7818314824680298,0.6234898018587336,0.0043976626339341,0,0,0,0,0,0
3634,2023-01-11,413.347728499588,0.1880994176117975,0.9821499931752292,0.3694836834473831,0.9292372181882051,0.9749279121818236,-0.2225209339563143,0.0040862038707351,0,0,0,0,0,0
3635,2023-01-12,464.0738146470271,0.2049661139694953,0.9787690698649216,0.4012289854475009,0.9159777842484876,0.4338837391175582,-0.900968867902419,0.0037949292693038,0,0,0,0,0,0
3636,2023-01-13,451.93764261739113,0.2217721575564818,0.975098513039961,0.4324994021339788,0.901634220265486,-0.433883739117558,-0.9009688679024191,0.0035226774101574,0,0,0,0,0,0
3637,2023-01-14,598.0905249633918,0.2385125751940764,0.9711394088771652,0.4632579225674917,0.88622350294858,-0.9749279121818236,-0.2225209339563146,0.0032683427650369,0,0,0,0,0,0
3638,2023-01-16,463.4941653989285,0.2717767384711357,0.9623603298276544,0.5230943033491326,0.8522748088519838,0.0,1.0,0.0028092710364807,0,0,0,0,0,0
3639,2023-01-17,404.1061807416688,0.2882906407095177,0.957542952811672,0.5521013427459208,0.8337770129585915,0.7818314824680298,0.6234898018587336,0.0026025852527254,0,0,0,0,0,0
3640,2023-01-18,449.13222867590576,0.3047192331091634,0.9524422234305676,0.580454927809098,0.8142923779467267,0.9749279121818236,-0.2225209339563143,0.0024099155339509,0,0,0,0,0,0
3641,2023-01-19,414.9715752615,0.321057654185271,0.9470596510722284,0.6081214998935418,0.7938439653781019,0.4338837391175582,-0.900968867902419,0.0022304074712809,0,0,0,0,0,0
3642,2023-01-20,508.44072731536215,0.3373010691361842,0.9413968285264122,0.6350683134867438,0.7724559775191742,-0.433883739117558,-0.9009688679024191,0.0020632513354787,0,0,0,0,0,0
3643,2023-01-21,505.1837031647872,0.3534446712740877,0.9354554315134164,0.6612634749656386,0.7501537286959042,-0.9749279121818236,-0.2225209339563146,0.0019076802879754,0,0,0,0,0,0
3644,2023-01-25,536.313688116846,0.4169258813287287,0.908940487313808,0.7579216274973472,0.6523456189565257,0.9749279121818236,-0.2225209339563143,0.0013873139624241,0,0,0,0,0,0
3645,2023-01-26,835.5143530600219,0.4324994021339788,0.901634220265486,0.7799125224167177,0.6258885343075018,0.4338837391175582,-0.900968867902419,0.0012795459378999,0,0,0,0,0,0
3646,2023-01-27,679.8645556877459,0.4479449394078911,0.8940611451454876,0.8009803309782905,0.5986906625177214,-0.433883739117558,-0.9009688679024191,0.0011795668021961,0,0,0,0,0,0
3647,2023-01-28,731.1027883244284,0.4632579225674917,0.88622350294858,0.8211001178128892,0.5707841943569036,-0.9749279121818236,-0.2225209339563146,0.0010868628230603,0,0,0,0,0,0
3648,2023-01-30,676.2431625910922,0.4934681416772373,0.8697638720650646,0.8584015232918917,0.512978386299228,0.0,1.0,0.0009213735043575,0,0,0,0,0,0
3649,2023-01-31,669.6626134748112,0.5083564379375122,0.8611467540480452,0.8755389928586302,0.4831474640149687,0.7818314824680298,0.6234898018587336,0.0008477045464715,0,0,0,0,0,0
3650,2023-02-01,499.8884979032598,0.5230943033491326,0.8522748088519838,0.8916401947968874,0.452744699607371,0.9749279121818236,-0.2225209339563143,0.0007795407797602,0,0,0,0,0,0
3651,2023-02-02,533.7396350413078,0.5376773767406141,0.8431506618282,0.9066860720977984,0.4218060770826634,0.4338837391175582,-0.900968867902419,0.0007165041324157,0,0,0,0,0,0
3652,2023-02-03,439.8909815477872,0.5521013427459208,0.8337770129585915,0.9206588168102428,0.3903682146763026,-0.433883739117558,-0.9009688679024191,0.000658239732409,0,0,0,0,0,0
3653,2023-02-04,420.6803354004314,0.5663619330814524,0.8241566360566663,0.9335418911179212,0.3584683215124808,-0.9749279121818236,-0.2225209339563146,0.0006044147037595,0,0,0,0,0,0
3654,2023-02-06,440.3258663341148,0.5943761565849831,0.804187157621448,0.9559793438440766,0.2934339689665273,0.0,1.0,0.0005088543328223,0,0,0,0,0,0
3655,2023-02-07,493.12963859600944,0.6081214998935418,0.7938439653781019,0.9655071658143364,0.2603764827344581,0.7818314824680298,0.6234898018587336,0.0004665530201723,0,0,0,0,0,0
3656,2023-02-08,420.1364172521668,0.6216868902665479,0.7832658619336791,0.9738922359149924,0.2270108209414184,0.9749279121818236,-0.2225209339563143,0.0004275570451654,0,0,0,0,0,0
3657,2023-02-09,441.365883796679,0.6350683134867438,0.7724559775191742,0.981124629771712,0.1933764744102058,0.4338837391175582,-0.900968867902419,0.0003916270330904,0,0,0,0,0,0
3658,2023-02-10,465.8730319138185,0.6482618097757122,0.7614175109532997,0.9871957872910084,0.1595132519726365,-0.433883739117558,-0.9009688679024191,0.0003585393208955,0,0,0,0,0,0
3659,2023-02-11,543.7176399325035,0.6612634749656386,0.7501537286959042,0.992098522791769,0.1254612333527364,-0.9749279121818236,-0.2225209339563146,0.0003280850598723,0,0,0,0,0,0
3660,2023-02-13,457.5253748843554,0.6866759803451553,0.726963615332308,0.998376906467142,0.0569521960340397,0.0,1.0,0.0002743104674934,0,0,0,0,0,0
3661,2023-02-14,612.4601379310345,0.6990793005655562,0.7150441465537444,0.9997451236925734,0.0225762630415454,0.7818314824680298,0.6234898018587336,0.0002805480820737,0,0,0,0,0,0
3662,2023-02-15,644.1949375065644,0.7112757519738152,0.7029130847082615,0.9999300657962056,-0.0118263906918325,0.9749279121818236,-0.2225209339563143,0.0003068548257635,0,0,0,0,0,0
3663,2023-02-16,556.4358657538821,0.7232617254437388,0.6905740195722294,0.9989315138848576,-0.0462150469837083,0.4338837391175582,-0.900968867902419,0.0003354626279025,0,0,0,0,0,0
3664,2023-02-17,523.1413236087213,0.7350336741329412,0.6780306024735382,0.9967506498213928,-0.0805490042187416,-0.433883739117558,-0.9009688679024191,0.0003665564497251,0,0,0,0,0,0
3665,2023-02-18,553.2068231398008,0.746588114532413,0.6652865452111116,0.9933900548258936,-0.114787625522127,-0.9749279121818236,-0.2225209339563146,0.0004003345935883,0,0,0,0,0,0
3666,2023-02-20,591.6064455756483,0.7690308592589181,0.6392116531380588,0.98314697372215,-0.1828169249850199,0.0,1.0,0.0004768087638956,0,0,0,0,0,0
3667,2023-02-21,532.3635524721212,0.7799125224167177,0.6258885343075018,0.976276611086932,-0.2165270852448143,0.7818314824680298,0.6234898018587336,0.0005199757432558,0,0,0,0,0,0
3668,2023-02-22,600.8819973953299,0.7905633969115482,0.612380204990065,0.9682507501166718,-0.2499809690726521,0.9749279121818236,-0.2225209339563143,0.0005667708074866,0,0,0,0,0,0
3669,2023-02-23,553.8288626097391,0.8009803309782905,0.5986906625177214,0.9590788900341132,-0.2831389812281835,0.4338837391175582,-0.900968867902419,0.0006174721799374,0,0,0,0,0,0
3670,2023-02-24,530.0762238097011,0.8111602420785621,0.5848239578463322,0.9487718864399473,-0.3159618766579029,-0.433883739117558,-0.9009688679024191,0.0006723770032408,0,0,0,0,0,0
3671,2023-02-25,574.0204228390622,0.8211001178128892,0.5707841943569036,0.9373419384643772,-0.3484108069446808,-0.9749279121818236,-0.2225209339563146,0.0007318024188804,0,0,0,0,0,0
3672,2023-02-27,602.4477365138729,0.8402480696078469,0.5422021592729844,0.9111686353326632,-0.4120336369594263,0.0,1.0,0.0008655903784247,0,0,0,0,0,0
3673,2023-02-28,585.4572204254719,0.8494504794814806,0.527668345562516,0.8964562582905575,-0.4431322341826345,0.7818314824680298,0.6234898018587336,0.0009406975448679,0,0,0,0,0,0
3674,2023-03-01,571.5436540890126,0.8584015232918917,0.512978386299228,0.8806828564301475,-0.47370635037968,0.9749279121818236,-0.2225209339563143,0.0010218170249252,0,0,0,0,0,0
3675,2023-03-02,690.1759516823533,0.8670985522812081,0.4981366284784055,0.8638670987837349,-0.503719798736334,0.4338837391175582,-0.900968867902419,0.0011093837286151,0,0,0,0,0,0
3676,2023-03-03,642.4907516903592,0.8755389928586302,0.4831474640149687,0.8460288880917339,-0.533137056031809,-0.433883739117558,-0.9009688679024191,0.0012038599948282,0,0,0,0,0,0
3677,2023-03-04,687.5331730124682,0.8837203473619977,0.4680153284438345,0.8271893372462497,-0.5619233046832195,-0.9749279121818236,-0.2225209339563146,0.0013057369899986,0,0,0,0,0,0
3678,2023-03-06,669.3084091713397,0.8992961915530253,0.4373400963303323,0.7865965660866021,-0.6174672802835514,0.0,1.0,0.0015338106793244,0,0,0,0,0,0
3679,2023-03-07,767.3027770025736,0.9066860720977984,0.4218060770826634,0.7648913904341226,-0.6441592666722685,0.7818314824680298,0.6234898018587336,0.0016611470627641,0,0,0,0,0,0
3680,2023-03-08,705.1390250735398,0.9138076496466616,0.4061472386305788,0.742280907086982,-0.6700888411055113,0.9749279121818236,-0.2225209339563143,0.0017981666618475,0,0,0,0,0,0
3681,2023-03-09,574.7225179526918,0.9206588168102428,0.3903682146763026,0.7187918772884232,-0.6952253139408722,0.4338837391175582,-0.900968867902419,0.0019455273214659,0,0,0,0,0,0
3682,2023-03-10,575.8991888835875,0.9272375462179536,0.374473674486883,0.6944521021088763,-0.719538934232584,-0.433883739117558,-0.9009688679024191,0.0021039250291307,0,0,0,0,0,0
3683,2023-03-11,705.2516194965962,0.9335418911179212,0.3584683215124808,0.6692903895412567,-0.7430009249440493,-0.9749279121818236,-0.2225209339563146,0.0022740956104016,0,0,0,0,0,0
3684,2023-03-13,629.865615704158,0.945320046913132,0.3261441535642696,0.6166212130956382,-0.7872599821916922,0.0,1.0,0.0026529083096449,0,0,0,0,0,0
3685,2023-03-14,570.5632615835743,0.9507903724625832,0.3098349038318025,0.5891760872322963,-0.8080046647350754,0.7818314824680298,0.6234898018587336,0.0028632370196305,0,0,0,0,0,0
3686,2023-03-15,600.272833193087,0.9559793438440766,0.2934339689665273,0.5610336262283677,-0.8277930117131022,0.9749279121818236,-0.2225209339563143,0.0030887154082367,0,0,0,0,0,0
3687,2023-03-16,556.312922095855,0.9608854255574976,0.2769462022689364,0.5322271388474397,-0.8466016020976267,0.4338837391175582,-0.900968867902419,0.0033303050984696,0,0,0,0,0,0
3688,2023-03-17,600.5440018281508,0.9655071658143364,0.2603764827344581,0.5027907197793043,-0.8644081744776648,-0.433883739117558,-0.9009688679024191,0.0035890183886718,0,0,0,0,0,0
3689,2023-03-18,634.3738957852432,0.969843196967294,0.2437297136096838,0.4727592092862775,-0.881191653407483,-0.9749279121818236,-0.2225209339563146,0.0038659201394728,0,0,0,0,0,0
3690,2023-03-20,554.7353110233777,0.977653084481664,0.2102247521189836,0.4110537546870351,-0.911611107193024,0.0,1.0,0.004478822680028,0,0,0,0,0,0
3691,2023-03-21,585.3615652386453,0.981124629771712,0.1933764744102058,0.3794528437245443,-0.925211078289358,0.7818314824680298,0.6234898018587336,0.0048172331281061,0,0,0,0,0,0
3692,2023-03-22,691.9131236779219,0.984305844499033,0.1764709734915216,0.3474028211842774,-0.9377159910299092,0.9749279121818236,-0.2225209339563143,0.0051786551677508,0,0,0,0,0,0
3693,2023-03-23,626.6822275519444,0.9871957872910084,0.1595132519726365,0.3149416207289519,-0.9491110448902284,0.4338837391175582,-0.900968867902419,0.0055644450277938,0,0,0,0,0,0
3694,2023-03-24,599.7993576094813,0.9897936029670716,0.1425083279161708,0.2821076626819194,-0.9593827529490744,-0.433883739117558,-0.9009688679024191,0.0059760228950059,0,0,0,0,0,0
3695,2023-03-25,556.1334029610603,0.992098522791769,0.1254612333527364,0.2489398085537665,-0.9685189578512204,-0.9749279121818236,-0.2225209339563146,0.0064148747704495,0,0,0,0,0,0
3696,2023-03-27,604.8440783316559,0.9958270335100596,0.0912607217293118,0.1817597875913753,-0.9833429613388902,0.0,1.0,0.0073806845376742,0,0,0,0,0,0
3697,2023-03-28,627.5065276322573,0.9972495210773452,0.0741174251509443,0.1478271334705304,-0.9890132145779884,0.7818314824680298,0.6234898018587336,0.0079109597339302,0,0,0,0,0,0
3698,2023-03-29,576.3505144372311,0.998376906467142,0.0569521960340397,0.1137195145859496,-0.9935128947338008,0.9749279121818236,-0.2225209339563143,0.0084751469727328,0,0,0,0,0,0
3699,2023-03-30,568.8506342663235,0.9992088560679752,0.0397701138460557,0.0794772999236209,-0.9968366760893436,0.4338837391175582,-0.900968867902419,0.0090750878156515,0,0,0,0,0,0
3700,2023-03-31,615.3033315209948,0.9997451236925734,0.0225762630415454,0.0451410177739719,-0.998980624694158,-0.433883739117558,-0.9009688679024191,0.0097126998429016,0,0,0,0,0,0
3701,2023-04-01,732.3913548686962,0.9999855506507186,0.0053757315575838,0.0107513077635219,-0.9999422030204416,-0.9749279121818236,-0.2225209339563146,0.0103899781147773,0,0,0,0,0,0
3702,2023-04-03,1017.211167088464,0.9995786855478958,-0.0290250133219752,-0.0580255693287803,-0.9983150972033183,0.0,1.0,0.0118719091278277,0,0,0,0,0,0
3703,2023-04-04,934.4997317649086,0.9989315138848576,-0.0462150469837083,-0.0923313336953912,-0.9957283388645872,0.7818314824680298,0.6234898018587336,0.0126809511496068,0,0,0,0,0,0
3704,2023-04-05,843.1741469860249,0.9979887423155984,-0.0633914048695103,-0.1265278168386831,-0.9919630595773395,0.9749279121818236,-0.2225209339563143,0.0135384401366523,0,0,0,0,0,0
3705,2023-04-06,897.1650924322214,0.9967506498213928,-0.0805490042187416,-0.1605745445949937,-0.9870237158387384,0.4338837391175582,-0.900968867902419,0.0144467767640457,0,0,0,0,0,0
3706,2023-04-07,1005.051153720798,0.9952176027737294,-0.0976827678217159,-0.1944312200476619,-0.9809161537413774,-0.433883739117558,-0.9009688679024191,0.0154084455711887,0,0,0,0,0,0
3707,2023-04-08,828.4410936388421,0.9933900548258936,-0.114787625522127,-0.2280577712215198,-0.9736476020539838,-0.9749279121818236,-0.2225209339563146,0.0164260155188855,0,0,0,0,0,0
3708,2023-04-10,719.1049122827926,0.9888537064205885,-0.1488903868564548,-0.2944616217868012,-0.9556633054034704,0.0,1.0,0.0186395588695301,0,0,0,0,0,0
3709,2023-04-11,745.2843504593749,0.986146248341595,-0.1658781989346314,-0.3271603271220951,-0.9449688462364056,0.7818314824680298,0.6234898018587336,0.0198410947443702,1,0,0,0,0,0
3710,2023-04-12,697.4905563909774,0.98314697372215,-0.1828169249850199,-0.3594718130884232,-0.9331559438780432,0.9749279121818236,-0.2225209339563143,0.021109656453671,1,0,0,0,0,0
3711,2023-04-13,764.566827520941,0.9798567700958664,-0.1997015525660636,-0.3913578365610259,-0.9202385798054076,0.4338837391175582,-0.900968867902419,0.0224482367321429,1,0,0,0,0,0
3712,2023-04-14,806.4826065185055,0.976276611086932,-0.2165270852448143,-0.4227806579826773,-0.9062320427107696,-0.433883739117558,-0.9009688679024191,0.0238599118793802,1,0,0,0,0,0
3713,2023-04-15,928.8294296853074,0.9724075561219968,-0.2332885440754551,-0.4537030860313442,-0.8911529104063088,-0.9749279121818236,-0.2225209339563146,0.0253478407929008,1,0,0,0,0,0
3714,2023-04-17,766.3065736773608,0.9638074231367308,-0.2665994206792935,-0.5139010013093103,-0.8578494977869301,0.0,1.0,0.0285655007845503,1,0,0,0,0,0
3715,2023-04-18,740.1079315574748,0.9590788900341132,-0.2831389812281835,-0.5431052396834317,-0.8396646346181327,0.7818314824680298,0.6234898018587336,0.0303019500674343,1,0,0,0,0,0
3716,2023-04-19,686.5556214376,0.9540665500578388,-0.2995947563972602,-0.5716666713027052,-0.8204859638785327,0.9749279121818236,-0.2225209339563143,0.0321280855748041,1,0,0,0,0,0
3717,2023-04-20,645.7160906176706,0.9487718864399473,-0.3159618766579029,-0.5995514915196489,-0.8003361849976323,0.4338837391175582,-0.900968867902419,0.0340474547345993,1,0,0,0,0,0
3718,2023-04-21,690.3512270575615,0.9431964659565866,-0.3322354987159043,-0.6267266965083301,-0.7792391467859886,-0.433883739117558,-0.9009688679024191,0.0360636756174023,1,0,0,0,0,0
3719,2023-04-22,617.083726626386,0.9373419384643772,-0.3484108069446808,-0.65316012232693,-0.7572198192083127,-0.9749279121818236,-0.2225209339563146,0.0381804338005357,1,0,0,0,0,0
3720,2023-04-24,661.8377645088024,0.9248025743285088,-0.3804473662878516,-0.7036774074790128,-0.7105196029692745,0.0,1.0,0.0427306205788496,1,0,0,0,0,0
3721,2023-04-25,735.9064659741362,0.9181214482844364,-0.3962991372689181,-0.7277014757264236,-0.6858939875998223,0.7818314824680298,0.6234898018587336,0.0451717245647246,1,0,0,0,0,0
3722,2023-04-26,896.9745781138372,0.9111686353326632,-0.4120336369594263,-0.7508642533989489,-0.6604565640279754,0.9749279121818236,-0.2225209339563143,0.0477287077631641,1,0,0,0,0,0
3723,2023-04-27,946.1136703826528,0.9039461929224012,-0.4276462092677746,-0.7731383255706026,-0.6342374393978054,0.4338837391175582,-0.900968867902419,0.0504055333627536,1,0,0,0,0,0
3724,2023-04-28,796.4424684465355,0.8964562582905575,-0.4431322341826345,-0.7944973291665992,-0.6072676460566135,-0.433883739117558,-0.9009688679024191,0.0532062053822325,1,0,0,0,0,0
3725,2023-04-29,748.8298300583073,0.8887010478292915,-0.4584871291400876,-0.8149159841660791,-0.5795791048257612,-0.9749279121818236,-0.2225209339563146,0.0561347628341337,1,0,0,0,0,0
3726,2023-05-01,791.8897906912026,0.8724040568049612,-0.4887853942889926,-0.8528367217694595,-0.522177676659508,0.0,1.0,0.0623918271307013,1,0,0,0,0,0
3727,2023-05-02,904.6003538584176,0.8638670987837349,-0.503719798736334,-0.8702939222685674,-0.4925327287220543,0.7818314824680298,0.6234898018587336,0.0657285286165304,1,0,0,0,0,0
3728,2023-05-03,986.0716865956562,0.8550745085896932,-0.518505144391157,-0.886721063082993,-0.4623048304798108,0.9749279121818236,-0.2225209339563143,0.0692094902133194,1,0,0,0,0,0
3729,2023-05-04,912.8784874832792,0.8460288880917339,-0.533137056031809,-0.9020987014301836,-0.4315297589714714,0.4338837391175582,-0.900968867902419,0.0728388237369676,1,0,0,0,0,0
3730,2023-05-05,880.4012454229186,0.8367329140344921,-0.5476112038402312,-0.9164086366943458,-0.4002439388573056,-0.433883739117558,-0.9009688679024191,0.0766206321804935,1,0,0,0,0,0
3731,2023-05-06,1241.64124681435,0.8271893372462497,-0.5619233046832195,-0.9296339319682696,-0.3684843993077793,-0.9749279121818236,-0.2225209339563146,0.080559000939185,1,0,0,0,0,0
3732,2023-05-08,778.3201533678099,0.8073707443023492,-0.5900444739548627,-0.9527692922168512,-0.3036950375106588,0.0,1.0,0.0889216174593863,1,0,0,0,0,0
3733,2023-05-09,698.8588786774601,0.7971015927871943,-0.6038452208771035,-0.9626519747161488,-0.2707418984477642,0.7818314824680298,0.6234898018587336,0.093353863304629,1,0,0,0,0,0
3734,2023-05-10,715.141437452967,0.7865965660866021,-0.6174672802835514,-0.97139528468375,-0.2374683155584684,0.9749279121818236,-0.2225209339563143,0.0979586452573397,1,0,0,0,0,0
3735,2023-05-11,709.4420552855713,0.7758587728069828,-0.6309066211876704,-0.978988873740932,-0.2039136706831147,0.4338837391175582,-0.900968867902419,0.1027398149024943,1,0,0,0,0,0
3736,2023-05-12,659.7769424934153,0.7648913904341226,-0.6441592666722685,-0.9854237542919524,-0.1701176783204905,-0.433883739117558,-0.9009688679024191,0.1077011451900321,1,0,0,0,0,0
3737,2023-05-13,712.0656706680267,0.753697664392914,-0.6572212950663319,-0.9906923101615608,-0.136120338622667,-0.9749279121818236,-0.2225209339563146,0.1128463189671638,1,0,0,0,0,0
3738,2023-05-15,983.260584771154,0.7306444969184916,-0.6827580970759147,-0.9977068927101168,-0.0676827617545516,0.0,1.0,0.1237024067768548,1,0,0,0,0,0
3739,2023-05-16,1012.3965610757162,0.7187918772884232,-0.6952253139408722,-0.9994446170919858,-0.0333235257116313,0.7818314824680298,0.6234898018587336,0.1294201282977755,1,0,0,0,0,0
3740,2023-05-17,784.2444049733571,0.7067265555776158,-0.7074868024503348,-0.9999994220246924,0.0010751512827982,0.9749279121818236,-0.2225209339563143,0.1353352832366127,1,0,0,0,0,0
3741,2023-05-18,747.1819875617247,0.6944521021088763,-0.719538934232584,-0.9993706508539968,0.0354725557531255,0.4338837391175582,-0.900968867902419,0.1414509211393686,1,0,0,0,0,0
3742,2023-05-19,756.6809024084334,0.6819721490904629,-0.7313781428679254,-0.9975590477788612,0.0698279757298708,-0.433883739117558,-0.9009688679024191,0.1477699265043177,1,0,0,0,0,0
3743,2023-05-20,803.8688666267918,0.6692903895412567,-0.7430009249440493,-0.9945667569706336,0.1041007489354256,-0.9749279121818236,-0.2225209339563146,0.1542950055015683,1,0,0,0,0,0
3744,2023-05-22,570.3149631306336,0.6433365204044917,-0.765583517007675,-0.9850556718215012,0.172236243027682,0.0,1.0,0.1679732367575336,0,1,0,0,0,0
3745,2023-05-23,563.1375758062572,0.6300720909843687,-0.7765366444428655,-0.9785481345802032,0.2060183203251708,0.7818314824680298,0.6234898018587336,0.1751307883451509,0,1,0,0,0,0
3746,2023-05-24,492.1888059834206,0.6166212130956382,-0.7872599821916922,-0.9708824104813836,0.239556559120927,0.9749279121818236,-0.2225209339563143,0.1825031849518363,0,1,0,0,0,0
3747,2023-05-25,436.5671825076975,0.6029878670694714,-0.7977503570459932,-0.9620675724981452,0.2728112643340191,0.4338837391175582,-0.900968867902419,0.1900920380007587,0,1,0,0,0,0
3748,2023-05-26,494.3896873680886,0.5891760872322963,-0.8080046647350754,-0.9521140536681102,0.3057430764672831,-0.433883739117558,-0.9009688679024191,0.1978986990836146,0,1,0,0,0,0
3749,2023-05-27,666.867072950266,0.5751899607119775,-0.8180198708443175,-0.9410336347451196,0.3383130181923076,-0.9749279121818236,-0.2225209339563146,0.2059242464341987,0,1,0,0,0,0
3750,2023-05-29,877.0543590630257,0.5467112728685939,-0.8373211953118121,-0.9155458729775467,0.4022135682368036,0.0,1.0,0.2226348658788909,0,1,0,0,0,0
3751,2023-05-30,511.1442983276434,0.5322271388474397,-0.8466016020976267,-0.9011686968561567,0.4334685453485363,0.7818314824680298,0.6234898018587336,0.2313206080041767,0,1,0,0,0,0
3752,2023-05-31,590.4785254143775,0.5175855102531889,-0.8556314858488706,-0.8857249183835637,0.4642104791518923,0.9749279121818236,-0.2225209339563143,0.2402265507324824,0,1,0,0,0,0
3753,2023-06-01,793.917457090462,0.5027907197793043,-0.8644081744776648,-0.8692328164574792,0.4944029842076181,0.4338837391175582,-0.900968867902419,0.2493522087772961,0,1,0,0,0,0
3754,2023-06-02,693.1324541315446,0.4878471454423119,-0.8729290708206411,-0.8517119107469189,0.5240103253675756,-0.433883739117558,-0.9009688679024191,0.258696746701885,0,1,0,0,0,0
3755,2023-06-03,505.8537262210273,0.4727592092862775,-0.881191653407483,-0.8331829385891785,0.5529974600700271,-0.9749279121818236,-0.2225209339563146,0.2682589673008851,0,1,0,0,0,0
3756,2023-06-05,731.2248104222875,0.442168151967072,-0.8969321743510065,-0.7931896839451843,0.6089746507720486,0.0,1.0,0.2880297924974456,0,1,0,0,0,0
3757,2023-06-06,768.8391944761898,0.4266740831899246,-0.9044054548343,-0.7717727365467837,0.6358984534680745,0.7818314824680298,0.6234898018587336,0.2982340961814215,0,1,0,0,0,0
3758,2023-06-07,627.6837955209058,0.4110537546870351,-0.911611107193024,-0.7494423368521953,0.6620696215153815,0.9749279121818236,-0.2225209339563143,0.3086474612366189,0,1,0,0,0,0
3759,2023-06-08,740.8457739797441,0.3953117887649151,-0.9185469991587164,-0.7262249146041543,0.6874571793269664,0.4338837391175582,-0.900968867902419,0.3192667256288431,0,1,0,0,0,0
3760,2023-06-09,698.7880144653005,0.3794528437245443,-0.925211078289358,-0.7021479494046978,0.7120310787787131,-0.433883739117558,-0.9009688679024191,0.3300883075351398,0,1,0,0,0,0
3761,2023-06-10,808.4346518750934,0.3634816124829063,-0.9316013725767188,-0.6772399381909491,0.7357622347736527,-0.9749279121818236,-0.2225209339563146,0.3411081980965921,0,1,0,0,0,0
3762,2023-06-12,812.735031580353,0.3312212278016865,-0.9435531242349544,-0.6250496486104377,0.7805849965070866,0.0,1.0,0.3637246969042016,0,1,0,0,0,0
3763,2023-06-13,556.1824627893624,0.3149416207289519,-0.9491110448902284,-0.5978291414589552,0.801623551065242,0.7818314824680298,0.6234898018587336,0.3753110988513995,0,1,0,0,0,0
3764,2023-06-14,541.8579012101785,0.2985688173637202,-0.9543881083175908,-0.5699010576127624,0.821713322596059,0.9749279121818236,-0.2225209339563143,0.3870753885499897,0,1,0,0,0,0
3765,2023-06-15,771.3259109311741,0.2821076626819194,-0.9593827529490744,-0.5412984521036173,0.8408305333122887,0.4338837391175582,-0.900968867902419,0.39901134372866,0,1,0,0,0,0
3766,2023-06-16,884.2966424047163,0.2655630278040559,-0.9640935007889756,-0.5120551783114646,0.8589525565270845,-0.433883739117558,-0.9009688679024191,0.4111122905071874,0,1,0,0,0,0
3767,2023-06-17,615.9377618955905,0.2489398085537665,-0.9685189578512204,-0.4822058478963526,0.8760579434344281,-0.9749279121818236,-0.2225209339563146,0.4233711028530494,0,1,0,0,0,0
3768,2023-06-19,615.0633993523446,0.2154773150467301,-0.976508846196619,-0.4208310085956556,0.9071390534005044,0.0,1.0,0.448331563940943,0,1,0,0,0,0
3769,2023-06-20,596.1692932126701,0.1986479428801711,-0.9800709131432666,-0.3893781415452015,0.9210779895789526,0.7818314824680298,0.6234898018587336,0.4610167107835354,0,1,0,0,0,0
3770,2023-06-21,870.415797844142,0.1817597875913753,-0.9833429613388902,-0.3574644155648614,0.9339267592294762,0.9749279121818236,-0.2225209339563143,0.473826726395364,0,1,0,0,0,0
3771,2023-06-22,606.3888083604969,0.1648178466571979,-0.9863240225317866,-0.3251276029999093,0.9456701548465688,0.4338837391175582,-0.900968867902419,0.4867522559599717,0,1,0,0,0,0
3772,2023-06-23,449.2378088043287,0.1478271334705304,-0.9890132145779884,-0.2924059769510773,0.956294277219772,-0.433883739117558,-0.9009688679024191,0.4997835137030315,0,1,0,0,0,0
3773,2023-06-24,853.7287464618673,0.1307926758567592,-0.9914097417023038,-0.2593382659754056,0.9657865518844574,-0.9749279121818236,-0.2225209339563146,0.5129102907232946,0,1,0,0,0,0
3774,2023-06-26,754.2364545996198,0.0966127018812031,-0.9953220513156602,-0.1923215052390948,0.9813319716704276,0.0,1.0,0.5394075072376265,0,1,0,0,0,0
3775,2023-06-27,943.7002048713864,0.0794772999236209,-0.9968366760893436,-0.1584517749608363,0.9873667175937016,0.7818314824680298,0.6234898018587336,0.5527555015877842,0,1,0,0,0,0
3776,2023-06-28,566.9694286386355,0.062318379354325,-0.998056320853012,-0.1243945048397999,0.9922328391893008,0.9749279121818236,-0.2225209339563143,0.5661541495171976,0,1,0,0,0,0
3777,2023-06-29,478.5805116488127,0.0451410177739719,-0.998980624694158,-0.0901900042703451,0.99592457702866,0.4338837391175582,-0.900968867902419,0.5795912885442627,0,1,0,0,0,0
3778,2023-06-30,550.8168279475772,0.0279502982402103,-0.999609314096404,-0.0558787569053731,0.9984375616565666,-0.433883739117558,-0.9009688679024191,0.5930544067956073,0,1,0,0,0,0
3779,2023-07-01,540.214021251618,0.0107513077635219,-0.9999422030204416,-0.0215013727408137,0.999768818762748,-0.9749279121818236,-0.2225209339563146,0.6065306597126334,0,0,1,0,0,0
3780,2023-07-03,388.66440607329247,-0.0236511272452315,-0.9997202729664084,0.0472890227711323,0.9988812483600598,0.0,1.0,0.6334696366573507,0,0,1,0,0,0
3781,2023-07-04,348.06750368838345,-0.0408443915432961,-0.9991655196610107,0.0816206154031905,0.996663471358916,0.7818314824680298,0.6234898018587336,0.6469051754643523,0,0,1,0,0,0
3782,2023-07-05,413.496116983516,-0.0580255693287803,-0.9983150972033183,0.1158556037694784,0.9932660666081418,0.9749279121818236,-0.2225209339563143,0.6602995202173131,0,0,1,0,0,0
3783,2023-07-06,761.3847834468577,-0.0751895764147585,-0.9971692572470178,0.1499534681324453,0.9886930551971383,0.4338837391175582,-0.900968867902419,0.6736384553447267,0,0,1,0,0,0
3784,2023-07-07,334.72871295911744,-0.0923313336953912,-0.9957283388645872,0.1838738510513275,0.9829498496360606,-0.433883739117558,-0.9009688679024191,0.6869075574573877,0,0,1,0,0,0
3785,2023-07-08,308.5463219352281,-0.1094457686489155,-0.993992768446958,0.2175766051482817,0.976043247449696,-0.9749279121818236,-0.2225209339563146,0.7000922199176512,0,0,1,0,0,0
3786,2023-07-10,687.444304887094,-0.1435724234118113,-0.9896398128792412,0.2841699724797683,0.9587739184713192,0.0,1.0,0.7261490370736908,0,0,1,0,0,0
3787,2023-07-11,502.2489873174745,-0.1605745445949937,-0.9870237158387384,0.3169817673505278,0.9484316312562208,0.7818314824680298,0.6234898018587336,0.7389912962803088,0,0,0,1,0,0
3788,2023-07-12,374.0570760392854,-0.1775291491870349,-0.984115542601034,0.3494183899593976,0.936966802377855,0.9749279121818236,-0.2225209339563143,0.751689380082437,0,0,0,1,0,0
3789,2023-07-13,644.6017413550571,-0.1944312200476619,-0.9809161537413774,0.3814414490727919,0.9243930013415552,0.4338837391175582,-0.900968867902419,0.7642281651714905,0,0,0,1,0,0
3790,2023-07-14,532.7970943611228,-0.2112757555821793,-0.9774264960104057,0.4130130429412807,0.9107251102063584,-0.433883739117558,-0.9009688679024191,0.7765925101265281,0,0,0,1,0,0
3791,2023-07-15,1172.7411178556663,-0.2280577712215198,-0.9736476020539838,0.4440958041592176,0.8959793059709459,-0.9749279121818236,-0.2225209339563146,0.7887672852587113,0,0,0,1,0,0
3792,2023-07-17,356.21961800814296,-0.2614143985111562,-0.965226663665613,0.5046482954181526,0.8633250245021008,0.0,1.0,0.8124878481707274,0,0,0,1,0,0
3793,2023-07-18,432.43378768051326,-0.2779791393987801,-0.9605871111248128,0.5340463569360717,0.8454551961182272,0.7818314824680298,0.6234898018587336,0.8240037097874371,0,0,0,1,0,0
3794,2023-07-19,1109.254332119065,-0.2944616217868012,-0.9556633054034704,0.5628123335824821,0.8265847065893737,0.9749279121818236,-0.2225209339563143,0.835270211411272,0,0,0,1,0,0
3795,2023-07-20,570.8531033193365,-0.3108569682435036,-0.9504567035349152,0.5909121786151564,0.8067358905889147,0.4338837391175582,-0.900968867902419,0.8462727428586204,0,0,0,1,0,0
3796,2023-07-21,521.4119875851505,-0.3271603271220951,-0.9449688462364056,0.6183126337097825,0.7859322407147274,-0.433883739117558,-0.9009688679024191,0.8569968914352789,0,0,0,1,0,0
3797,2023-07-22,758.923037536058,-0.343366873996388,-0.939201357453208,0.6449812683237445,0.7641983796838971,-0.9749279121818236,-0.2225209339563146,0.8674284731834108,0,0,0,1,0,0
3798,2023-07-24,1025.8535836783217,-0.3754703786876202,-0.9268343944460494,0.6959977221267386,0.7180439894563502,0.0,1.0,0.8873585302803527,0,0,0,1,0,0
3799,2023-07-25,576.285805791326,-0.3913578365610259,-0.9202385798054076,0.7202851594252706,0.6936780875245466,0.7818314824680298,0.6234898018587336,0.8968300597468688,0,0,0,1,0,0
3800,2023-07-26,625.4197369425779,-0.4071294853542516,-0.9133704517637858,0.7437200839287408,0.6684911643103645,0.9749279121818236,-0.2225209339563143,0.9059551911095096,0,0,0,1,0,0
3801,2023-07-27,902.3137973137972,-0.4227806579826773,-0.9062320427107696,0.7662747586044899,0.6425130304714689,0.4338837391175582,-0.900968867902419,0.914721343722234,0,0,0,1,0,0
3802,2023-07-28,1344.650454892951,-0.4383067230125192,-0.898825465016444,0.7879224882631226,0.6157744331240536,-0.433883739117558,-0.9009688679024191,0.9231163463866358,0,0,0,1,0,0
3803,2023-07-29,1114.837072433795,-0.4537030860313442,-0.8911529104063088,0.8086376511543126,0.5883070194512693,-0.9749279121818236,-0.2225209339563146,0.9311284654622024,0,0,0,1,0,0
3804,2023-07-31,1183.7525207924184,-0.4840885216389758,-0.8750190302029955,0.847173337473877,0.5313166064347815,0.0,1.0,0.9459594689067654,0,0,0,1,0,0
3805,2023-08-01,1327.364520948188,-0.4990686026885319,-0.8665624788845385,0.8649482509584342,0.5018610596210326,0.7818314824680298,0.6234898018587336,0.9527573147659876,0,0,0,1,0,0
3806,2023-08-02,1339.1632141476823,-0.5139010013093103,-0.8578494977869301,0.8816994317707848,0.4718115217065765,0.9749279121818236,-0.2225209339563143,0.9591302497107984,0,0,0,1,0,0
3807,2023-08-03,1137.7847823884374,-0.5285813283559292,-0.8488826652214553,0.8974070536021568,0.4412035586269627,0.4338837391175582,-0.900968867902419,0.9650691177896804,0,0,0,1,0,0
3808,2023-08-04,1248.5052662517662,-0.5431052396834317,-0.8396646346181327,0.912052525275964,0.4100733972568043,-0.433883739117558,-0.9009688679024191,0.9705653490349352,0,0,0,1,0,0
3809,2023-08-07,1002.502532370488,-0.5856957398073508,-0.8105309990194823,0.9494491062150135,0.3139210007430401,0.0,1.0,0.9843217347761178,0,0,0,1,0,0
3810,2023-08-08,742.4571832168162,-0.5995514915196489,-0.8003361849976323,0.9596855068649522,0.2810760180331286,0.7818314824680298,0.6234898018587336,0.987974130351234,0,0,0,1,0,0
3811,2023-08-09,1249.741599550269,-0.6132298262997502,-0.7899045386224707,0.968786046025684,0.2478983602727564,0.9749279121818236,-0.2225209339563143,0.9911505004882848,0,0,0,1,0,0
3812,2023-08-10,1514.519814158222,-0.6267266965083301,-0.7792391467859886,0.9767399525103048,0.214427295767511,0.4338837391175582,-0.900968867902419,0.9938461733264412,0,0,0,1,0,0
3813,2023-08-11,773.9210960915041,-0.6400381082043503,-0.7683431655492202,0.9835378122597296,0.1807024400923929,-0.433883739117558,-0.9009688679024191,0.9960571761381908,0,0,0,1,0,0
3814,2023-08-12,510.711443076704,-0.65316012232693,-0.7572198192083127,0.9891715794849548,0.1467637092037396,-0.9749279121818236,-0.2225209339563146,0.9977802450856064,0,0,0,1,0,0
3815,2023-08-14,774.4642262174794,-0.6788204829862355,-0.734304263829602,0.9969215500633252,0.0784055037566676,0.0,1.0,0.9997531169004024,0,0,0,1,0,0
3816,2023-08-15,737.9608291346276,-0.6913512362094071,-0.722518835873311,0.9990285807311906,0.0440669363834491,0.7818314824680298,0.6234898018587336,1.0,0,0,0,1,0,0
3817,2023-08-16,611.4171166378006,-0.7036774074790128,-0.7105196029692745,0.999953184360873,0.0096762124072308,0.9749279121818236,-0.2225209339563143,0.9997531169004024,0,0,0,1,0,0
3818,2023-08-17,721.8407058937447,-0.7157953492826642,-0.6983101158835584,0.9996942666129788,-0.0247259641093823,0.4338837391175582,-0.900968867902419,0.9990128332490112,0,0,0,1,0,0
3819,2023-08-18,1006.7117564693236,-0.7277014757264236,-0.6858939875998223,0.998252133936544,-0.0590988755488295,-0.433883739117558,-0.9009688679024191,0.9977802450856064,0,0,0,1,0,0
3820,2023-08-19,1164.214614483296,-0.7393922635959241,-0.673274892250183,0.9956284932063294,-0.093401838931009,-0.9749279121818236,-0.2225209339563146,0.9960571761381908,0,0,0,1,0,0
3821,2023-08-21,1055.6037586792493,-0.7621140503891487,-0.6474427960827475,0.9868505034357966,-0.1616356516011078,0.0,1.0,0.9911505004882848,0,0,0,1,0,0
3822,2023-08-22,869.7983983761413,-0.7731383255706026,-0.6342374393978054,0.9807065438204116,-0.1954857409322303,0.7818314824680298,0.6234898018587336,0.987974130351234,0,0,0,1,0,0
3823,2023-08-23,840.9133244665217,-0.7839338166829201,-0.620844401650647,0.973401842704431,-0.2291044578781002,0.9749279121818236,-0.2225209339563143,0.9843217347761178,0,0,0,1,0,0
3824,2023-08-24,917.916867286556,-0.7944973291665992,-0.6072676460566135,0.9649450457625344,-0.2624520121057191,0.4338837391175582,-0.900968867902419,0.9801986733067553,0,0,0,1,0,0
3825,2023-08-25,982.2679744181586,-0.8048257371083452,-0.593511190196115,0.9553461622632788,-0.2954889342239821,-0.433883739117558,-0.9009688679024191,0.975610980064846,0,0,0,1,0,0
3826,2023-08-26,999.2495112067091,-0.8149159841660791,-0.5795791048257612,0.9446165532223606,-0.3281761224987386,-0.9749279121818236,-0.2225209339563146,0.9705653490349352,0,0,0,1,0,0
3827,2023-08-28,811.5036794427699,-0.8343701235229537,-0.5512045872199277,0.9198172790502196,-0.3923470060554182,0.0,1.0,0.9591302497107984,0,0,0,1,0,0
3828,2023-08-29,874.9798147110823,-0.8437282590292712,-0.5367705514607103,0.905776965764254,-0.4237547501691298,0.7818314824680298,0.6234898018587336,0.9527573147659876,0,0,0,1,0,0
3829,2023-08-30,773.6694457100086,-0.8528367217694595,-0.522177676659508,0.8906645958869751,-0.4546609479969567,0.9749279121818236,-0.2225209339563143,0.9459594689067654,0,0,0,1,0,0
3830,2023-08-31,716.3703369175979,-0.8616928164028521,-0.5074302810827518,0.8744980560685747,-0.4850290196805589,0.4338837391175582,-0.900968867902419,0.938746432156527,0,0,0,1,0,0
3831,2023-09-01,826.0825028804754,-0.8702939222685674,-0.4925327287220543,0.8572964806503138,-0.5148230222752145,-0.433883739117558,-0.9009688679024191,0.9311284654622024,0,0,0,1,0,0
3832,2023-09-02,817.2742258679065,-0.8786374941610001,-0.4774894280028391,0.8390802290175676,-0.5440076922910431,-0.9749279121818236,-0.2225209339563146,0.9231163463866358,0,0,0,1,0,0
3833,2023-09-04,955.09657399023,-0.8945422369764496,-0.4469834295196741,0.7996911138678691,-0.600411627469661,0.0,1.0,0.9059551911095096,0,0,0,1,0,0
3834,2023-09-05,815.0867891954767,-0.9020987014301836,-0.4315297589714714,0.7785648703932891,-0.6275641342440474,0.7818314824680298,0.6234898018587336,0.8968300597468688,0,0,0,1,0,0
3835,2023-09-06,849.3227519404255,-0.9093882203647924,-0.4159483918249421,0.756517135610563,-0.6539738706764888,0.9749279121818236,-0.2225209339563143,0.8873585302803527,0,0,0,1,0,0
3836,2023-09-07,814.3333518966994,-0.9164086366943458,-0.4002439388573056,0.733574004706797,-0.6796095788159788,0.4338837391175582,-0.900968867902419,0.8775535639640376,0,0,0,1,0,0
3837,2023-09-08,737.2780301690523,-0.923157872964704,-0.3844210472688554,0.709762632639161,-0.7044409168334328,-0.433883739117558,-0.9009688679024191,0.8674284731834108,0,0,0,1,0,0
3838,2023-09-09,961.0159920089404,-0.9296339319682696,-0.3684843993077793,0.6851112019949135,-0.72843849493357,-0.9749279121818236,-0.2225209339563146,0.8569968914352789,0,0,0,1,0,0
3839,2023-09-11,1107.7143386111356,-0.9417589340994617,-0.3362887301766828,0.6334058321617086,-0.7738197799123084,0.0,1.0,0.835270211411272,0,0,0,1,0,0
3840,2023-09-12,915.8433655586556,-0.9474042892438844,-0.3200392362231385,0.6064130902482765,-0.7951497745554202,0.7818314824680298,0.6234898018587336,0.8240037097874371,0,0,0,1,0,0
3841,2023-09-13,833.7024363387599,-0.9527692922168512,-0.3036950375106588,0.578702611877601,-0.8155386483827991,0.9749279121818236,-0.2225209339563143,0.8124878481707274,0,0,0,1,0,0
3842,2023-09-14,927.6927625986144,-0.9578523554276668,-0.2872609705505963,0.5503071945286527,-0.8349622695966589,0.4338837391175582,-0.900968867902419,0.8007374029168081,0,0,0,1,0,0
3843,2023-09-15,1160.1967725494771,-0.9626519747161488,-0.2707418984477642,0.5212604463582784,-0.8533976488498011,-0.433883739117558,-0.9009688679024191,0.7887672852587113,0,0,0,1,0,0
3844,2023-09-16,1168.1762932814502,-0.9671667297977312,-0.2541427094613622,0.4915967464233612,-0.8708229664552752,-0.9749279121818236,-0.2225209339563146,0.7765925101265281,0,0,0,1,0,0
3845,2023-09-18,837.8095524489087,-0.9753363880767836,-0.2207236509605022,0.4305596169818739,-0.9025621398133328,0.0,1.0,0.751689380082437,0,0,0,1,0,0
3846,2023-09-19,844.3339642356476,-0.978988873740932,-0.2039136706831147,0.3992584296048835,-0.9168384298170764,0.7818314824680298,0.6234898018587336,0.7389912962803088,0,0,0,1,0,0
3847,2023-09-20,935.5234481834026,-0.9823516608469236,-0.1870433490699165,0.3674846892184069,-0.9300295711374188,0.9749279121818236,-0.2225209339563143,0.7261490370736908,0,0,0,1,0,0
3848,2023-09-21,908.2526685033,-0.9854237542919524,-0.1701176783204905,0.3352760024840169,-0.9421199510456922,0.4338837391175582,-0.900968867902419,0.71317767835549,0,0,0,1,0,0
3849,2023-09-22,1088.8444322084918,-0.9882042449941422,-0.15314166701312,0.3026704908556892,-0.9530952596488852,-0.433883739117558,-0.9009688679024191,0.7000922199176512,0,0,0,1,0,0
3850,2023-09-23,870.3347939669028,-0.9906923101615608,-0.136120338622667,0.2697067454601279,-0.962942506826501,-0.9749279121818236,-0.2225209339563146,0.6869075574573877,0,0,0,1,0,0
3851,2023-09-25,870.8044425808732,-0.994788305609327,-0.1019618900517457,0.2028609916826013,-0.9792075459541514,0.0,1.0,0.6602995202173131,0,0,0,1,0,0
3852,2023-09-26,959.4791327213012,-0.9963950238187232,-0.0848348779057653,0.1690581003831471,-0.9856060869814276,0.7818314824680298,0.6234898018587336,0.6469051754643523,0,0,0,1,0,0
3853,2023-09-27,991.86792186734,-0.9977068927101168,-0.0676827617545516,0.1350551158403456,-0.9908380875225532,0.9749279121818236,-0.2225209339563143,0.6334696366573507,0,0,0,1,0,0
3854,2023-09-28,1072.9552912019003,-0.9987235240803972,-0.0505106171852228,0.1008922831974033,-0.9948973551031356,0.4338837391175582,-0.900968867902419,0.6200068879809458,0,0,0,1,0,0
3855,2023-10-02,1215.8483428893842,-0.999832969770105,0.0182765576816912,-0.0365470098881199,-0.9993319348786156,0.0,1.0,0.5661541495171976,0,0,0,0,1,0
3856,2023-10-03,736.2877313489792,-0.9993706508539968,0.0354725557531255,-0.0709004622609115,-0.9974833955766828,0.7818314824680298,0.6234898018587336,0.5527555015877842,0,0,0,0,1,0
3857,2023-10-04,733.6276852092216,-0.9986126020839734,0.052658056924614,-0.1051699984923495,-0.9944542580818482,0.9749279121818236,-0.2225209339563143,0.5394075072376265,0,0,0,0,1,0
3858,2023-10-05,777.4239849672124,-0.9975590477788612,0.0698279757298708,-0.1393150579548309,-0.9902481076109372,0.4338837391175582,-0.900968867902419,0.5261219640934566,0,0,0,0,1,0
3859,2023-10-06,833.3986513143284,-0.9962102997023295,0.0869772313136861,-0.1732952273485721,-0.9848699224660112,-0.433883739117558,-0.9009688679024191,0.5129102907232946,0,0,0,0,1,0
3860,2023-10-07,833.4551272289676,-0.9945667569706336,0.1041007489354256,-0.2070702885338407,-0.9783260681421668,-0.9749279121818236,-0.2225209339563146,0.4997835137030315,0,0,0,0,1,0
3861,2023-10-09,961.1128892628088,-0.9903973200352558,0.1382503109109819,-0.2738454748405547,-0.9617737030660336,0.0,1.0,0.473826726395364,0,0,0,0,1,0
3862,2023-10-10,987.6019625544764,-0.9878726596350428,0.1552662498599956,-0.3067665664015059,-0.9517847833088268,0.7818314824680298,0.6234898018587336,0.4610167107835354,0,0,0,0,1,0
3863,2023-10-11,1015.5245754981756,-0.9850556718215012,0.172236243027682,-0.3393245761752893,-0.9406693531754186,0.9749279121818236,-0.2225209339563143,0.448331563940943,0,0,0,0,1,0
3864,2023-10-12,1043.3894571425978,-0.981947190186646,0.1891552687200409,-0.3714809692572883,-0.9284405686308982,0.4338837391175582,-0.900968867902419,0.4357802031543156,0,0,0,0,1,0
3865,2023-10-13,1021.9037245790444,-0.9785481345802032,0.2060183203251708,-0.4031976860870853,-0.9151129033807908,-0.433883739117558,-0.9009688679024191,0.4233711028530494,0,0,0,0,1,0
3866,2023-10-14,872.7674935656005,-0.9748595108374124,0.2228204077947995,-0.4344371874948622,-0.9007021317403184,-0.9749279121818236,-0.2225209339563146,0.4111122905071874,0,0,0,0,1,0
3867,2023-10-16,703.1337838582627,-0.9666180104000972,0.2562218218071163,-0.4953372552325659,-0.8687007560596847,0.0,1.0,0.3870753885499897,0,0,0,0,1,0
3868,2023-10-17,748.7464431863038,-0.9620675724981452,0.2728112643340191,-0.5249257416559593,-0.8511480281049478,0.7818314824680298,0.6234898018587336,0.3753110988513995,0,0,0,0,1,0
3869,2023-10-18,713.3079989529651,-0.957232443323312,0.2893199776186952,-0.5538929381563792,-0.8325879011014353,0.9749279121818236,-0.2225209339563143,0.3637246969042016,0,0,0,0,1,0
3870,2023-10-19,766.1885611091969,-0.9521140536681102,0.3057430764672831,-0.5822045598324479,-0.8130423423846421,0.4338837391175582,-0.900968867902419,0.3523219549954969,0,0,0,0,1,0
3871,2023-10-20,952.3930529815244,-0.9467139181463862,0.3220757010206104,-0.6098270977059321,-0.7925344856241648,-0.433883739117558,-0.9009688679024191,0.3411081980965921,0,0,0,0,1,0
3872,2023-10-21,772.5743865333702,-0.9410336347451196,0.3383130181923076,-0.6367278583821979,-0.7710886034432227,-0.9749279121818236,-0.2225209339563146,0.3300883075351398,0,0,0,0,0,1
3873,2023-10-23,909.8398010567944,-0.9288394302558068,0.3704825404820963,-0.6882375836422284,-0.7254853743958638,0.0,1.0,0.3086474612366189,0,0,0,0,0,1
3874,2023-10-24,788.9443131216153,-0.9223291176290545,0.3864052261209853,-0.7127855825108473,-0.7013820024527804,0.7818314824680298,0.6234898018587336,0.2982340961814215,0,0,0,0,0,1
3875,2023-10-25,685.9467246118098,-0.9155458729775467,0.4022135682368036,-0.7364899449095569,-0.6764484910524362,0.9749279121818236,-0.2225209339563143,0.2880297924974456,0,0,0,0,0,1
3876,2023-10-26,697.461269708003,-0.9084917035725082,0.4179028888867866,-0.7593226149052589,-0.6507143509201561,0.4338837391175582,-0.900968867902419,0.2780373004531941,0,0,0,0,0,1
3877,2023-10-27,655.7421713736109,-0.9011686968561567,0.4334685453485363,-0.7812565682797488,-0.6242100403868479,-0.433883739117558,-0.9009688679024191,0.2682589673008851,0,0,0,0,0,1
3878,2023-10-28,580.3600474181899,-0.8935790198239952,0.4489059314938798,-0.8022658445149573,-0.5969669293392242,-0.9749279121818236,-0.2225209339563146,0.258696746701885,0,0,0,0,0,1
3879,2023-10-30,675.7942349481824,-0.8776087166898392,0.4793776594606945,-0.8414120250581577,-0.5403941192199728,0.0,1.0,0.2402265507324824,0,0,0,0,0,1
3880,2023-10-31,610.780277243821,-0.8692328164574792,0.4944029842076181,-0.8595025968555411,-0.5111313784132033,0.7818314824680298,0.6234898018587336,0.2313206080041767,0,0,0,0,0,1
3881,2023-11-01,581.79512750317,-0.8605996962501181,0.5092820071573356,-0.876575881330507,-0.4812636743715911,0.9749279121818236,-0.2225209339563143,0.2226348658788909,0,0,0,0,0,1
3882,2023-11-02,774.5752630717291,-0.8517119107469189,0.5240103253675756,-0.8926116709398649,-0.4508263578163351,0.4338837391175582,-0.900968867902419,0.2141694715316088,0,0,0,0,0,1
3883,2023-11-03,647.512036655152,-0.8425720899866032,0.5385835804920232,-0.9075909860952636,-0.4198554536487849,-0.433883739117558,-0.9009688679024191,0.2059242464341987,0,0,0,0,0,1
3884,2023-11-06,649.2269523827764,-0.8136678304455991,0.5813300798152042,-0.9460191696320084,-0.3241106766040965,0.0,1.0,0.1825031849518363,0,0,0,0,0,1
3885,2023-11-07,632.3981705277879,-0.8035476485339116,0.5952404359043674,-0.9566081051665098,-0.2913776469287574,0.7818314824680298,0.6234898018587336,0.1751307883451509,0,0,0,0,0,1
3886,2023-11-08,520.8914819892476,-0.7931896839451843,0.6089746507720486,-0.9660648215530204,-0.2582997494341228,0.9749279121818236,-0.2225209339563143,0.1679732367575336,0,0,0,0,0,1
3887,2023-11-09,527.2718370791592,-0.7825970017677834,0.6225286602431057,-0.9743781260415392,-0.2249161343518477,0.4338837391175582,-0.900968867902419,0.1610286725459804,0,0,0,0,0,1
3888,2023-11-10,617.7605806662478,-0.7717727365467837,0.6358984534680745,-0.9815381791978468,-0.1912663137538222,-0.433883739117558,-0.9009688679024191,0.1542950055015683,0,0,0,0,0,1
3889,2023-11-11,560.8220120968434,-0.7607200913564104,0.6490800741100398,-0.98753650654923,-0.1573901147866107,-0.9749279121818236,-0.2225209339563146,0.1477699265043177,0,0,0,0,0,1
3890,2023-11-13,495.84930688612496,-0.7379428103031386,0.6748632518680403,-0.9960209693076332,-0.0891191825561879,0.0,1.0,0.1353352832366127,0,0,0,0,0,1
3891,2023-11-14,527.2081041188504,-0.7262249146041543,0.6874571793269664,-0.998497062701478,-0.0548052531836224,0.7818314824680298,0.6234898018587336,0.1294201282977755,0,0,0,0,0,1
3892,2023-11-15,587.9473332013836,-0.7142921172691032,0.699847677146407,-0.999791358149542,-0.0204264575855568,0.9749279121818236,-0.2225209339563143,0.1237024067768548,0,0,0,0,0,1
3893,2023-11-16,717.4758567973132,-0.7021479494046978,0.7120310787787131,-0.9999023237537764,0.0139765142935557,0.4338837391175582,-0.900968867902419,0.1181789171817805,0,0,0,0,0,1
3894,2023-11-17,910.9090163304022,-0.6897960046655887,0.7240037789593305,-0.9988298281778684,0.0483629438947822,-0.433883739117558,-0.9009688679024191,0.1128463189671638,0,0,0,0,0,1
3895,2023-11-18,964.3937827748116,-0.6772399381909491,0.7357622347736527,-0.996575140802686,0.082692132238239,-0.9749279121818236,-0.2225209339563146,0.1077011451900321,0,0,0,0,0,1
3896,2023-11-20,611.7060372266307,-0.6515303615068021,0.75862255966641,-0.9885312610933432,0.1510163760696315,0.0,1.0,0.0979586452573397,0,0,0,0,0,1
3897,2023-11-21,530.1728955450162,-0.6383844591746642,0.769717664006921,-0.9827515893084884,0.1849305645685428,0.7818314824680298,0.6234898018587336,0.093353863304629,0,0,0,0,0,1
3898,2023-11-22,636.6000879347846,-0.6250496486104377,0.7805849965070866,-0.9758087555546684,0.2186258735439368,0.9749279121818236,-0.2225209339563143,0.0889216174593863,0,0,0,0,0,1
3899,2023-11-23,637.4609511603597,-0.6115298757991053,0.7912213413483807,-0.9677109772087537,0.2520624220102616,0.4338837391175582,-0.900968867902419,0.0846579886225299,0,0,0,0,0,1
3900,2023-11-24,649.5984644978449,-0.5978291414589552,0.801623551065242,-0.9584678386132248,0.2852006352448972,-0.433883739117558,-0.9009688679024191,0.080559000939185,0,0,0,0,0,1
3901,2023-11-25,565.0656463146362,-0.5839514998576998,0.8117885474764613,-0.948090279732366,0.3180012916278857,-0.9749279121818236,-0.2225209339563146,0.0766206321804935,0,0,0,0,0,1
3902,2023-11-27,592.1636509078322,-0.5556819724760489,0.8313949395234058,-0.9239823598019432,0.3824350909302552,0.0,1.0,0.0692094902133194,0,0,0,0,0,1
3903,2023-11-28,541.8254730963996,-0.5412984521036173,0.8408305333122887,-0.9102805323268018,0.4139919715004559,0.7818314824680298,0.6234898018587336,0.0657285286165304,0,0,0,0,0,1
3904,2023-11-29,583.4435278310532,-0.5267547528105542,0.8500173118187018,-0.895501317943504,0.4450588607829839,0.9749279121818236,-0.2225209339563143,0.0623918271307013,0,0,0,0,0,1
3905,2023-11-30,616.7028869885563,-0.5120551783114646,0.8589525565270845,-0.8796622089871292,0.4755989887288283,0.4338837391175582,-0.900968867902419,0.0591952734739325,0,0,0,0,0,1
3906,2023-12-01,860.3114684823246,-0.4972040784469378,0.8676336233547726,-0.8627819522593745,0.5055762087514626,-0.433883739117558,-0.9009688679024191,0.0561347628341337,0,0,0,0,0,1
3907,2023-12-02,1401.3412816691505,-0.4822058478963526,0.8760579434344281,-0.8448805268402667,0.5349550405091192,-0.9749279121818236,-0.2225209339563146,0.0532062053822325,0,0,0,0,0,1
3908,2023-12-04,550.8935460733956,-0.451785789832884,0.8921264484954345,-0.8061001043286311,0.5917792002101544,0.0,1.0,0.0477287077631641,0,0,0,0,0,1
3909,2023-12-05,603.9683018609284,-0.4363729641045924,0.8997658785476209,-0.7852670068439961,0.6191572723971441,0.7818314824680298,0.6234898018587336,0.0451717245647246,0,0,0,0,0,1
3910,2023-12-06,640.6972650998805,-0.4208310085956556,0.9071390534005044,-0.7635044855580851,0.6458025244087264,0.9749279121818236,-0.2225209339563143,0.0427306205788496,0,0,0,0,0,1
3911,2023-12-07,597.9302726061669,-0.4051645224207563,0.9142437912130223,-0.7408382980859317,0.6716834195431209,0.4338837391175582,-0.900968867902419,0.0404014788741632,0,0,0,0,0,1
3912,2023-12-08,631.1168924622559,-0.3893781415452015,0.9210779895789526,-0.717295271600886,0.6967693257736101,-0.433883739117558,-0.9009688679024191,0.0381804338005357,0,0,0,0,0,1
3913,2023-12-09,653.4456239216403,-0.3734765374130707,0.9276396261490468,-0.6929032710826029,0.7210305520038863,-0.9749279121818236,-0.2225209339563146,0.0360636756174023,0,0,0,0,0,1
3914,2023-12-11,724.9568549188944,-0.3413465142450361,0.9399375283564132,-0.641688797825113,0.7669651144255266,0.0,1.0,0.0321280855748041,0,0,0,0,0,1
3915,2023-12-12,698.6708521037312,-0.3251276029999093,0.9456701548465688,-0.6149269413476359,0.7885840835350667,0.7818314824680298,0.6234898018587336,0.0303019500674343,0,0,0,0,0,1
3916,2023-12-13,545.9835861369864,-0.3088124812662537,0.9511229423235356,-0.587437271616382,0.8092697028283593,0.9749279121818236,-0.2225209339563143,0.0285655007845503,0,0,0,0,0,1
3917,2023-12-14,722.1413868564016,-0.2924059769510773,0.956294277219772,-0.5592523247663436,0.828997489286572,0.4338837391175582,-0.900968867902419,0.0269152637299154,0,0,0,0,0,1
3918,2023-12-15,661.8760990533086,-0.2759129450029604,0.9611826292540836,-0.5304054598463659,0.8477440935595867,-0.433883739117558,-0.9009688679024191,0.0253478407929008,0,0,0,0,0,1
3919,2023-12-16,760.7797737596516,-0.2593382659754056,0.9657865518844574,-0.5009308193361626,0.8654873276017396,-0.9749279121818236,-0.2225209339563146,0.0238599118793802,0,0,0,0,0,1
3920,2023-12-18,665.1559758594373,-0.225963608248019,0.974135744004672,-0.4402384552773285,0.8978808954950716,0.0,1.0,0.021109656453671,0,0,0,0,0,1
3921,2023-12-19,661.4616405294224,-0.2091735056463563,0.9778785428342386,-0.4090925658019766,0.9124928890712274,0.7818314824680298,0.6234898018587336,0.0198410947443702,0,0,0,0,0,1
3922,2023-12-20,856.2148236043714,-0.1923215052390948,0.9813319716704276,-0.3774624838618108,0.9260248772451376,0.9749279121818236,-0.2225209339563143,0.0186395588695301,0,0,0,0,0,1
3923,2023-12-21,683.4928324036891,-0.1754125938042784,0.9844950085880858,-0.345385646087603,0.9384608438697104,0.4338837391175582,-0.900968867902419,0.0175021403684067,0,0,0,0,0,1
3924,2023-12-22,606.8812116781273,-0.1584517749608363,0.9873667175937016,-0.3129000178799537,0.949786070023521,-0.433883739117558,-0.9009688679024191,0.0164260155188855,0,0,0,0,0,1
3925,2023-12-23,927.8197507948104,-0.141444067687942,0.989946248902378,-0.2800440484743445,0.9599871514317776,-0.9749279121818236,-0.2225209339563146,0.0154084455711887,0,0,0,0,0,1
3926,2023-12-25,650.7206377528995,-0.1073081316563624,0.994225811815616,-0.2133770286209279,0.9769699297608416,0.0,1.0,0.0135384401366523,0,0,0,0,0,1
3927,2023-12-26,679.3645587254321,-0.0901900042703451,0.99592457702866,-0.179644883710313,0.9837315262594304,0.7818314824680298,0.6234898018587336,0.0126809511496068,0,0,0,0,0,1
3928,2023-12-27,670.6293235864605,-0.0730451882110474,0.9973286321364752,-0.1457001152853506,0.9893288009584252,0.9749279121818236,-0.2225209339563143,0.0118719091278277,0,0,0,0,0,1
3929,2023-12-28,666.8829896959741,-0.0558787569053731,0.9984375616565666,-0.1115828995860015,0.9937551290534204,0.4338837391175582,-0.900968867902419,0.0111089965382423,0,0,0,0,0,1
3930,2023-12-29,750.2083037294441,-0.0386957901765268,0.999251037438848,-0.0773336169568209,0.9970052716452285,-0.433883739117558,-0.9009688679024191,0.0103899781147773,0,0,0,0,0,1
3931,2023-12-30,650.6939007809783,-0.0215013727408137,0.999768818762748,-0.0429928040537219,0.9990753819405211,-0.9749279121818236,-0.2225209339563146,0.0097126998429016,0,0,0,0,0,1
3932,2024-01-03,705.6859336607129,0.0515843668694083,0.9986686402879996,0.1030313790431787,0.9946781061893646,0.9749279121818236,-0.2225209339563143,0.0072532058010343,0,0,0,0,0,0
3933,2024-01-04,605.0382618670615,0.0687554084811394,0.9976335468520452,0.1371854040566005,0.9905453876091832,0.4338837391175582,-0.900968867902419,0.0067628442633904,0,0,0,0,0,0
3934,2024-01-05,567.938185578367,0.0859061042613327,0.9963032375991964,0.1711770596101998,0.985240282501282,-0.433883739117558,-0.9009688679024191,0.0063025210714774,0,0,0,0,0,0
3935,2024-01-06,538.3036147878818,0.1030313790431787,0.9946781061893646,0.2049661139694953,0.9787690698649216,-0.9749279121818236,-0.2225209339563146,0.0058706306788869,0,0,0,0,0,0
3936,2024-01-08,631.5255624453544,0.1371854040566005,0.9905453876091832,0.2717767384711357,0.9623603298276544,0.0,1.0,0.0050860692310127,0,0,0,0,0,0
3937,2024-01-09,647.972518657089,0.1542040475626894,0.988039023376751,0.3047192331091634,0.9524422234305676,0.7818314824680298,0.6234898018587336,0.0047305247785057,0,0,0,0,0,0
3938,2024-01-10,617.192671335917,0.1711770596101998,0.985240282501282,0.3373010691361842,0.9413968285264122,0.9749279121818236,-0.2225209339563143,0.0043976626339341,0,0,0,0,0,0
3939,2024-01-11,541.3252426423319,0.1880994176117975,0.9821499931752292,0.3694836834473831,0.9292372181882051,0.4338837391175582,-0.900968867902419,0.0040862038707351,0,0,0,0,0,0
3940,2024-01-12,581.2416653114327,0.2049661139694953,0.9787690698649216,0.4012289854475009,0.9159777842484876,-0.433883739117558,-0.9009688679024191,0.0037949292693038,0,0,0,0,0,0
3941,2024-01-13,593.8281820394257,0.2217721575564818,0.975098513039961,0.4324994021339788,0.901634220265486,-0.9749279121818236,-0.2225209339563146,0.0035226774101574,0,0,0,0,0,0
3942,2024-01-15,560.3957340891931,0.2551824131233728,0.966892928939152,0.4934681416772373,0.8697638720650646,0.0,1.0,0.0030308737915416,0,0,0,0,0,0
3943,2024-01-16,603.8954555493075,0.2717767384711357,0.9623603298276544,0.5230943033491326,0.8522748088519838,0.7818314824680298,0.6234898018587336,0.0028092710364807,0,0,0,0,0,0
3944,2024-01-17,620.8961483038285,0.2882906407095177,0.957542952811672,0.5521013427459208,0.8337770129585915,0.9749279121818236,-0.2225209339563143,0.0026025852527254,0,0,0,0,0,0
3945,2024-01-18,665.1667561422684,0.3047192331091634,0.9524422234305676,0.580454927809098,0.8142923779467267,0.4338837391175582,-0.900968867902419,0.0024099155339509,0,0,0,0,0,0
3946,2024-01-19,703.3243412406227,0.321057654185271,0.9470596510722284,0.6081214998935418,0.7938439653781019,-0.433883739117558,-0.9009688679024191,0.0022304074712809,0,0,0,0,0,0
3947,2024-01-20,726.1851559500445,0.3373010691361842,0.9413968285264122,0.6350683134867438,0.7724559775191742,-0.9749279121818236,-0.2225209339563146,0.0020632513354787,0,0,0,0,0,0
3948,2024-01-22,697.5757310201419,0.3694836834473831,0.9292372181882051,0.6866759803451553,0.726963615332308,0.0,1.0,0.0017629686236867,0,0,0,0,0,0
3949,2024-01-23,573.2063160273431,0.3854133594543256,0.9227440286201428,0.7112757519738152,0.7029130847082615,0.7818314824680298,0.6234898018587336,0.0016284300482412,0,0,0,0,0,0
3950,2024-01-24,537.4548002980595,0.4012289854475009,0.9159777842484876,0.7350336741329412,0.6780306024735382,0.9749279121818236,-0.2225209339563143,0.0015034159919344,0,0,0,0,0,0
3951,2024-01-25,655.4683272678925,0.4169258813287287,0.908940487313808,0.7579216274973472,0.6523456189565257,0.4338837391175582,-0.900968867902419,0.0013873139624241,0,0,0,0,0,0
3952,2024-01-26,669.1017478527239,0.4324994021339788,0.901634220265486,0.7799125224167177,0.6258885343075018,-0.433883739117558,-0.9009688679024191,0.0012795459378999,0,0,0,0,0,0
3953,2024-01-27,703.1058702382769,0.4479449394078911,0.8940611451454876,0.8009803309782905,0.5986906625177214,-0.9749279121818236,-0.2225209339563146,0.0011795668021961,0,0,0,0,0,0
3954,2024-01-29,664.9238815416902,0.4784338202547012,0.8781236129591848,0.8402480696078469,0.5422021592729844,0.0,1.0,0.0010009501745566,0,0,0,0,0,0
3955,2024-01-30,730.7891403223256,0.4934681416772373,0.8697638720650646,0.8584015232918917,0.512978386299228,0.7818314824680298,0.6234898018587336,0.0009213735043575,0,0,0,0,0,0
3956,2024-01-31,725.5903808564829,0.5083564379375122,0.8611467540480452,0.8755389928586302,0.4831474640149687,0.9749279121818236,-0.2225209339563143,0.0008477045464715,0,0,0,0,0,0
3957,2024-02-01,652.9936492545562,0.5230943033491326,0.8522748088519838,0.8916401947968874,0.452744699607371,0.4338837391175582,-0.900968867902419,0.0007795407797602,0,0,0,0,0,0
3958,2024-02-02,663.0297417563155,0.5376773767406141,0.8431506618282,0.9066860720977984,0.4218060770826634,-0.433883739117558,-0.9009688679024191,0.0007165041324157,0,0,0,0,0,0
3959,2024-02-03,625.8123652673072,0.5521013427459208,0.8337770129585915,0.9206588168102428,0.3903682146763026,-0.9749279121818236,-0.2225209339563146,0.000658239732409,0,0,0,0,0,0
3960,2024-02-05,666.0280613434019,0.580454927809098,0.8142923779467267,0.945320046913132,0.3261441535642696,0.0,1.0,0.000554717008343,0,0,0,0,0,0
3961,2024-02-06,701.4612199394808,0.5943761565849831,0.804187157621448,0.9559793438440766,0.2934339689665273,0.7818314824680298,0.6234898018587336,0.0005088543328223,0,0,0,0,0,0
3962,2024-02-07,657.4590757409381,0.6081214998935418,0.7938439653781019,0.9655071658143364,0.2603764827344581,0.9749279121818236,-0.2225209339563143,0.0004665530201723,0,0,0,0,0,0
3963,2024-02-08,590.680949217935,0.6216868902665479,0.7832658619336791,0.9738922359149924,0.2270108209414184,0.4338837391175582,-0.900968867902419,0.0004275570451654,0,0,0,0,0,0
3964,2024-02-09,535.8482889561955,0.6350683134867438,0.7724559775191742,0.981124629771712,0.1933764744102058,-0.433883739117558,-0.9009688679024191,0.0003916270330904,0,0,0,0,0,0
3965,2024-02-13,778.6177827960054,0.6866759803451553,0.726963615332308,0.998376906467142,0.0569521960340397,0.7818314824680298,0.6234898018587336,0.0002743104674934,0,0,0,0,0,0
3966,2024-02-14,846.7773001729139,0.6990793005655562,0.7150441465537444,0.9997451236925734,0.0225762630415454,0.9749279121818236,-0.2225209339563143,0.0002805480820737,0,0,0,0,0,0
3967,2024-02-15,1104.1588311637322,0.7112757519738152,0.7029130847082615,0.9999300657962056,-0.0118263906918325,0.4338837391175582,-0.900968867902419,0.0003068548257635,0,0,0,0,0,0
3968,2024-02-16,923.1184454737172,0.7232617254437388,0.6905740195722294,0.9989315138848576,-0.0462150469837083,-0.433883739117558,-0.9009688679024191,0.0003354626279025,0,0,0,0,0,0
3969,2024-02-17,960.8607916774224,0.7350336741329412,0.6780306024735382,0.9967506498213928,-0.0805490042187416,-0.9749279121818236,-0.2225209339563146,0.0003665564497251,0,0,0,0,0,0
3970,2024-02-19,939.4831579575311,0.7579216274973472,0.6523456189565257,0.9888537064205885,-0.1488903868564548,0.0,1.0,0.0004370095298997,0,0,0,0,0,0
3971,2024-02-20,940.3376386213508,0.7690308592589181,0.6392116531380588,0.98314697372215,-0.1828169249850199,0.7818314824680298,0.6234898018587336,0.0004768087638956,0,0,0,0,0,0
3972,2024-02-21,991.297189583424,0.7799125224167177,0.6258885343075018,0.976276611086932,-0.2165270852448143,0.9749279121818236,-0.2225209339563143,0.0005199757432558,0,0,0,0,0,0
3973,2024-02-22,852.6167429187839,0.7905633969115482,0.612380204990065,0.9682507501166718,-0.2499809690726521,0.4338837391175582,-0.900968867902419,0.0005667708074866,0,0,0,0,0,0
3974,2024-02-23,851.5373506749902,0.8009803309782905,0.5986906625177214,0.9590788900341132,-0.2831389812281835,-0.433883739117558,-0.9009688679024191,0.0006174721799374,0,0,0,0,0,0
3975,2024-02-24,971.696382103134,0.8111602420785621,0.5848239578463322,0.9487718864399473,-0.3159618766579029,-0.9749279121818236,-0.2225209339563146,0.0006723770032408,0,0,0,0,0,0
3976,2024-02-26,993.6265411126805,0.8307970168121247,0.5565755266413303,0.9248025743285088,-0.3804473662878516,0.0,1.0,0.0007960866914957,0,0,0,0,0,0
3977,2024-02-27,969.460624517124,0.8402480696078469,0.5422021592729844,0.9111686353326632,-0.4120336369594263,0.7818314824680298,0.6234898018587336,0.0008655903784247,0,0,0,0,0,0
3978,2024-02-28,953.6691687390806,0.8494504794814806,0.527668345562516,0.8964562582905575,-0.4431322341826345,0.9749279121818236,-0.2225209339563143,0.0009406975448679,0,0,0,0,0,0
3979,2024-02-29,971.7097792072155,0.8584015232918917,0.512978386299228,0.8806828564301475,-0.47370635037968,0.4338837391175582,-0.900968867902419,0.0010218170249252,0,0,0,0,0,0
3980,2024-03-01,991.6035727251024,0.8670985522812081,0.4981366284784055,0.8638670987837349,-0.503719798736334,-0.433883739117558,-0.9009688679024191,0.0011093837286151,0,0,0,0,0,0
3981,2024-03-04,1025.0372052601197,0.8916401947968874,0.452744699607371,0.8073707443023492,-0.5900444739548627,0.0,1.0,0.0014155361520939,0,0,0,0,0,0
3982,2024-03-05,1107.4594317963736,0.8992961915530253,0.4373400963303323,0.7865965660866021,-0.6174672802835514,0.7818314824680298,0.6234898018587336,0.0015338106793244,0,0,0,0,0,0
3983,2024-03-06,1040.289858630998,0.9066860720977984,0.4218060770826634,0.7648913904341226,-0.6441592666722685,0.9749279121818236,-0.2225209339563143,0.0016611470627641,0,0,0,0,0,0
3984,2024-03-07,1204.694616085276,0.9138076496466616,0.4061472386305788,0.742280907086982,-0.6700888411055113,0.4338837391175582,-0.900968867902419,0.0017981666618475,0,0,0,0,0,0
3985,2024-03-08,1044.27437963767,0.9206588168102428,0.3903682146763026,0.7187918772884232,-0.6952253139408722,-0.433883739117558,-0.9009688679024191,0.0019455273214659,0,0,0,0,0,0
3986,2024-03-09,1113.8645317300484,0.9272375462179536,0.374473674486883,0.6944521021088763,-0.719538934232584,-0.9749279121818236,-0.2225209339563146,0.0021039250291307,0,0,0,0,0,0
3987,2024-03-11,1018.2202844382,0.9395699859530622,0.342356891994542,0.6433365204044917,-0.765583517007675,0.0,1.0,0.0024568164604892,0,0,0,0,0,0
3988,2024-03-12,1048.3776012612364,0.945320046913132,0.3261441535642696,0.6166212130956382,-0.7872599821916922,0.7818314824680298,0.6234898018587336,0.0026529083096449,0,0,0,0,0,0
3989,2024-03-13,1243.4699989672622,0.9507903724625832,0.3098349038318025,0.5891760872322963,-0.8080046647350754,0.9749279121818236,-0.2225209339563143,0.0028632370196305,0,0,0,0,0,0
3990,2024-03-14,1124.8530097272408,0.9559793438440766,0.2934339689665273,0.5610336262283677,-0.8277930117131022,0.4338837391175582,-0.900968867902419,0.0030887154082367,0,0,0,0,0,0
3991,2024-03-15,1143.2901730477668,0.9608854255574976,0.2769462022689364,0.5322271388474397,-0.8466016020976267,-0.433883739117558,-0.9009688679024191,0.0033303050984696,0,0,0,0,0,0
3992,2024-03-16,1136.8175958097506,0.9655071658143364,0.2603764827344581,0.5027907197793043,-0.8644081744776648,-0.9749279121818236,-0.2225209339563146,0.0035890183886718,0,0,0,0,0,0
3993,2024-03-18,1188.8836837887236,0.9738922359149924,0.2270108209414184,0.442168151967072,-0.8969321743510065,0.0,1.0,0.0041621296730796,0,0,0,0,0,0
3994,2024-03-19,1103.5296910355776,0.977653084481664,0.2102247521189836,0.4110537546870351,-0.911611107193024,0.7818314824680298,0.6234898018587336,0.004478822680028,0,0,0,0,0,0
3995,2024-03-20,1132.5331924441302,0.981124629771712,0.1933764744102058,0.3794528437245443,-0.925211078289358,0.9749279121818236,-0.2225209339563143,0.0048172331281061,0,0,0,0,0,0
3996,2024-03-21,1110.5704658007703,0.984305844499033,0.1764709734915216,0.3474028211842774,-0.9377159910299092,0.4338837391175582,-0.900968867902419,0.0051786551677508,0,0,0,0,0,0
3997,2024-03-22,1156.6164030134985,0.9871957872910084,0.1595132519726365,0.3149416207289519,-0.9491110448902284,-0.433883739117558,-0.9009688679024191,0.0055644450277938,0,0,0,0,0,0
3998,2024-03-23,1125.9460839358026,0.9897936029670716,0.1425083279161708,0.2821076626819194,-0.9593827529490744,-0.9749279121818236,-0.2225209339563146,0.0059760228950059,0,0,0,0,0,0
3999,2024-03-25,1118.0988263567526,0.9941098647022418,0.108377012791876,0.2154773150467301,-0.976508846196619,0.0,1.0,0.0068825542952156,0,0,0,0,0,0
4000,2024-03-26,1131.4258799567183,0.9958270335100596,0.0912607217293118,0.1817597875913753,-0.9833429613388902,0.7818314824680298,0.6234898018587336,0.0073806845376742,0,0,0,0,0,0
4001,2024-03-27,1132.8924097273398,0.9972495210773452,0.0741174251509443,0.1478271334705304,-0.9890132145779884,0.9749279121818236,-0.2225209339563143,0.0079109597339302,0,0,0,0,0,0
4002,2024-03-28,1105.557157373479,0.998376906467142,0.0569521960340397,0.1137195145859496,-0.9935128947338008,0.4338837391175582,-0.900968867902419,0.0084751469727328,0,0,0,0,0,0
4003,2024-03-29,1172.8072691511811,0.9992088560679752,0.0397701138460557,0.0794772999236209,-0.9968366760893436,-0.433883739117558,-0.9009688679024191,0.0090750878156515,0,0,0,0,0,0
4004,2024-03-30,1174.018713587948,0.9997451236925734,0.0225762630415454,0.0451410177739719,-0.998980624694158,-0.9749279121818236,-0.2225209339563146,0.0097126998429016,0,0,0,0,0,0
4005,2024-04-01,1141.5046696024713,0.9999300657962056,-0.0118263906918325,-0.0236511272452315,-0.9997202729664084,0.0,1.0,0.0111089965382423,0,0,0,0,0,0
4006,2024-04-02,1179.9805486636358,0.9995786855478958,-0.0290250133219752,-0.0580255693287803,-0.9983150972033183,0.7818314824680298,0.6234898018587336,0.0118719091278277,0,0,0,0,0,0
4007,2024-04-03,1298.176913286481,0.9989315138848576,-0.0462150469837083,-0.0923313336953912,-0.9957283388645872,0.9749279121818236,-0.2225209339563143,0.0126809511496068,0,0,0,0,0,0
4008,2024-04-04,1276.2439919838655,0.9979887423155984,-0.0633914048695103,-0.1265278168386831,-0.9919630595773395,0.4338837391175582,-0.900968867902419,0.0135384401366523,0,0,0,0,0,0
4009,2024-04-05,1283.955518029844,0.9967506498213928,-0.0805490042187416,-0.1605745445949937,-0.9870237158387384,-0.433883739117558,-0.9009688679024191,0.0144467767640457,0,0,0,0,0,0
4010,2024-04-06,1280.9774808484178,0.9952176027737294,-0.0976827678217159,-0.1944312200476619,-0.9809161537413774,-0.9749279121818236,-0.2225209339563146,0.0154084455711887,0,0,0,0,0,0
4011,2024-04-08,1494.747749457785,0.9912685467787256,-0.1318585157173911,-0.2614143985111562,-0.965226663665613,0.0,1.0,0.0175021403684067,0,0,0,0,0,0
4012,2024-04-09,1481.6358042020863,0.9888537064205885,-0.1488903868564548,-0.2944616217868012,-0.9556633054034704,0.7818314824680298,0.6234898018587336,0.0186395588695301,0,0,0,0,0,0
4013,2024-04-10,1410.4886639687177,0.986146248341595,-0.1658781989346314,-0.3271603271220951,-0.9449688462364056,0.9749279121818236,-0.2225209339563143,0.0198410947443702,0,0,0,0,0,0
4014,2024-04-11,1308.3070688564517,0.98314697372215,-0.1828169249850199,-0.3594718130884232,-0.9331559438780432,0.4338837391175582,-0.900968867902419,0.021109656453671,1,0,0,0,0,0
4015,2024-04-12,1364.9545497810775,0.9798567700958664,-0.1997015525660636,-0.3913578365610259,-0.9202385798054076,-0.433883739117558,-0.9009688679024191,0.0224482367321429,1,0,0,0,0,0
4016,2024-04-13,1398.3162597427552,0.976276611086932,-0.2165270852448143,-0.4227806579826773,-0.9062320427107696,-0.9749279121818236,-0.2225209339563146,0.0238599118793802,1,0,0,0,0,0
4017,2024-04-15,1390.1580383828093,0.9682507501166718,-0.2499809690726521,-0.4840885216389758,-0.8750190302029955,0.0,1.0,0.0269152637299154,1,0,0,0,0,0
4018,2024-04-16,1343.5299535728957,0.9638074231367308,-0.2665994206792935,-0.5139010013093103,-0.8578494977869301,0.7818314824680298,0.6234898018587336,0.0285655007845503,1,0,0,0,0,0
4019,2024-04-17,1324.7651196570505,0.9590788900341132,-0.2831389812281835,-0.5431052396834317,-0.8396646346181327,0.9749279121818236,-0.2225209339563143,0.0303019500674343,1,0,0,0,0,0
4020,2024-04-18,1199.2313455973542,0.9540665500578388,-0.2995947563972602,-0.5716666713027052,-0.8204859638785327,0.4338837391175582,-0.900968867902419,0.0321280855748041,1,0,0,0,0,0
4021,2024-04-19,1272.1498837986692,0.9487718864399473,-0.3159618766579029,-0.5995514915196489,-0.8003361849976323,-0.433883739117558,-0.9009688679024191,0.0340474547345993,1,0,0,0,0,0
4022,2024-04-20,1250.013138036975,0.9431964659565866,-0.3322354987159043,-0.6267266965083301,-0.7792391467859886,-0.9749279121818236,-0.2225209339563146,0.0360636756174023,1,0,0,0,0,0
4023,2024-04-22,1356.67278566114,0.9312100364121948,-0.3644830148102912,-0.6788204829862355,-0.734304263829602,0.0,1.0,0.0404014788741632,1,0,0,0,0,0
4024,2024-04-23,1337.1371480568962,0.9248025743285088,-0.3804473662878516,-0.7036774074790128,-0.7105196029692745,0.7818314824680298,0.6234898018587336,0.0427306205788496,1,0,0,0,0,0
4025,2024-04-24,1305.1863721137934,0.9181214482844364,-0.3962991372689181,-0.7277014757264236,-0.6858939875998223,0.9749279121818236,-0.2225209339563143,0.0451717245647246,1,0,0,0,0,0
4026,2024-04-25,1189.9850268279067,0.9111686353326632,-0.4120336369594263,-0.7508642533989489,-0.6604565640279754,0.4338837391175582,-0.900968867902419,0.0477287077631641,1,0,0,0,0,0
4027,2024-04-26,1227.007774255204,0.9039461929224012,-0.4276462092677746,-0.7731383255706026,-0.6342374393978054,-0.433883739117558,-0.9009688679024191,0.0504055333627536,1,0,0,0,0,0
4028,2024-04-27,1112.728696041154,0.8964562582905575,-0.4431322341826345,-0.7944973291665992,-0.6072676460566135,-0.9749279121818236,-0.2225209339563146,0.0532062053822325,1,0,0,0,0,0
4029,2024-04-29,1151.8532220978248,0.8806828564301475,-0.47370635037968,-0.8343701235229537,-0.5512045872199277,0.0,1.0,0.0591952734739325,1,0,0,0,0,0
4030,2024-04-30,1077.815593904773,0.8724040568049612,-0.4887853942889926,-0.8528367217694595,-0.522177676659508,0.7818314824680298,0.6234898018587336,0.0623918271307013,1,0,0,0,0,0
4031,2024-05-01,1199.8639749399986,0.8638670987837349,-0.503719798736334,-0.8702939222685674,-0.4925327287220543,0.9749279121818236,-0.2225209339563143,0.0657285286165304,1,0,0,0,0,0
4032,2024-05-02,1304.8168381353817,0.8550745085896932,-0.518505144391157,-0.886721063082993,-0.4623048304798108,0.4338837391175582,-0.900968867902419,0.0692094902133194,1,0,0,0,0,0
4033,2024-05-03,1292.6000137848189,0.8460288880917339,-0.533137056031809,-0.9020987014301836,-0.4315297589714714,-0.433883739117558,-0.9009688679024191,0.0728388237369676,1,0,0,0,0,0
4034,2024-05-04,1233.3047385392624,0.8367329140344921,-0.5476112038402312,-0.9164086366943458,-0.4002439388573056,-0.9749279121818236,-0.2225209339563146,0.0766206321804935,1,0,0,0,0,0
4035,2024-05-06,1189.0468880858675,0.8174009818249189,-0.5760691233798758,-0.9417589340994617,-0.3362887301766828,0.0,1.0,0.0846579886225299,1,0,0,0,0,0
4036,2024-05-07,1092.987067601155,0.8073707443023492,-0.5900444739548627,-0.9527692922168512,-0.3036950375106588,0.7818314824680298,0.6234898018587336,0.0889216174593863,1,0,0,0,0,0
4037,2024-05-08,1136.883562541693,0.7971015927871943,-0.6038452208771035,-0.9626519747161488,-0.2707418984477642,0.9749279121818236,-0.2225209339563143,0.093353863304629,1,0,0,0,0,0
4038,2024-05-09,1144.1646636815071,0.7865965660866021,-0.6174672802835514,-0.97139528468375,-0.2374683155584684,0.4338837391175582,-0.900968867902419,0.0979586452573397,1,0,0,0,0,0
4039,2024-05-10,1261.6603719676068,0.7758587728069828,-0.6309066211876704,-0.978988873740932,-0.2039136706831147,-0.433883739117558,-0.9009688679024191,0.1027398149024943,1,0,0,0,0,0
4040,2024-05-11,1356.775183309432,0.7648913904341226,-0.6441592666722685,-0.9854237542919524,-0.1701176783204905,-0.9749279121818236,-0.2225209339563146,0.1077011451900321,1,0,0,0,0,0
4041,2024-05-13,1239.4364514384151,0.742280907086982,-0.6700888411055113,-0.994788305609327,-0.1019618900517457,0.0,1.0,0.1181789171817805,1,0,0,0,0,0
4042,2024-05-14,1138.945692916696,0.7306444969184916,-0.6827580970759147,-0.9977068927101168,-0.0676827617545516,0.7818314824680298,0.6234898018587336,0.1237024067768548,1,0,0,0,0,0
4043,2024-05-15,1044.1513303326496,0.7187918772884232,-0.6952253139408722,-0.9994446170919858,-0.0333235257116313,0.9749279121818236,-0.2225209339563143,0.1294201282977755,1,0,0,0,0,0
4044,2024-05-16,930.8487445587868,0.7067265555776158,-0.7074868024503348,-0.9999994220246924,0.0010751512827982,0.4338837391175582,-0.900968867902419,0.1353352832366127,1,0,0,0,0,0
4045,2024-05-17,868.2306998142891,0.6944521021088763,-0.719538934232584,-0.9993706508539968,0.0354725557531255,-0.433883739117558,-0.9009688679024191,0.1414509211393686,1,0,0,0,0,0
4046,2024-05-18,851.3787697454525,0.6819721490904629,-0.7313781428679254,-0.9975590477788612,0.0698279757298708,-0.9749279121818236,-0.2225209339563146,0.1477699265043177,1,0,0,0,0,0
4047,2024-05-20,599.1698891234768,0.6564105761979381,-0.7544038410927472,-0.9903973200352558,0.1382503109109819,0.0,1.0,0.1610286725459804,1,0,0,0,0,0
4048,2024-05-21,521.6031641397495,0.6433365204044917,-0.765583517007675,-0.9850556718215012,0.172236243027682,0.7818314824680298,0.6234898018587336,0.1679732367575336,0,1,0,0,0,0
4049,2024-05-22,563.8871628229158,0.6300720909843687,-0.7765366444428655,-0.9785481345802032,0.2060183203251708,0.9749279121818236,-0.2225209339563143,0.1751307883451509,0,1,0,0,0,0
4050,2024-05-23,525.7637972274497,0.6166212130956382,-0.7872599821916922,-0.9708824104813836,0.239556559120927,0.4338837391175582,-0.900968867902419,0.1825031849518363,0,1,0,0,0,0
4051,2024-05-24,603.6310258887546,0.6029878670694714,-0.7977503570459932,-0.9620675724981452,0.2728112643340191,-0.433883739117558,-0.9009688679024191,0.1900920380007587,0,1,0,0,0,0
4052,2024-05-25,557.5670665180406,0.5891760872322963,-0.8080046647350754,-0.9521140536681102,0.3057430764672831,-0.9749279121818236,-0.2225209339563146,0.1978986990836146,0,1,0,0,0,0
4053,2024-05-27,623.4569568566213,0.5610336262283677,-0.8277930117131022,-0.9288394302558068,0.3704825404820963,0.0,1.0,0.2141694715316088,0,1,0,0,0,0
4054,2024-05-28,655.1406271809426,0.5467112728685939,-0.8373211953118121,-0.9155458729775467,0.4022135682368036,0.7818314824680298,0.6234898018587336,0.2226348658788909,0,1,0,0,0,0
4055,2024-05-29,744.1100655729174,0.5322271388474397,-0.8466016020976267,-0.9011686968561567,0.4334685453485363,0.9749279121818236,-0.2225209339563143,0.2313206080041767,0,1,0,0,0,0
4056,2024-05-30,713.5985534520698,0.5175855102531889,-0.8556314858488706,-0.8857249183835637,0.4642104791518923,0.4338837391175582,-0.900968867902419,0.2402265507324824,0,1,0,0,0,0
4057,2024-05-31,588.8670070240051,0.5027907197793043,-0.8644081744776648,-0.8692328164574792,0.4944029842076181,-0.433883739117558,-0.9009688679024191,0.2493522087772961,0,1,0,0,0,0
4058,2024-06-01,604.9232687756089,0.4878471454423119,-0.8729290708206411,-0.8517119107469189,0.5240103253675756,-0.9749279121818236,-0.2225209339563146,0.258696746701885,0,1,0,0,0,0
4059,2024-06-03,635.8028432281665,0.4575313760742512,-0.8891934772070711,-0.8136678304455991,0.5813300798152042,0.0,1.0,0.2780373004531941,0,1,0,0,0,0
4060,2024-06-04,560.9771181199752,0.442168151967072,-0.8969321743510065,-0.7931896839451843,0.6089746507720486,0.7818314824680298,0.6234898018587336,0.2880297924974456,0,1,0,0,0,0
4061,2024-06-05,566.073448807225,0.4266740831899246,-0.9044054548343,-0.7717727365467837,0.6358984534680745,0.9749279121818236,-0.2225209339563143,0.2982340961814215,0,1,0,0,0,0
4062,2024-06-06,646.4013931704633,0.4110537546870351,-0.911611107193024,-0.7494423368521953,0.6620696215153815,0.4338837391175582,-0.900968867902419,0.3086474612366189,0,1,0,0,0,0
4063,2024-06-07,685.4842934445815,0.3953117887649151,-0.9185469991587164,-0.7262249146041543,0.6874571793269664,-0.433883739117558,-0.9009688679024191,0.3192667256288431,0,1,0,0,0,0
4064,2024-06-08,682.9637154879243,0.3794528437245443,-0.925211078289358,-0.7021479494046978,0.7120310787787131,-0.9749279121818236,-0.2225209339563146,0.3300883075351398,0,1,0,0,0,0
4065,2024-06-10,690.5401923854,0.3474028211842774,-0.9377159910299092,-0.6515303615068021,0.75862255966641,0.0,1.0,0.3523219549954969,0,1,0,0,0,0
4066,2024-06-11,569.5587061723165,0.3312212278016865,-0.9435531242349544,-0.6250496486104377,0.7805849965070866,0.7818314824680298,0.6234898018587336,0.3637246969042016,0,1,0,0,0,0
4067,2024-06-12,676.7106997750798,0.3149416207289519,-0.9491110448902284,-0.5978291414589552,0.801623551065242,0.9749279121818236,-0.2225209339563143,0.3753110988513995,0,1,0,0,0,0
4068,2024-06-13,671.8119029955891,0.2985688173637202,-0.9543881083175908,-0.5699010576127624,0.821713322596059,0.4338837391175582,-0.900968867902419,0.3870753885499897,0,1,0,0,0,0
4069,2024-06-14,745.319030235798,0.2821076626819194,-0.9593827529490744,-0.5412984521036173,0.8408305333122887,-0.433883739117558,-0.9009688679024191,0.39901134372866,0,1,0,0,0,0
4070,2024-06-15,528.1451934490149,0.2655630278040559,-0.9640935007889756,-0.5120551783114646,0.8589525565270845,-0.9749279121818236,-0.2225209339563146,0.4111122905071874,0,1,0,0,0,0
4071,2024-06-17,665.9852250447958,0.2322429240090701,-0.9726578145718654,-0.451785789832884,0.8921264484954345,0.0,1.0,0.4357802031543156,0,1,0,0,0,0
4072,2024-06-18,534.4192912642987,0.2154773150467301,-0.976508846196619,-0.4208310085956556,0.9071390534005044,0.7818314824680298,0.6234898018587336,0.448331563940943,0,1,0,0,0,0
4073,2024-06-19,599.0099478577605,0.1986479428801711,-0.9800709131432666,-0.3893781415452015,0.9210779895789526,0.9749279121818236,-0.2225209339563143,0.4610167107835354,0,1,0,0,0,0
4074,2024-06-20,526.3173402273686,0.1817597875913753,-0.9833429613388902,-0.3574644155648614,0.9339267592294762,0.4338837391175582,-0.900968867902419,0.473826726395364,0,1,0,0,0,0
4075,2024-06-21,665.1228216962261,0.1648178466571979,-0.9863240225317866,-0.3251276029999093,0.9456701548465688,-0.433883739117558,-0.9009688679024191,0.4867522559599717,0,1,0,0,0,0
4076,2024-06-22,725.3566068801634,0.1478271334705304,-0.9890132145779884,-0.2924059769510773,0.956294277219772,-0.9749279121818236,-0.2225209339563146,0.4997835137030315,0,1,0,0,0,0
4077,2024-06-24,688.3217479443182,0.1137195145859496,-0.9935128947338008,-0.225963608248019,0.974135744004672,0.0,1.0,0.5261219640934566,0,1,0,0,0,0
4078,2024-06-25,706.2850454553392,0.0966127018812031,-0.9953220513156602,-0.1923215052390948,0.9813319716704276,0.7818314824680298,0.6234898018587336,0.5394075072376265,0,1,0,0,0,0
4079,2024-06-26,684.6758169778732,0.0794772999236209,-0.9968366760893436,-0.1584517749608363,0.9873667175937016,0.9749279121818236,-0.2225209339563143,0.5527555015877842,0,1,0,0,0,0
4080,2024-06-27,699.8597256474495,0.062318379354325,-0.998056320853012,-0.1243945048397999,0.9922328391893008,0.4338837391175582,-0.900968867902419,0.5661541495171976,0,1,0,0,0,0
4081,2024-06-28,903.8669171367302,0.0451410177739719,-0.998980624694158,-0.0901900042703451,0.99592457702866,-0.433883739117558,-0.9009688679024191,0.5795912885442627,0,1,0,0,0,0
4082,2024-06-29,935.731191685668,0.0279502982402103,-0.999609314096404,-0.0558787569053731,0.9984375616565666,-0.9749279121818236,-0.2225209339563146,0.5930544067956073,0,1,0,0,0,0
4083,2024-07-01,976.1624447045036,-0.0064508641981051,-0.9999791929590824,0.0129014599494196,0.9999167727021951,0.0,1.0,0.6200068879809458,0,0,1,0,0,0
4084,2024-07-02,911.562877417836,-0.0236511272452315,-0.9997202729664084,0.0472890227711323,0.9988812483600598,0.7818314824680298,0.6234898018587336,0.6334696366573507,0,0,1,0,0,0
4085,2024-07-03,736.3055125261387,-0.0408443915432961,-0.9991655196610107,0.0816206154031905,0.996663471358916,0.9749279121818236,-0.2225209339563143,0.6469051754643523,0,0,1,0,0,0
4086,2024-07-04,895.4700430840749,-0.0580255693287803,-0.9983150972033183,0.1158556037694784,0.9932660666081418,0.4338837391175582,-0.900968867902419,0.6602995202173131,0,0,1,0,0,0
4087,2024-07-05,643.1294447426731,-0.0751895764147585,-0.9971692572470178,0.1499534681324453,0.9886930551971383,-0.433883739117558,-0.9009688679024191,0.6736384553447267,0,0,1,0,0,0
4088,2024-07-06,738.6866079628915,-0.0923313336953912,-0.9957283388645872,0.1838738510513275,0.9829498496360606,-0.9749279121818236,-0.2225209339563146,0.6869075574573877,0,0,1,0,0,0
4089,2024-07-08,812.5615884943778,-0.1265278168386831,-0.9919630595773395,0.2510218406258827,0.9679814231320734,0.0,1.0,0.71317767835549,0,0,1,0,0,0
4090,2024-07-09,801.781685556123,-0.1435724234118113,-0.9896398128792412,0.2841699724797683,0.9587739184713192,0.7818314824680298,0.6234898018587336,0.7261490370736908,0,0,1,0,0,0
4091,2024-07-10,713.572319554696,-0.1605745445949937,-0.9870237158387384,0.3169817673505278,0.9484316312562208,0.9749279121818236,-0.2225209339563143,0.7389912962803088,0,0,1,0,0,0
4092,2024-07-11,1031.7583270605237,-0.1775291491870349,-0.984115542601034,0.3494183899593976,0.936966802377855,0.4338837391175582,-0.900968867902419,0.751689380082437,0,0,0,1,0,0
4093,2024-07-12,924.6622248109088,-0.1944312200476619,-0.9809161537413774,0.3814414490727919,0.9243930013415552,-0.433883739117558,-0.9009688679024191,0.7642281651714905,0,0,0,1,0,0
4094,2024-07-13,911.3556485930234,-0.2112757555821793,-0.9774264960104057,0.4130130429412807,0.9107251102063584,-0.9749279121818236,-0.2225209339563146,0.7765925101265281,0,0,0,1,0,0
4095,2024-07-15,858.9119439510553,-0.2447723008972595,-0.9695805901076308,0.4746529438919349,0.8801730414269229,0.0,1.0,0.8007374029168081,0,0,0,1,0,0
4096,2024-07-16,760.4622566062377,-0.2614143985111562,-0.965226663665613,0.5046482954181526,0.8633250245021008,0.7818314824680298,0.6234898018587336,0.8124878481707274,0,0,0,1,0,0
4097,2024-07-17,1018.9460485470996,-0.2779791393987801,-0.9605871111248128,0.5340463569360717,0.8454551961182272,0.9749279121818236,-0.2225209339563143,0.8240037097874371,0,0,0,1,0,0
4098,2024-07-18,1005.5270767505132,-0.2944616217868012,-0.9556633054034704,0.5628123335824821,0.8265847065893737,0.4338837391175582,-0.900968867902419,0.835270211411272,0,0,0,1,0,0
4099,2024-07-19,1162.4870982825382,-0.3108569682435036,-0.9504567035349152,0.5909121786151564,0.8067358905889147,-0.433883739117558,-0.9009688679024191,0.8462727428586204,0,0,0,1,0,0
4100,2024-07-20,1095.5778764023974,-0.3271603271220951,-0.9449688462364056,0.6183126337097825,0.7859322407147274,-0.9749279121818236,-0.2225209339563146,0.8569968914352789,0,0,0,1,0,0
4101,2024-07-22,1036.5642860083126,-0.3594718130884232,-0.9331559438780432,0.6708865180801582,0.7415600311898435,0.0,1.0,0.8775535639640376,0,0,0,1,0,0
4102,2024-07-23,1034.5316387726346,-0.3754703786876202,-0.9268343944460494,0.6959977221267386,0.7180439894563502,0.7818314824680298,0.6234898018587336,0.8873585302803527,0,0,0,1,0,0
4103,2024-07-24,1024.8598318818697,-0.3913578365610259,-0.9202385798054076,0.7202851594252706,0.6936780875245466,0.9749279121818236,-0.2225209339563143,0.8968300597468688,0,0,0,1,0,0
4104,2024-07-25,793.758129454723,-0.4071294853542516,-0.9133704517637858,0.7437200839287408,0.6684911643103645,0.4338837391175582,-0.900968867902419,0.9059551911095096,0,0,0,1,0,0
4105,2024-07-26,821.8170760423181,-0.4227806579826773,-0.9062320427107696,0.7662747586044899,0.6425130304714689,-0.433883739117558,-0.9009688679024191,0.914721343722234,0,0,0,1,0,0
4106,2024-07-27,1085.8983319020842,-0.4383067230125192,-0.898825465016444,0.7879224882631226,0.6157744331240536,-0.9749279121818236,-0.2225209339563146,0.9231163463866358,0,0,0,1,0,0
4107,2024-07-29,1016.2567573489983,-0.4689651910076318,-0.8832166493127127,0.8283957292921138,0.5601432992463508,0.0,1.0,0.938746432156527,0,0,0,1,0,0
4108,2024-07-30,890.6659883276307,-0.4840885216389758,-0.8750190302029955,0.847173337473877,0.5313166064347815,0.7818314824680298,0.6234898018587336,0.9459594689067654,0,0,0,1,0,0
4109,2024-07-31,948.8039592158852,-0.4990686026885319,-0.8665624788845385,0.8649482509584342,0.5018610596210326,0.9749279121818236,-0.2225209339563143,0.9527573147659876,0,0,0,1,0,0
4110,2024-08-01,1033.6964375643188,-0.5139010013093103,-0.8578494977869301,0.8816994317707848,0.4718115217065765,0.4338837391175582,-0.900968867902419,0.9591302497107984,0,0,0,1,0,0
4111,2024-08-02,1268.0035524295924,-0.5285813283559292,-0.8488826652214553,0.8974070536021568,0.4412035586269627,-0.433883739117558,-0.9009688679024191,0.9650691177896804,0,0,0,1,0,0
4112,2024-08-05,1098.6895525607474,-0.5716666713027052,-0.8204859638785327,0.9380889596420648,0.3463944338433696,0.0,1.0,0.9801986733067553,0,0,0,1,0,0
4113,2024-08-06,1114.3389607765912,-0.5856957398073508,-0.8105309990194823,0.9494491062150135,0.3139210007430401,0.7818314824680298,0.6234898018587336,0.9843217347761178,0,0,0,1,0,0
4114,2024-08-07,1356.8284699128585,-0.5995514915196489,-0.8003361849976323,0.9596855068649522,0.2810760180331286,0.9749279121818236,-0.2225209339563143,0.987974130351234,0,0,0,1,0,0
4115,2024-08-08,1459.974502658897,-0.6132298262997502,-0.7899045386224707,0.968786046025684,0.2478983602727564,0.4338837391175582,-0.900968867902419,0.9911505004882848,0,0,0,1,0,0
4116,2024-08-09,1404.3174716652525,-0.6267266965083301,-0.7792391467859886,0.9767399525103048,0.214427295767511,-0.433883739117558,-0.9009688679024191,0.9938461733264412,0,0,0,1,0,0
4117,2024-08-10,1419.7749502067068,-0.6400381082043503,-0.7683431655492202,0.9835378122597296,0.1807024400923929,-0.9749279121818236,-0.2225209339563146,0.9960571761381908,0,0,0,1,0,0
4118,2024-08-12,1373.2828355993377,-0.666088855860977,-0.7458723993404063,0.993634586189866,0.112651272195629,0.0,1.0,0.9990128332490112,0,0,0,1,0,0
4119,2024-08-13,1299.1487893813692,-0.6788204829862355,-0.734304263829602,0.9969215500633252,0.0784055037566676,0.7818314824680298,0.6234898018587336,0.9997531169004024,0,0,0,1,0,0
4120,2024-08-14,1518.3016963981397,-0.6913512362094071,-0.722518835873311,0.9990285807311906,0.0440669363834491,0.9749279121818236,-0.2225209339563143,1.0,0,0,0,1,0,0
4121,2024-08-15,1423.68520923257,-0.7036774074790128,-0.7105196029692745,0.999953184360873,0.0096762124072308,0.4338837391175582,-0.900968867902419,0.9997531169004024,0,0,0,1,0,0
4122,2024-08-16,1464.3640535430984,-0.7157953492826642,-0.6983101158835584,0.9996942666129788,-0.0247259641093823,-0.433883739117558,-0.9009688679024191,0.9990128332490112,0,0,0,1,0,0
4123,2024-08-17,1574.21610304707,-0.7277014757264236,-0.6858939875998223,0.998252133936544,-0.0590988755488295,-0.9749279121818236,-0.2225209339563146,0.9977802450856064,0,0,0,1,0,0
4124,2024-08-19,1392.8169294292984,-0.7508642533989489,-0.6604565640279754,0.9918264497026016,-0.1275942540647218,0.0,1.0,0.9938461733264412,0,0,0,1,0,0
4125,2024-08-20,1365.5310158947475,-0.7621140503891487,-0.6474427960827475,0.9868505034357966,-0.1616356516011078,0.7818314824680298,0.6234898018587336,0.9911505004882848,0,0,0,1,0,0
4126,2024-08-21,1423.9609102210748,-0.7731383255706026,-0.6342374393978054,0.9807065438204116,-0.1954857409322303,0.9749279121818236,-0.2225209339563143,0.987974130351234,0,0,0,1,0,0
4127,2024-08-22,1555.9619244527426,-0.7839338166829201,-0.620844401650647,0.973401842704431,-0.2291044578781002,0.4338837391175582,-0.900968867902419,0.9843217347761178,0,0,0,1,0,0
4128,2024-08-23,1620.6299641270427,-0.7944973291665992,-0.6072676460566135,0.9649450457625344,-0.2624520121057191,-0.433883739117558,-0.9009688679024191,0.9801986733067553,0,0,0,1,0,0
4129,2024-08-24,1698.7829586880553,-0.8048257371083452,-0.593511190196115,0.9553461622632788,-0.2954889342239821,-0.9749279121818236,-0.2225209339563146,0.975610980064846,0,0,0,1,0,0
4130,2024-08-26,1309.639772919693,-0.8247650844733614,-0.5654755126737576,0.9327689179559782,-0.3604748891327019,0.0,1.0,0.9650691177896804,0,0,0,1,0,0
4131,2024-08-27,1092.3572640224415,-0.8343701235229537,-0.5512045872199277,0.9198172790502196,-0.3923470060554182,0.7818314824680298,0.6234898018587336,0.9591302497107984,0,0,0,1,0,0
4132,2024-08-28,1487.1058035069163,-0.8437282590292712,-0.5367705514607103,0.905776965764254,-0.4237547501691298,0.9749279121818236,-0.2225209339563143,0.9527573147659876,0,0,0,1,0,0
4133,2024-08-29,1438.3738575658472,-0.8528367217694595,-0.522177676659508,0.8906645958869751,-0.4546609479969567,0.4338837391175582,-0.900968867902419,0.9459594689067654,0,0,0,1,0,0
4134,2024-08-30,1738.577049064818,-0.8616928164028521,-0.5074302810827518,0.8744980560685747,-0.4850290196805589,-0.433883739117558,-0.9009688679024191,0.938746432156527,0,0,0,1,0,0
4135,2024-08-31,1718.5611342598993,-0.8702939222685674,-0.4925327287220543,0.8572964806503138,-0.5148230222752145,-0.9749279121818236,-0.2225209339563146,0.9311284654622024,0,0,0,1,0,0
4136,2024-09-02,1491.816970465732,-0.886721063082993,-0.4623048304798108,0.8198708615029215,-0.5725484874300667,0.0,1.0,0.914721343722234,0,0,0,1,0,0
4137,2024-09-03,1428.63618169644,-0.8945422369764496,-0.4469834295196741,0.7996911138678691,-0.600411627469661,0.7818314824680298,0.6234898018587336,0.9059551911095096,0,0,0,1,0,0
4138,2024-09-04,1701.7867090735615,-0.9020987014301836,-0.4315297589714714,0.7785648703932891,-0.6275641342440474,0.9749279121818236,-0.2225209339563143,0.8968300597468688,0,0,0,1,0,0
4139,2024-09-05,1884.7279266112464,-0.9093882203647924,-0.4159483918249421,0.756517135610563,-0.6539738706764888,0.4338837391175582,-0.900968867902419,0.8873585302803527,0,0,0,1,0,0
4140,2024-09-06,1617.383517717844,-0.9164086366943458,-0.4002439388573056,0.733574004706797,-0.6796095788159788,-0.433883739117558,-0.9009688679024191,0.8775535639640376,0,0,0,1,0,0
4141,2024-09-07,1566.4504141684415,-0.923157872964704,-0.3844210472688554,0.709762632639161,-0.7044409168334328,-0.9749279121818236,-0.2225209339563146,0.8674284731834108,0,0,0,1,0,0
4142,2024-09-09,1533.7824973557902,-0.935834897334994,-0.3524387108846032,0.6596488896351408,-0.7515739101399981,0.0,1.0,0.8462727428586204,0,0,0,1,0,0
4143,2024-09-10,1426.349396300497,-0.9417589340994617,-0.3362887301766828,0.6334058321617086,-0.7738197799123084,0.7818314824680298,0.6234898018587336,0.835270211411272,0,0,0,1,0,0
4144,2024-09-11,1578.9026435369003,-0.9474042892438844,-0.3200392362231385,0.6064130902482765,-0.7951497745554202,0.9749279121818236,-0.2225209339563143,0.8240037097874371,0,0,0,1,0,0
4145,2024-09-12,1588.8742824157123,-0.9527692922168512,-0.3036950375106588,0.578702611877601,-0.8155386483827991,0.4338837391175582,-0.900968867902419,0.8124878481707274,0,0,0,1,0,0
4146,2024-09-13,1759.8824398159054,-0.9578523554276668,-0.2872609705505963,0.5503071945286527,-0.8349622695966589,-0.433883739117558,-0.9009688679024191,0.8007374029168081,0,0,0,1,0,0
4147,2024-09-14,3071.618282768231,-0.9626519747161488,-0.2707418984477642,0.5212604463582784,-0.8533976488498011,-0.9749279121818236,-0.2225209339563146,0.7887672852587113,0,0,0,1,0,0
4148,2024-09-16,2745.4107050455755,-0.97139528468375,-0.2374683155584684,0.461351203990578,-0.8872175982116474,0.0,1.0,0.7642281651714905,0,0,0,1,0,0
4149,2024-09-20,1800.0359557459683,-0.9854237542919524,-0.1701176783204905,0.3352760024840169,-0.9421199510456922,-0.433883739117558,-0.9009688679024191,0.71317767835549,0,0,0,1,0,0
4150,2024-09-21,2114.3976500880312,-0.9882042449941422,-0.15314166701312,0.3026704908556892,-0.9530952596488852,-0.9749279121818236,-0.2225209339563146,0.7000922199176512,0,0,0,1,0,0
4151,2024-09-23,2638.1781500937386,-0.9928872135356962,-0.1190587300340498,0.2364237814212129,-0.9716500376053584,0.0,1.0,0.6736384553447267,0,0,0,1,0,0
4152,2024-09-24,2011.3609584564108,-0.994788305609327,-0.1019618900517457,0.2028609916826013,-0.9792075459541514,0.7818314824680298,0.6234898018587336,0.6602995202173131,0,0,0,1,0,0
4153,2024-09-25,2104.484798514377,-0.9963950238187232,-0.0848348779057653,0.1690581003831471,-0.9856060869814276,0.9749279121818236,-0.2225209339563143,0.6469051754643523,0,0,0,1,0,0
4154,2024-09-26,1672.3887941536054,-0.9977068927101168,-0.0676827617545516,0.1350551158403456,-0.9908380875225532,0.4338837391175582,-0.900968867902419,0.6334696366573507,0,0,0,1,0,0
4155,2024-09-27,1661.5640728338644,-0.9987235240803972,-0.0505106171852228,0.1008922831974033,-0.9948973551031356,-0.433883739117558,-0.9009688679024191,0.6200068879809458,0,0,0,1,0,0
4156,2024-09-28,1515.0627067279363,-0.9994446170919858,-0.0333235257116313,0.0666100367900326,-0.9977790852682924,-0.9749279121818236,-0.2225209339563146,0.6065306597126334,0,0,0,1,0,0
4157,2024-09-30,1823.398177431896,-0.9999994220246924,0.0010751512827982,-0.0021503013227746,-0.9999976880994382,0.0,1.0,0.5795912885442627,0,0,0,1,0,0
4158,2024-10-01,2103.960717249513,-0.999832969770105,0.0182765576816912,-0.0365470098881199,-0.9993319348786156,0.7818314824680298,0.6234898018587336,0.5661541495171976,0,0,0,0,1,0
4159,2024-10-02,2243.8714182691742,-0.9993706508539968,0.0354725557531255,-0.0709004622609115,-0.9974833955766828,0.9749279121818236,-0.2225209339563143,0.5527555015877842,0,0,0,0,1,0
4160,2024-10-03,2381.453702892845,-0.9986126020839734,0.052658056924614,-0.1051699984923495,-0.9944542580818482,0.4338837391175582,-0.900968867902419,0.5394075072376265,0,0,0,0,1,0
4161,2024-10-04,2058.8490103308204,-0.9975590477788612,0.0698279757298708,-0.1393150579548309,-0.9902481076109372,-0.433883739117558,-0.9009688679024191,0.5261219640934566,0,0,0,0,1,0
4162,2024-10-05,2378.4226320399857,-0.9962102997023295,0.0869772313136861,-0.1732952273485721,-0.9848699224660112,-0.9749279121818236,-0.2225209339563146,0.5129102907232946,0,0,0,0,1,0
4163,2024-10-07,2022.3921938502635,-0.9926289059345096,0.121193461470736,-0.2406002661322256,-0.9706242897934824,0.0,1.0,0.4867522559599717,0,0,0,0,1,0
4164,2024-10-08,1967.5442782843584,-0.9903973200352558,0.1382503109109819,-0.2738454748405547,-0.9617737030660336,0.7818314824680298,0.6234898018587336,0.473826726395364,0,0,0,0,1,0
4165,2024-10-09,1927.0403150477189,-0.9878726596350428,0.1552662498599956,-0.3067665664015059,-0.9517847833088268,0.9749279121818236,-0.2225209339563143,0.4610167107835354,0,0,0,0,1,0
4166,2024-10-10,1544.7872252051625,-0.9850556718215012,0.172236243027682,-0.3393245761752893,-0.9406693531754186,0.4338837391175582,-0.900968867902419,0.448331563940943,0,0,0,0,1,0
4167,2024-10-11,1622.3984846274116,-0.981947190186646,0.1891552687200409,-0.3714809692572883,-0.9284405686308982,-0.433883739117558,-0.9009688679024191,0.4357802031543156,0,0,0,0,1,0
4168,2024-10-12,1800.8356263749308,-0.9785481345802032,0.2060183203251708,-0.4031976860870853,-0.9151129033807908,-0.9749279121818236,-0.2225209339563146,0.4233711028530494,0,0,0,0,1,0
4169,2024-10-14,2237.669423410692,-0.9708824104813836,0.239556559120927,-0.4651624991319035,-0.8852253099642835,0.0,1.0,0.39901134372866,0,0,0,0,1,0
4170,2024-10-15,1982.0289007338567,-0.9666180104000972,0.2562218218071163,-0.4953372552325659,-0.8687007560596847,0.7818314824680298,0.6234898018587336,0.3870753885499897,0,0,0,0,1,0
4171,2024-10-16,2045.5273495879408,-0.9620675724981452,0.2728112643340191,-0.5249257416559593,-0.8511480281049478,0.9749279121818236,-0.2225209339563143,0.3753110988513995,0,0,0,0,1,0
4172,2024-10-17,1718.5513968529103,-0.957232443323312,0.2893199776186952,-0.5538929381563792,-0.8325879011014353,0.4338837391175582,-0.900968867902419,0.3637246969042016,0,0,0,0,1,0
4173,2024-10-18,1501.3291684813285,-0.9521140536681102,0.3057430764672831,-0.5822045598324479,-0.8130423423846421,-0.433883739117558,-0.9009688679024191,0.3523219549954969,0,0,0,0,1,0
4174,2024-10-19,1025.5477001429017,-0.9467139181463862,0.3220757010206104,-0.6098270977059321,-0.7925344856241648,-0.9749279121818236,-0.2225209339563146,0.3411081980965921,0,0,0,0,1,0
4175,2024-10-21,1326.26606838954,-0.9350748843515574,0.3544502230989869,-0.6628750027453377,-0.7487300786901568,0.0,1.0,0.3192667256288431,0,0,0,0,0,1
4176,2024-10-22,1290.519614349109,-0.9288394302558068,0.3704825404820963,-0.6882375836422284,-0.7254853743958638,0.7818314824680298,0.6234898018587336,0.3086474612366189,0,0,0,0,0,1
4177,2024-10-23,1335.610417305845,-0.9223291176290545,0.3864052261209853,-0.7127855825108473,-0.7013820024527804,0.9749279121818236,-0.2225209339563143,0.2982340961814215,0,0,0,0,0,1
4178,2024-10-24,1158.3417930487144,-0.9155458729775467,0.4022135682368036,-0.7364899449095569,-0.6764484910524362,0.4338837391175582,-0.900968867902419,0.2880297924974456,0,0,0,0,0,1
4179,2024-10-25,1049.9227924451402,-0.9084917035725082,0.4179028888867866,-0.7593226149052589,-0.6507143509201561,-0.433883739117558,-0.9009688679024191,0.2780373004531941,0,0,0,0,0,1
4180,2024-10-26,1055.610978806603,-0.9011686968561567,0.4334685453485363,-0.7812565682797488,-0.6242100403868479,-0.9749279121818236,-0.2225209339563146,0.2682589673008851,0,0,0,0,0,1
4181,2024-10-28,938.6649015688826,-0.8857249183835637,0.4642104791518923,-0.8223255775192096,-0.5690172620911411,0.0,1.0,0.2493522087772961,0,0,0,0,0,1
4182,2024-10-29,974.7795507947944,-0.8776087166898392,0.4793776594606945,-0.8414120250581577,-0.5403941192199728,0.7818314824680298,0.6234898018587336,0.2402265507324824,0,0,0,0,0,1
4183,2024-10-30,805.1238564647255,-0.8692328164574792,0.4944029842076181,-0.8595025968555411,-0.5111313784132033,0.9749279121818236,-0.2225209339563143,0.2313206080041767,0,0,0,0,0,1
4184,2024-10-31,817.3749765319709,-0.8605996962501181,0.5092820071573356,-0.876575881330507,-0.4812636743715911,0.4338837391175582,-0.900968867902419,0.2226348658788909,0,0,0,0,0,1
4185,2024-11-01,832.7771639042357,-0.8517119107469189,0.5240103253675756,-0.8926116709398649,-0.4508263578163351,-0.433883739117558,-0.9009688679024191,0.2141694715316088,0,0,0,0,0,1
4186,2024-11-02,861.4134446613408,-0.8425720899866032,0.5385835804920232,-0.9075909860952636,-0.4198554536487849,-0.9749279121818236,-0.2225209339563146,0.2059242464341987,0,0,0,0,0,1
4187,2024-11-04,821.3528673596975,-0.8235472349556007,0.5672476988027229,-0.9343105477678196,-0.3564600964060307,0.0,1.0,0.1900920380007587,0,0,0,0,0,1
4188,2024-11-05,812.7303815250251,-0.8136678304455991,0.5813300798152042,-0.9460191696320084,-0.3241106766040965,0.7818314824680298,0.6234898018587336,0.1825031849518363,0,0,0,0,0,1
4189,2024-11-06,839.0272736407139,-0.8035476485339116,0.5952404359043674,-0.9566081051665098,-0.2913776469287574,0.9749279121818236,-0.2225209339563143,0.1751307883451509,0,0,0,0,0,1
4190,2024-11-07,829.7080219633882,-0.7931896839451843,0.6089746507720486,-0.9660648215530204,-0.2582997494341228,0.4338837391175582,-0.900968867902419,0.1679732367575336,0,0,0,0,0,1
4191,2024-11-08,804.1054512268795,-0.7825970017677834,0.6225286602431057,-0.9743781260415392,-0.2249161343518477,-0.433883739117558,-0.9009688679024191,0.1610286725459804,0,0,0,0,0,1
4192,2024-11-09,695.3222726768194,-0.7717727365467837,0.6358984534680745,-0.9815381791978468,-0.1912663137538222,-0.9749279121818236,-0.2225209339563146,0.1542950055015683,0,0,0,0,0,1
4193,2024-11-11,751.7277768259062,-0.7494423368521953,0.6620696215153815,-0.992366008614672,-0.1233276325329588,0.0,1.0,0.1414509211393686,0,0,0,0,0,1
4194,2024-11-12,638.5811866570023,-0.7379428103031386,0.6748632518680403,-0.9960209693076332,-0.0891191825561879,0.7818314824680298,0.6234898018587336,0.1353352832366127,0,0,0,0,0,1
4195,2024-11-13,703.6105878421236,-0.7262249146041543,0.6874571793269664,-0.998497062701478,-0.0548052531836224,0.9749279121818236,-0.2225209339563143,0.1294201282977755,0,0,0,0,0,1
4196,2024-11-14,771.9469668197355,-0.7142921172691032,0.699847677146407,-0.999791358149542,-0.0204264575855568,0.4338837391175582,-0.900968867902419,0.1237024067768548,0,0,0,0,0,1
4197,2024-11-15,789.8936842228194,-0.7021479494046978,0.7120310787787131,-0.9999023237537764,0.0139765142935557,-0.433883739117558,-0.9009688679024191,0.1181789171817805,0,0,0,0,0,1
4198,2024-11-16,734.2875684078077,-0.6897960046655887,0.7240037789593305,-0.9988298281778684,0.0483629438947822,-0.9749279121818236,-0.2225209339563146,0.1128463189671638,0,0,0,0,0,1
4199,2024-11-18,613.1047360064072,-0.6644834655228552,0.7473029667054297,-0.9931409302238696,0.116923448093473,0.0,1.0,0.1027398149024943,0,0,0,0,0,1
4200,2024-11-19,653.465947392084,-0.6515303615068021,0.75862255966641,-0.9885312610933432,0.1510163760696315,0.7818314824680298,0.6234898018587336,0.0979586452573397,0,0,0,0,0,1
4201,2024-11-20,707.2442593255453,-0.6383844591746642,0.769717664006921,-0.9827515893084884,0.1849305645685428,0.9749279121818236,-0.2225209339563143,0.093353863304629,0,0,0,0,0,1
4202,2024-11-21,808.219332369722,-0.6250496486104377,0.7805849965070866,-0.9758087555546684,0.2186258735439368,0.4338837391175582,-0.900968867902419,0.0889216174593863,0,0,0,0,0,1
4203,2024-11-22,877.5424694014745,-0.6115298757991053,0.7912213413483807,-0.9677109772087537,0.2520624220102616,-0.433883739117558,-0.9009688679024191,0.0846579886225299,0,0,0,0,0,1
4204,2024-11-23,727.1996477109849,-0.5978291414589552,0.801623551065242,-0.9584678386132248,0.2852006352448972,-0.9749279121818236,-0.2225209339563146,0.080559000939185,0,0,0,0,0,1
4205,2024-11-25,859.0297869995316,-0.5699010576127624,0.821713322596059,-0.936590583203982,0.3504255690637097,0.0,1.0,0.0728388237369676,0,0,0,0,0,1
4206,2024-11-26,930.6136861374836,-0.5556819724760489,0.8313949395234058,-0.9239823598019432,0.3824350909302552,0.7818314824680298,0.6234898018587336,0.0692094902133194,0,0,0,0,0,1
4207,2024-11-27,949.4520898904444,-0.5412984521036173,0.8408305333122887,-0.9102805323268018,0.4139919715004559,0.9749279121818236,-0.2225209339563143,0.0657285286165304,0,0,0,0,0,1
4208,2024-11-28,1266.4899796402988,-0.5267547528105542,0.8500173118187018,-0.895501317943504,0.4450588607829839,0.4338837391175582,-0.900968867902419,0.0623918271307013,0,0,0,0,0,1
4209,2024-11-29,863.9981523628164,-0.5120551783114646,0.8589525565270845,-0.8796622089871292,0.4755989887288283,-0.433883739117558,-0.9009688679024191,0.0591952734739325,0,0,0,0,0,1
4210,2024-11-30,795.2474391695691,-0.4972040784469378,0.8676336233547726,-0.8627819522593745,0.5055762087514626,-0.9749279121818236,-0.2225209339563146,0.0561347628341337,0,0,0,0,0,1
4211,2024-12-02,725.2072925706962,-0.4670649248774303,0.8842230238742036,-0.8259791204413983,0.5637007118984807,0.0,1.0,0.0504055333627536,0,0,0,0,0,1
4212,2024-12-03,874.6353995111211,-0.451785789832884,0.8921264484954345,-0.8061001043286311,0.5917792002101544,0.7818314824680298,0.6234898018587336,0.0477287077631641,0,0,0,0,0,1
4213,2024-12-04,931.214598357651,-0.4363729641045924,0.8997658785476209,-0.7852670068439961,0.6191572723971441,0.9749279121818236,-0.2225209339563143,0.0451717245647246,0,0,0,0,0,1
4214,2024-12-05,975.1357230434576,-0.4208310085956556,0.9071390534005044,-0.7635044855580851,0.6458025244087264,0.4338837391175582,-0.900968867902419,0.0427306205788496,0,0,0,0,0,1
4215,2024-12-06,888.729928508083,-0.4051645224207563,0.9142437912130223,-0.7408382980859317,0.6716834195431209,-0.433883739117558,-0.9009688679024191,0.0404014788741632,0,0,0,0,0,1
4216,2024-12-07,913.3788910668655,-0.3893781415452015,0.9210779895789526,-0.717295271600886,0.6967693257736101,-0.9749279121818236,-0.2225209339563146,0.0381804338005357,0,0,0,0,0,1
4217,2024-12-09,867.2574272335482,-0.3574644155648614,0.9339267592294762,-0.6676911663366994,0.7444383832097442,0.0,1.0,0.0340474547345993,0,0,0,0,0,1
4218,2024-12-10,921.0053011073924,-0.3413465142450361,0.9399375283564132,-0.641688797825113,0.7669651144255266,0.7818314824680298,0.6234898018587336,0.0321280855748041,0,0,0,0,0,1
4219,2024-12-11,989.1699366483316,-0.3251276029999093,0.9456701548465688,-0.6149269413476359,0.7885840835350667,0.9749279121818236,-0.2225209339563143,0.0303019500674343,0,0,0,0,0,1
4220,2024-12-12,952.245380388814,-0.3088124812662537,0.9511229423235356,-0.587437271616382,0.8092697028283593,0.4338837391175582,-0.900968867902419,0.0285655007845503,0,0,0,0,0,1
4221,2024-12-13,943.5188940382488,-0.2924059769510773,0.956294277219772,-0.5592523247663436,0.828997489286572,-0.433883739117558,-0.9009688679024191,0.0269152637299154,0,0,0,0,0,1
4222,2024-12-14,935.703169655616,-0.2759129450029604,0.9611826292540836,-0.5304054598463659,0.8477440935595867,-0.9749279121818236,-0.2225209339563146,0.0253478407929008,0,0,0,0,0,1
4223,2024-12-16,1156.7799898259198,-0.2426868445825954,0.9701046827361176,-0.4708632887360563,0.8822061909330864,0.0,1.0,0.0224482367321429,0,0,0,0,0,1
4224,2024-12-17,942.1857759793756,-0.225963608248019,0.974135744004672,-0.4402384552773285,0.8978808954950716,0.7818314824680298,0.6234898018587336,0.021109656453671,0,0,0,0,0,1
4225,2024-12-18,1265.548069510087,-0.2091735056463563,0.9778785428342386,-0.4090925658019766,0.9124928890712274,0.9749279121818236,-0.2225209339563143,0.0198410947443702,0,0,0,0,0,1
4226,2024-12-19,944.5206974958212,-0.1923215052390948,0.9813319716704276,-0.3774624838618108,0.9260248772451376,0.4338837391175582,-0.900968867902419,0.0186395588695301,0,0,0,0,0,1
4227,2024-12-20,1168.4018831729743,-0.1754125938042784,0.9844950085880858,-0.345385646087603,0.9384608438697104,-0.433883739117558,-0.9009688679024191,0.0175021403684067,0,0,0,0,0,1
4228,2024-12-21,1205.1338465762112,-0.1584517749608363,0.9873667175937016,-0.3129000178799537,0.949786070023521,-0.9749279121818236,-0.2225209339563146,0.0164260155188855,0,0,0,0,0,1
4229,2024-12-23,1128.450286974218,-0.1243945048397999,0.9922328391893008,-0.2468566254334839,0.969052014331322,0.0,1.0,0.0144467767640457,0,0,0,0,0,1
4230,2024-12-24,1125.7926543300862,-0.1073081316563624,0.994225811815616,-0.2133770286209279,0.9769699297608416,0.7818314824680298,0.6234898018587336,0.0135384401366523,0,0,0,0,0,1
4231,2024-12-25,1033.6919343326197,-0.0901900042703451,0.99592457702866,-0.179644883710313,0.9837315262594304,0.9749279121818236,-0.2225209339563143,0.0126809511496068,0,0,0,0,0,1
4232,2024-12-26,1109.952600671141,-0.0730451882110474,0.9973286321364752,-0.1457001152853506,0.9893288009584252,0.4338837391175582,-0.900968867902419,0.0118719091278277,0,0,0,0,0,1
4233,2024-12-27,1121.689180768272,-0.0558787569053731,0.9984375616565666,-0.1115828995860015,0.9937551290534204,-0.433883739117558,-0.9009688679024191,0.0111089965382423,0,0,0,0,0,1
4234,2024-12-28,1137.8447083706174,-0.0386957901765268,0.999251037438848,-0.0773336169568209,0.9970052716452285,-0.9749279121818236,-0.2225209339563146,0.0103899781147773,0,0,0,0,0,1
4235,2024-12-30,1232.8439044481054,-0.0043005927029819,0.9999907524084426,-0.0086011058657144,0.999963009804806,0.0,1.0,0.0090750878156515,0,0,0,0,0,1
4236,2024-12-31,1617.8127400037918,0.0129014599494196,0.9999167727021951,0.0258007723915406,0.9996671046623472,0.7818314824680298,0.6234898018587336,0.0084751469727328,0,0,0,0,0,1
4237,2025-01-03,1658.9569375652716,0.0515843668694083,0.9986686402879996,0.1030313790431787,0.9946781061893646,-0.433883739117558,-0.9009688679024191,0.0072532058010343,0,0,0,0,0,0
4238,2025-01-04,1559.4050783340742,0.0687554084811394,0.9976335468520452,0.1371854040566005,0.9905453876091832,-0.9749279121818236,-0.2225209339563146,0.0067628442633904,0,0,0,0,0,0
4239,2025-01-06,1463.1570820465738,0.1030313790431787,0.9946781061893646,0.2049661139694953,0.9787690698649216,0.0,1.0,0.0058706306788869,0,0,0,0,0,0
4240,2025-01-07,1401.7231156982327,0.1201261651823505,0.9927586335250792,0.2385125751940764,0.9711394088771652,0.7818314824680298,0.6234898018587336,0.0054656365237319,0,0,0,0,0,0
4241,2025-01-08,1464.300999588572,0.1371854040566005,0.9905453876091832,0.2717767384711357,0.9623603298276544,0.9749279121818236,-0.2225209339563143,0.0050860692310127,0,0,0,0,0,0
4242,2025-01-09,1311.8751102794618,0.1542040475626894,0.988039023376751,0.3047192331091634,0.9524422234305676,0.4338837391175582,-0.900968867902419,0.0047305247785057,0,0,0,0,0,0
4243,2025-01-10,1307.0056839506396,0.1711770596101998,0.985240282501282,0.3373010691361842,0.9413968285264122,-0.433883739117558,-0.9009688679024191,0.0043976626339341,0,0,0,0,0,0
4244,2025-01-11,1363.0217540315307,0.1880994176117975,0.9821499931752292,0.3694836834473831,0.9292372181882051,-0.9749279121818236,-0.2225209339563146,0.0040862038707351,0,0,0,0,0,0
4245,2025-01-13,1324.2427928161069,0.2217721575564818,0.975098513039961,0.4324994021339788,0.901634220265486,0.0,1.0,0.0035226774101574,0,0,0,0,0,0
4246,2025-01-14,1354.2723840138788,0.2385125751940764,0.9711394088771652,0.4632579225674917,0.88622350294858,0.7818314824680298,0.6234898018587336,0.0032683427650369,0,0,0,0,0,0
4247,2025-01-15,1415.4416029721654,0.2551824131233728,0.966892928939152,0.4934681416772373,0.8697638720650646,0.9749279121818236,-0.2225209339563143,0.0030308737915416,0,0,0,0,0,0
4248,2025-01-16,1392.6989239088257,0.2717767384711357,0.9623603298276544,0.5230943033491326,0.8522748088519838,0.4338837391175582,-0.900968867902419,0.0028092710364807,0,0,0,0,0,0
4249,2025-01-17,1265.7502098375192,0.2882906407095177,0.957542952811672,0.5521013427459208,0.8337770129585915,-0.433883739117558,-0.9009688679024191,0.0026025852527254,0,0,0,0,0,0
4250,2025-01-18,1298.9297515514295,0.3047192331091634,0.9524422234305676,0.580454927809098,0.8142923779467267,-0.9749279121818236,-0.2225209339563146,0.0024099155339509,0,0,0,0,0,0
4251,2025-01-20,1251.047824425495,0.3373010691361842,0.9413968285264122,0.6350683134867438,0.7724559775191742,0.0,1.0,0.0020632513354787,0,0,0,0,0,0
4252,2025-01-21,1168.2005182444757,0.3534446712740877,0.9354554315134164,0.6612634749656386,0.7501537286959042,0.7818314824680298,0.6234898018587336,0.0019076802879754,0,0,0,0,0,0
4253,2025-01-22,1208.784593941533,0.3694836834473831,0.9292372181882051,0.6866759803451553,0.726963615332308,0.9749279121818236,-0.2225209339563143,0.0017629686236867,0,0,0,0,0,0
4254,2025-01-23,1140.0387154886746,0.3854133594543256,0.9227440286201428,0.7112757519738152,0.7029130847082615,0.4338837391175582,-0.900968867902419,0.0016284300482412,0,0,0,0,0,0
4255,2025-01-24,1163.445782333234,0.4012289854475009,0.9159777842484876,0.7350336741329412,0.6780306024735382,-0.433883739117558,-0.9009688679024191,0.0015034159919344,0,0,0,0,0,0
4256,2025-01-25,1214.3149738177635,0.4169258813287287,0.908940487313808,0.7579216274973472,0.6523456189565257,-0.9749279121818236,-0.2225209339563146,0.0013873139624241,0,0,0,0,0,0
4257,2025-01-27,1363.9221284220246,0.4479449394078911,0.8940611451454876,0.8009803309782905,0.5986906625177214,0.0,1.0,0.0011795668021961,0,0,0,0,0,0
4258,2025-01-28,1226.1686799545807,0.4632579225674917,0.88622350294858,0.8211001178128892,0.5707841943569036,0.7818314824680298,0.6234898018587336,0.0010868628230603,0,0,0,0,0,0
4259,2025-02-01,1436.6913533358652,0.5230943033491326,0.8522748088519838,0.8916401947968874,0.452744699607371,-0.9749279121818236,-0.2225209339563146,0.0007795407797602,0,0,0,0,0,0
4260,2025-02-03,1483.993841612198,0.5521013427459208,0.8337770129585915,0.9206588168102428,0.3903682146763026,0.0,1.0,0.000658239732409,0,0,0,0,0,0
4261,2025-02-04,1484.7160582875572,0.5663619330814524,0.8241566360566663,0.9335418911179212,0.3584683215124808,0.7818314824680298,0.6234898018587336,0.0006044147037595,0,0,0,0,0,0
4262,2025-02-05,1528.134654601468,0.580454927809098,0.8142923779467267,0.945320046913132,0.3261441535642696,0.9749279121818236,-0.2225209339563143,0.000554717008343,0,0,0,0,0,0
4263,2025-02-06,1414.9406307770405,0.5943761565849831,0.804187157621448,0.9559793438440766,0.2934339689665273,0.4338837391175582,-0.900968867902419,0.0005088543328223,0,0,0,0,0,0
4264,2025-02-07,1525.775852640692,0.6081214998935418,0.7938439653781019,0.9655071658143364,0.2603764827344581,-0.433883739117558,-0.9009688679024191,0.0004665530201723,0,0,0,0,0,0
4265,2025-02-08,1511.3370298855589,0.6216868902665479,0.7832658619336791,0.9738922359149924,0.2270108209414184,-0.9749279121818236,-0.2225209339563146,0.0004275570451654,0,0,0,0,0,0
4266,2025-02-10,1457.4099662919564,0.6482618097757122,0.7614175109532997,0.9871957872910084,0.1595132519726365,0.0,1.0,0.0003585393208955,0,0,0,0,0,0
4267,2025-02-11,1497.338933794738,0.6612634749656386,0.7501537286959042,0.992098522791769,0.1254612333527364,0.7818314824680298,0.6234898018587336,0.0003280850598723,0,0,0,0,0,0
4268,2025-02-13,1490.6416187416478,0.6866759803451553,0.726963615332308,0.998376906467142,0.0569521960340397,0.4338837391175582,-0.900968867902419,0.0002743104674934,0,0,0,0,0,0
4269,2025-02-14,1393.7340127528296,0.6990793005655562,0.7150441465537444,0.9997451236925734,0.0225762630415454,-0.433883739117558,-0.9009688679024191,0.0002805480820737,0,0,0,0,0,0
4270,2025-02-15,1337.9538799230495,0.7112757519738152,0.7029130847082615,0.9999300657962056,-0.0118263906918325,-0.9749279121818236,-0.2225209339563146,0.0003068548257635,0,0,0,0,0,0
4271,2025-02-17,1359.2350267533511,0.7350336741329412,0.6780306024735382,0.9967506498213928,-0.0805490042187416,0.0,1.0,0.0003665564497251,0,0,0,0,0,0
4272,2025-02-18,1276.8789600844668,0.746588114532413,0.6652865452111116,0.9933900548258936,-0.114787625522127,0.7818314824680298,0.6234898018587336,0.0004003345935883,0,0,0,0,0,0
4273,2025-02-19,1263.988166376301,0.7579216274973472,0.6523456189565257,0.9888537064205885,-0.1488903868564548,0.9749279121818236,-0.2225209339563143,0.0004370095298997,0,0,0,0,0,0
4274,2025-02-20,1288.7500501764669,0.7690308592589181,0.6392116531380588,0.98314697372215,-0.1828169249850199,0.4338837391175582,-0.900968867902419,0.0004768087638956,0,0,0,0,0,0
4275,2025-02-21,1278.057227232443,0.7799125224167177,0.6258885343075018,0.976276611086932,-0.2165270852448143,-0.433883739117558,-0.9009688679024191,0.0005199757432558,0,0,0,0,0,0
4276,2025-02-22,1360.262842701855,0.7905633969115482,0.612380204990065,0.9682507501166718,-0.2499809690726521,-0.9749279121818236,-0.2225209339563146,0.0005667708074866,0,0,0,0,0,0
4277,2025-02-24,1438.2711075832058,0.8111602420785621,0.5848239578463322,0.9487718864399473,-0.3159618766579029,0.0,1.0,0.0006723770032408,0,0,0,0,0,0
4278,2025-02-25,1385.1604276572675,0.8211001178128892,0.5707841943569036,0.9373419384643772,-0.3484108069446808,0.7818314824680298,0.6234898018587336,0.0007318024188804,0,0,0,0,0,0
4279,2025-02-26,1451.5006701638504,0.8307970168121247,0.5565755266413303,0.9248025743285088,-0.3804473662878516,0.9749279121818236,-0.2225209339563143,0.0007960866914957,0,0,0,0,0,0
4280,2025-02-27,1451.274443024986,0.8402480696078469,0.5422021592729844,0.9111686353326632,-0.4120336369594263,0.4338837391175582,-0.900968867902419,0.0008655903784247,0,0,0,0,0,0
4281,2025-02-28,1456.4617751213807,0.8494504794814806,0.527668345562516,0.8964562582905575,-0.4431322341826345,-0.433883739117558,-0.9009688679024191,0.0009406975448679,0,0,0,0,0,0
4282,2025-03-01,1365.0550575045047,0.8584015232918917,0.512978386299228,0.8806828564301475,-0.47370635037968,-0.9749279121818236,-0.2225209339563146,0.0010218170249252,0,0,0,0,0,0
4283,2025-03-03,1483.6483814354124,0.8755389928586302,0.4831474640149687,0.8460288880917339,-0.533137056031809,0.0,1.0,0.0012038599948282,0,0,0,0,0,0
4284,2025-03-04,1519.990304431842,0.8837203473619977,0.4680153284438345,0.8271893372462497,-0.5619233046832195,0.7818314824680298,0.6234898018587336,0.0013057369899986,0,0,0,0,0,0
4285,2025-03-06,1418.5045479634114,0.8992961915530253,0.4373400963303323,0.7865965660866021,-0.6174672802835514,0.4338837391175582,-0.900968867902419,0.0015338106793244,0,0,0,0,0,0
4286,2025-03-07,1335.202097531507,0.9066860720977984,0.4218060770826634,0.7648913904341226,-0.6441592666722685,-0.433883739117558,-0.9009688679024191,0.0016611470627641,0,0,0,0,0,0
4287,2025-03-08,1270.4570963100089,0.9138076496466616,0.4061472386305788,0.742280907086982,-0.6700888411055113,-0.9749279121818236,-0.2225209339563146,0.0017981666618475,0,0,0,0,0,0
4288,2025-03-10,1312.5197699925145,0.9272375462179536,0.374473674486883,0.6944521021088763,-0.719538934232584,0.0,1.0,0.0021039250291307,0,0,0,0,0,0
4289,2025-03-11,1233.5645775875794,0.9335418911179212,0.3584683215124808,0.6692903895412567,-0.7430009249440493,0.7818314824680298,0.6234898018587336,0.0022740956104016,0,0,0,0,0,0
4290,2025-03-12,1139.2259523124785,0.9395699859530622,0.342356891994542,0.6433365204044917,-0.765583517007675,0.9749279121818236,-0.2225209339563143,0.0024568164604892,0,0,0,0,0,0
4291,2025-03-13,1162.561264786034,0.945320046913132,0.3261441535642696,0.6166212130956382,-0.7872599821916922,0.4338837391175582,-0.900968867902419,0.0026529083096449,0,0,0,0,0,0
4292,2025-03-14,1060.9591836307586,0.9507903724625832,0.3098349038318025,0.5891760872322963,-0.8080046647350754,-0.433883739117558,-0.9009688679024191,0.0028632370196305,0,0,0,0,0,0
4293,2025-03-15,1256.2317643974093,0.9559793438440766,0.2934339689665273,0.5610336262283677,-0.8277930117131022,-0.9749279121818236,-0.2225209339563146,0.0030887154082367,0,0,0,0,0,0
4294,2025-03-17,1230.3607060947036,0.9655071658143364,0.2603764827344581,0.5027907197793043,-0.8644081744776648,0.0,1.0,0.0035890183886718,0,0,0,0,0,0
4295,2025-03-18,1369.62807647338,0.969843196967294,0.2437297136096838,0.4727592092862775,-0.881191653407483,0.7818314824680298,0.6234898018587336,0.0038659201394728,0,0,0,0,0,0
4296,2025-03-19,1241.973375413116,0.9738922359149924,0.2270108209414184,0.442168151967072,-0.8969321743510065,0.9749279121818236,-0.2225209339563143,0.0041621296730796,0,0,0,0,0,0
4297,2025-03-20,1102.8603338735068,0.977653084481664,0.2102247521189836,0.4110537546870351,-0.911611107193024,0.4338837391175582,-0.900968867902419,0.004478822680028,0,0,0,0,0,0
4298,2025-03-21,1086.222093460526,0.981124629771712,0.1933764744102058,0.3794528437245443,-0.925211078289358,-0.433883739117558,-0.9009688679024191,0.0048172331281061,0,0,0,0,0,0
4299,2025-03-22,1060.8424460511585,0.984305844499033,0.1764709734915216,0.3474028211842774,-0.9377159910299092,-0.9749279121818236,-0.2225209339563146,0.0051786551677508,0,0,0,0,0,0
4300,2025-03-24,1165.5740223034622,0.9897936029670716,0.1425083279161708,0.2821076626819194,-0.9593827529490744,0.0,1.0,0.0059760228950059,0,0,0,0,0,0
4301,2025-03-25,1113.5955827813152,0.992098522791769,0.1254612333527364,0.2489398085537665,-0.9685189578512204,0.7818314824680298,0.6234898018587336,0.0064148747704495,0,0,0,0,0,0
4302,2025-03-26,1067.0035115767837,0.9941098647022418,0.108377012791876,0.2154773150467301,-0.976508846196619,0.9749279121818236,-0.2225209339563143,0.0068825542952156,0,0,0,0,0,0
4303,2025-03-27,1020.8314489834812,0.9958270335100596,0.0912607217293118,0.1817597875913753,-0.9833429613388902,0.4338837391175582,-0.900968867902419,0.0073806845376742,0,0,0,0,0,0
4304,2025-03-28,990.4469228760976,0.9972495210773452,0.0741174251509443,0.1478271334705304,-0.9890132145779884,-0.433883739117558,-0.9009688679024191,0.0079109597339302,0,0,0,0,0,0
4305,2025-03-29,1014.3995899466224,0.998376906467142,0.0569521960340397,0.1137195145859496,-0.9935128947338008,-0.9749279121818236,-0.2225209339563146,0.0084751469727328,0,0,0,0,0,0
4306,2025-03-31,1130.0979249493282,0.9997451236925734,0.0225762630415454,0.0451410177739719,-0.998980624694158,0.0,1.0,0.0097126998429016,0,0,0,0,0,0
4307,2025-04-01,1062.6875946937594,0.9999855506507186,0.0053757315575838,0.0107513077635219,-0.9999422030204416,0.7818314824680298,0.6234898018587336,0.0103899781147773,0,0,0,0,0,0
4308,2025-04-02,1154.7021092464067,0.9999300657962056,-0.0118263906918325,-0.0236511272452315,-0.9997202729664084,0.9749279121818236,-0.2225209339563143,0.0111089965382423,0,0,0,0,0,0
4309,2025-04-03,1164.439103903703,0.9995786855478958,-0.0290250133219752,-0.0580255693287803,-0.9983150972033183,0.4338837391175582,-0.900968867902419,0.0118719091278277,0,0,0,0,0,0
4310,2025-04-04,1076.6356790203895,0.9989315138848576,-0.0462150469837083,-0.0923313336953912,-0.9957283388645872,-0.433883739117558,-0.9009688679024191,0.0126809511496068,0,0,0,0,0,0
4311,2025-04-05,1039.264047128255,0.9979887423155984,-0.0633914048695103,-0.1265278168386831,-0.9919630595773395,-0.9749279121818236,-0.2225209339563146,0.0135384401366523,0,0,0,0,0,0
4312,2025-04-07,1008.4584239753038,0.9952176027737294,-0.0976827678217159,-0.1944312200476619,-0.9809161537413774,0.0,1.0,0.0154084455711887,0,0,0,0,0,0
4313,2025-04-08,961.7165449976776,0.9933900548258936,-0.114787625522127,-0.2280577712215198,-0.9736476020539838,0.7818314824680298,0.6234898018587336,0.0164260155188855,0,0,0,0,0,0
4314,2025-04-09,978.4260508035736,0.9912685467787256,-0.1318585157173911,-0.2614143985111562,-0.965226663665613,0.9749279121818236,-0.2225209339563143,0.0175021403684067,0,0,0,0,0,0
4315,2025-04-10,929.641749543412,0.9888537064205885,-0.1488903868564548,-0.2944616217868012,-0.9556633054034704,0.4338837391175582,-0.900968867902419,0.0186395588695301,0,0,0,0,0,0
4316,2025-04-11,802.7460617718928,0.986146248341595,-0.1658781989346314,-0.3271603271220951,-0.9449688462364056,-0.433883739117558,-0.9009688679024191,0.0198410947443702,1,0,0,0,0,0
4317,2025-04-12,847.6604360984322,0.98314697372215,-0.1828169249850199,-0.3594718130884232,-0.9331559438780432,-0.9749279121818236,-0.2225209339563146,0.021109656453671,1,0,0,0,0,0
4318,2025-04-14,967.077864100801,0.976276611086932,-0.2165270852448143,-0.4227806579826773,-0.9062320427107696,0.0,1.0,0.0238599118793802,1,0,0,0,0,0
4319,2025-04-15,972.7036584698956,0.9724075561219968,-0.2332885440754551,-0.4537030860313442,-0.8911529104063088,0.7818314824680298,0.6234898018587336,0.0253478407929008,1,0,0,0,0,0
4320,2025-04-16,897.9860270499538,0.9682507501166718,-0.2499809690726521,-0.4840885216389758,-0.8750190302029955,0.9749279121818236,-0.2225209339563143,0.0269152637299154,1,0,0,0,0,0
4321,2025-04-17,837.7275870191828,0.9638074231367308,-0.2665994206792935,-0.5139010013093103,-0.8578494977869301,0.4338837391175582,-0.900968867902419,0.0285655007845503,1,0,0,0,0,0
4322,2025-04-18,887.4750274167085,0.9590788900341132,-0.2831389812281835,-0.5431052396834317,-0.8396646346181327,-0.433883739117558,-0.9009688679024191,0.0303019500674343,1,0,0,0,0,0
4323,2025-04-19,910.9256514861376,0.9540665500578388,-0.2995947563972602,-0.5716666713027052,-0.8204859638785327,-0.9749279121818236,-0.2225209339563146,0.0321280855748041,1,0,0,0,0,0
4324,2025-04-21,808.8472210997063,0.9431964659565866,-0.3322354987159043,-0.6267266965083301,-0.7792391467859886,0.0,1.0,0.0360636756174023,1,0,0,0,0,0
4325,2025-04-22,739.2433592701905,0.9373419384643772,-0.3484108069446808,-0.65316012232693,-0.7572198192083127,0.7818314824680298,0.6234898018587336,0.0381804338005357,1,0,0,0,0,0
4326,2025-04-23,716.9933341993525,0.9312100364121948,-0.3644830148102912,-0.6788204829862355,-0.734304263829602,0.9749279121818236,-0.2225209339563143,0.0404014788741632,1,0,0,0,0,0
4327,2025-04-24,675.7056582560533,0.9248025743285088,-0.3804473662878516,-0.7036774074790128,-0.7105196029692745,0.4338837391175582,-0.900968867902419,0.0427306205788496,1,0,0,0,0,0
4328,2025-04-25,634.050571552762,0.9181214482844364,-0.3962991372689181,-0.7277014757264236,-0.6858939875998223,-0.433883739117558,-0.9009688679024191,0.0451717245647246,1,0,0,0,0,0
4329,2025-04-26,745.4139086097107,0.9111686353326632,-0.4120336369594263,-0.7508642533989489,-0.6604565640279754,-0.9749279121818236,-0.2225209339563146,0.0477287077631641,1,0,0,0,0,0
4330,2025-04-28,684.9044834679263,0.8964562582905575,-0.4431322341826345,-0.7944973291665992,-0.6072676460566135,0.0,1.0,0.0532062053822325,1,0,0,0,0,0
4331,2025-04-29,670.3605650115361,0.8887010478292915,-0.4584871291400876,-0.8149159841660791,-0.5795791048257612,0.7818314824680298,0.6234898018587336,0.0561347628341337,1,0,0,0,0,0
4332,2025-04-30,758.7824905174641,0.8806828564301475,-0.47370635037968,-0.8343701235229537,-0.5512045872199277,0.9749279121818236,-0.2225209339563143,0.0591952734739325,1,0,0,0,0,0
4333,2025-05-01,744.0906179136251,0.8724040568049612,-0.4887853942889926,-0.8528367217694595,-0.522177676659508,0.4338837391175582,-0.900968867902419,0.0623918271307013,1,0,0,0,0,0
4334,2025-05-02,624.0541236008063,0.8638670987837349,-0.503719798736334,-0.8702939222685674,-0.4925327287220543,-0.433883739117558,-0.9009688679024191,0.0657285286165304,1,0,0,0,0,0
4335,2025-05-03,665.5527756598387,0.8550745085896932,-0.518505144391157,-0.886721063082993,-0.4623048304798108,-0.9749279121818236,-0.2225209339563146,0.0692094902133194,1,0,0,0,0,0
4336,2025-05-05,630.9611408577639,0.8367329140344921,-0.5476112038402312,-0.9164086366943458,-0.4002439388573056,0.0,1.0,0.0766206321804935,1,0,0,0,0,0
4337,2025-05-06,620.1972967258178,0.8271893372462497,-0.5619233046832195,-0.9296339319682696,-0.3684843993077793,0.7818314824680298,0.6234898018587336,0.080559000939185,1,0,0,0,0,0
4338,2025-05-07,635.8604063289954,0.8174009818249189,-0.5760691233798758,-0.9417589340994617,-0.3362887301766828,0.9749279121818236,-0.2225209339563143,0.0846579886225299,1,0,0,0,0,0
4339,2025-05-08,720.3150721832567,0.8073707443023492,-0.5900444739548627,-0.9527692922168512,-0.3036950375106588,0.4338837391175582,-0.900968867902419,0.0889216174593863,1,0,0,0,0,0
4340,2025-05-09,757.7796770041325,0.7971015927871943,-0.6038452208771035,-0.9626519747161488,-0.2707418984477642,-0.433883739117558,-0.9009688679024191,0.093353863304629,1,0,0,0,0,0
4341,2025-05-10,620.5363119943385,0.7865965660866021,-0.6174672802835514,-0.97139528468375,-0.2374683155584684,-0.9749279121818236,-0.2225209339563146,0.0979586452573397,1,0,0,0,0,0
4342,2025-05-12,604.6176926793297,0.7648913904341226,-0.6441592666722685,-0.9854237542919524,-0.1701176783204905,0.0,1.0,0.1077011451900321,1,0,0,0,0,0
4343,2025-05-13,606.7016659737784,0.753697664392914,-0.6572212950663319,-0.9906923101615608,-0.136120338622667,0.7818314824680298,0.6234898018587336,0.1128463189671638,1,0,0,0,0,0
4344,2025-05-14,500.53605109696224,0.742280907086982,-0.6700888411055113,-0.994788305609327,-0.1019618900517457,0.9749279121818236,-0.2225209339563143,0.1181789171817805,1,0,0,0,0,0
4345,2025-05-15,447.5412665039602,0.7306444969184916,-0.6827580970759147,-0.9977068927101168,-0.0676827617545516,0.4338837391175582,-0.900968867902419,0.1237024067768548,1,0,0,0,0,0
4346,2025-05-16,410.7868493855755,0.7187918772884232,-0.6952253139408722,-0.9994446170919858,-0.0333235257116313,-0.433883739117558,-0.9009688679024191,0.1294201282977755,1,0,0,0,0,0
4347,2025-05-17,456.38658384061694,0.7067265555776158,-0.7074868024503348,-0.9999994220246924,0.0010751512827982,-0.9749279121818236,-0.2225209339563146,0.1353352832366127,1,0,0,0,0,0
4348,2025-05-19,483.80564486688337,0.6819721490904629,-0.7313781428679254,-0.9975590477788612,0.0698279757298708,0.0,1.0,0.1477699265043177,1,0,0,0,0,0
4349,2025-05-20,474.9167479293197,0.6692903895412567,-0.7430009249440493,-0.9945667569706336,0.1041007489354256,0.7818314824680298,0.6234898018587336,0.1542950055015683,1,0,0,0,0,0
4350,2025-05-21,448.6288095933084,0.6564105761979381,-0.7544038410927472,-0.9903973200352558,0.1382503109109819,0.9749279121818236,-0.2225209339563143,0.1610286725459804,0,1,0,0,0,0
4351,2025-05-22,329.6048889105596,0.6433365204044917,-0.765583517007675,-0.9850556718215012,0.172236243027682,0.4338837391175582,-0.900968867902419,0.1679732367575336,0,1,0,0,0,0
4352,2025-05-23,352.87499903216064,0.6300720909843687,-0.7765366444428655,-0.9785481345802032,0.2060183203251708,-0.433883739117558,-0.9009688679024191,0.1751307883451509,0,1,0,0,0,0
4353,2025-05-24,468.014156654559,0.6166212130956382,-0.7872599821916922,-0.9708824104813836,0.239556559120927,-0.9749279121818236,-0.2225209339563146,0.1825031849518363,0,1,0,0,0,0
4354,2025-05-26,558.7253935621954,0.5891760872322963,-0.8080046647350754,-0.9521140536681102,0.3057430764672831,0.0,1.0,0.1978986990836146,0,1,0,0,0,0
4355,2025-05-27,494.0739821134936,0.5751899607119775,-0.8180198708443175,-0.9410336347451196,0.3383130181923076,0.7818314824680298,0.6234898018587336,0.2059242464341987,0,1,0,0,0,0
4356,2025-05-28,516.7445961095369,0.5610336262283677,-0.8277930117131022,-0.9288394302558068,0.3704825404820963,0.9749279121818236,-0.2225209339563143,0.2141694715316088,0,1,0,0,0,0
4357,2025-05-29,544.9213622811313,0.5467112728685939,-0.8373211953118121,-0.9155458729775467,0.4022135682368036,0.4338837391175582,-0.900968867902419,0.2226348658788909,0,1,0,0,0,0
4358,2025-05-30,666.3142807612774,0.5322271388474397,-0.8466016020976267,-0.9011686968561567,0.4334685453485363,-0.433883739117558,-0.9009688679024191,0.2313206080041767,0,1,0,0,0,0
4359,2025-05-31,565.0726286458591,0.5175855102531889,-0.8556314858488706,-0.8857249183835637,0.4642104791518923,-0.9749279121818236,-0.2225209339563146,0.2402265507324824,0,1,0,0,0,0
4360,2025-06-02,600.6280180489221,0.4878471454423119,-0.8729290708206411,-0.8517119107469189,0.5240103253675756,0.0,1.0,0.258696746701885,0,1,0,0,0,0
4361,2025-06-03,566.9342298802269,0.4727592092862775,-0.881191653407483,-0.8331829385891785,0.5529974600700271,0.7818314824680298,0.6234898018587336,0.2682589673008851,0,1,0,0,0,0
4362,2025-06-04,638.675016056519,0.4575313760742512,-0.8891934772070711,-0.8136678304455991,0.5813300798152042,0.9749279121818236,-0.2225209339563143,0.2780373004531941,0,1,0,0,0,0
4363,2025-06-05,555.2067485834973,0.442168151967072,-0.8969321743510065,-0.7931896839451843,0.6089746507720486,0.4338837391175582,-0.900968867902419,0.2880297924974456,0,1,0,0,0,0
4364,2025-06-06,501.6917714198392,0.4266740831899246,-0.9044054548343,-0.7717727365467837,0.6358984534680745,-0.433883739117558,-0.9009688679024191,0.2982340961814215,0,1,0,0,0,0
4365,2025-06-07,533.5750445071515,0.4110537546870351,-0.911611107193024,-0.7494423368521953,0.6620696215153815,-0.9749279121818236,-0.2225209339563146,0.3086474612366189,0,1,0,0,0,0
4366,2025-06-09,655.3877222012505,0.3794528437245443,-0.925211078289358,-0.7021479494046978,0.7120310787787131,0.0,1.0,0.3300883075351398,0,1,0,0,0,0
4367,2025-06-10,557.3662962117044,0.3634816124829063,-0.9316013725767188,-0.6772399381909491,0.7357622347736527,0.7818314824680298,0.6234898018587336,0.3411081980965921,0,1,0,0,0,0
4368,2025-06-11,597.9399227998742,0.3474028211842774,-0.9377159910299092,-0.6515303615068021,0.75862255966641,0.9749279121818236,-0.2225209339563143,0.3523219549954969,0,1,0,0,0,0
4369,2025-06-12,625.3127118695666,0.3312212278016865,-0.9435531242349544,-0.6250496486104377,0.7805849965070866,0.4338837391175582,-0.900968867902419,0.3637246969042016,0,1,0,0,0,0
4370,2025-06-13,664.7996153737228,0.3149416207289519,-0.9491110448902284,-0.5978291414589552,0.801623551065242,-0.433883739117558,-0.9009688679024191,0.3753110988513995,0,1,0,0,0,0
4371,2025-06-14,827.9443773386217,0.2985688173637202,-0.9543881083175908,-0.5699010576127624,0.821713322596059,-0.9749279121818236,-0.2225209339563146,0.3870753885499897,0,1,0,0,0,0
4372,2025-06-16,524.0009706201758,0.2655630278040559,-0.9640935007889756,-0.5120551783114646,0.8589525565270845,0.0,1.0,0.4111122905071874,0,1,0,0,0,0
4373,2025-06-17,683.1631576533186,0.2489398085537665,-0.9685189578512204,-0.4822058478963526,0.8760579434344281,0.7818314824680298,0.6234898018587336,0.4233711028530494,0,1,0,0,0,0
4374,2025-06-18,450.18275874656246,0.2322429240090701,-0.9726578145718654,-0.451785789832884,0.8921264484954345,0.9749279121818236,-0.2225209339563143,0.4357802031543156,0,1,0,0,0,0
4375,2025-06-19,603.7659241237869,0.2154773150467301,-0.976508846196619,-0.4208310085956556,0.9071390534005044,0.4338837391175582,-0.900968867902419,0.448331563940943,0,1,0,0,0,0
4376,2025-06-20,777.6920624671089,0.1986479428801711,-0.9800709131432666,-0.3893781415452015,0.9210779895789526,-0.433883739117558,-0.9009688679024191,0.4610167107835354,0,1,0,0,0,0
4377,2025-06-21,796.5909752347952,0.1817597875913753,-0.9833429613388902,-0.3574644155648614,0.9339267592294762,-0.9749279121818236,-0.2225209339563146,0.473826726395364,0,1,0,0,0,0
4378,2025-06-23,564.0204901321029,0.1478271334705304,-0.9890132145779884,-0.2924059769510773,0.956294277219772,0.0,1.0,0.4997835137030315,0,1,0,0,0,0
4379,2025-06-24,503.9269540937488,0.1307926758567592,-0.9914097417023038,-0.2593382659754056,0.9657865518844574,0.7818314824680298,0.6234898018587336,0.5129102907232946,0,1,0,0,0,0
4380,2025-06-25,515.7230709853839,0.1137195145859496,-0.9935128947338008,-0.225963608248019,0.974135744004672,0.9749279121818236,-0.2225209339563143,0.5261219640934566,0,1,0,0,0,0
4381,2025-06-26,648.9796179910262,0.0966127018812031,-0.9953220513156602,-0.1923215052390948,0.9813319716704276,0.4338837391175582,-0.900968867902419,0.5394075072376265,0,1,0,0,0,0
4382,2025-06-27,431.5187988515869,0.0794772999236209,-0.9968366760893436,-0.1584517749608363,0.9873667175937016,-0.433883739117558,-0.9009688679024191,0.5527555015877842,0,1,0,0,0,0
4383,2025-06-28,496.1989615274826,0.062318379354325,-0.998056320853012,-0.1243945048397999,0.9922328391893008,-0.9749279121818236,-0.2225209339563146,0.5661541495171976,0,1,0,0,0,0
4384,2025-06-30,724.8806404833167,0.0279502982402103,-0.999609314096404,-0.0558787569053731,0.9984375616565666,0.0,1.0,0.5930544067956073,0,1,0,0,0,0
4385,2025-07-01,427.6582821258116,0.0107513077635219,-0.9999422030204416,-0.0215013727408137,0.999768818762748,0.7818314824680298,0.6234898018587336,0.6065306597126334,0,0,1,0,0,0
4386,2025-07-02,603.0987742292325,-0.0064508641981051,-0.9999791929590824,0.0129014599494196,0.9999167727021951,0.9749279121818236,-0.2225209339563143,0.6200068879809458,0,0,1,0,0,0
4387,2025-07-03,370.328872954275,-0.0236511272452315,-0.9997202729664084,0.0472890227711323,0.9988812483600598,0.4338837391175582,-0.900968867902419,0.6334696366573507,0,0,1,0,0,0
4388,2025-07-04,548.8022002843363,-0.0408443915432961,-0.9991655196610107,0.0816206154031905,0.996663471358916,-0.433883739117558,-0.9009688679024191,0.6469051754643523,0,0,1,0,0,0
4389,2025-07-05,989.8067558163316,-0.0580255693287803,-0.9983150972033183,0.1158556037694784,0.9932660666081418,-0.9749279121818236,-0.2225209339563146,0.6602995202173131,0,0,1,0,0,0
4390,2025-07-07,747.8275660049542,-0.0923313336953912,-0.9957283388645872,0.1838738510513275,0.9829498496360606,0.0,1.0,0.6869075574573877,0,0,1,0,0,0
4391,2025-07-08,501.233817645269,-0.1094457686489155,-0.993992768446958,0.2175766051482817,0.976043247449696,0.7818314824680298,0.6234898018587336,0.7000922199176512,0,0,1,0,0,0
4392,2025-07-09,686.0467508125489,-0.1265278168386831,-0.9919630595773395,0.2510218406258827,0.9679814231320734,0.9749279121818236,-0.2225209339563143,0.71317767835549,0,0,1,0,0,0
4393,2025-07-10,775.9386627903157,-0.1435724234118113,-0.9896398128792412,0.2841699724797683,0.9587739184713192,0.4338837391175582,-0.900968867902419,0.7261490370736908,0,0,1,0,0,0
4394,2025-07-11,1063.6421835060687,-0.1605745445949937,-0.9870237158387384,0.3169817673505278,0.9484316312562208,-0.433883739117558,-0.9009688679024191,0.7389912962803088,0,0,0,1,0,0
4395,2025-07-12,1026.147317287424,-0.1775291491870349,-0.984115542601034,0.3494183899593976,0.936966802377855,-0.9749279121818236,-0.2225209339563146,0.751689380082437,0,0,0,1,0,0
4396,2025-07-14,958.9739255407928,-0.2112757555821793,-0.9774264960104057,0.4130130429412807,0.9107251102063584,0.0,1.0,0.7765925101265281,0,0,0,1,0,0
4397,2025-07-15,1028.457307308872,-0.2280577712215198,-0.9736476020539838,0.4440958041592176,0.8959793059709459,0.7818314824680298,0.6234898018587336,0.7887672852587113,0,0,0,1,0,0
4398,2025-07-16,910.0850519768784,-0.2447723008972595,-0.9695805901076308,0.4746529438919349,0.8801730414269229,0.9749279121818236,-0.2225209339563143,0.8007374029168081,0,0,0,1,0,0
4399,2025-07-17,842.5544962756156,-0.2614143985111562,-0.965226663665613,0.5046482954181526,0.8633250245021008,0.4338837391175582,-0.900968867902419,0.8124878481707274,0,0,0,1,0,0
4400,2025-07-18,926.4677236346296,-0.2779791393987801,-0.9605871111248128,0.5340463569360717,0.8454551961182272,-0.433883739117558,-0.9009688679024191,0.8240037097874371,0,0,0,1,0,0
4401,2025-07-19,1068.0009263976058,-0.2944616217868012,-0.9556633054034704,0.5628123335824821,0.8265847065893737,-0.9749279121818236,-0.2225209339563146,0.835270211411272,0,0,0,1,0,0
4402,2025-07-21,912.4066267962578,-0.3271603271220951,-0.9449688462364056,0.6183126337097825,0.7859322407147274,0.0,1.0,0.8569968914352789,0,0,0,1,0,0
4403,2025-07-22,618.8688289649841,-0.343366873996388,-0.939201357453208,0.6449812683237445,0.7641983796838971,0.7818314824680298,0.6234898018587336,0.8674284731834108,0,0,0,1,0,0
4404,2025-07-23,696.0407248393608,-0.3594718130884232,-0.9331559438780432,0.6708865180801582,0.7415600311898435,0.9749279121818236,-0.2225209339563143,0.8775535639640376,0,0,0,1,0,0
4405,2025-07-24,623.2724701903259,-0.3754703786876202,-0.9268343944460494,0.6959977221267386,0.7180439894563502,0.4338837391175582,-0.900968867902419,0.8873585302803527,0,0,0,1,0,0
4406,2025-07-25,744.92091390352,-0.3913578365610259,-0.9202385798054076,0.7202851594252706,0.6936780875245466,-0.433883739117558,-0.9009688679024191,0.8968300597468688,0,0,0,1,0,0
4407,2025-07-26,873.1793900252749,-0.4071294853542516,-0.9133704517637858,0.7437200839287408,0.6684911643103645,-0.9749279121818236,-0.2225209339563146,0.9059551911095096,0,0,0,1,0,0
4408,2025-07-28,960.780361298726,-0.4383067230125192,-0.898825465016444,0.7879224882631226,0.6157744331240536,0.0,1.0,0.9231163463866358,0,0,0,1,0,0
4409,2025-07-29,1013.655024920731,-0.4537030860313442,-0.8911529104063088,0.8086376511543126,0.5883070194512693,0.7818314824680298,0.6234898018587336,0.9311284654622024,0,0,0,1,0,0
4410,2025-07-30,1493.5289719519078,-0.4689651910076318,-0.8832166493127127,0.8283957292921138,0.5601432992463508,0.9749279121818236,-0.2225209339563143,0.938746432156527,0,0,0,1,0,0
4411,2025-07-31,1006.3755707192312,-0.4840885216389758,-0.8750190302029955,0.847173337473877,0.5313166064347815,0.4338837391175582,-0.900968867902419,0.9459594689067654,0,0,0,1,0,0
4412,2025-08-01,1208.9739226085958,-0.4990686026885319,-0.8665624788845385,0.8649482509584342,0.5018610596210326,-0.433883739117558,-0.9009688679024191,0.9527573147659876,0,0,0,1,0,0
4413,2025-08-04,1425.008739109453,-0.5431052396834317,-0.8396646346181327,0.912052525275964,0.4100733972568043,0.0,1.0,0.9705653490349352,0,0,0,1,0,0
4414,2025-08-05,1282.2434060804806,-0.5574684374327892,-0.8301981337405212,0.9256185127518922,0.3784578825324888,0.7818314824680298,0.6234898018587336,0.975610980064846,0,0,0,1,0,0
4415,2025-08-06,1136.7492352045504,-0.5716666713027052,-0.8204859638785327,0.9380889596420648,0.3463944338433696,0.9749279121818236,-0.2225209339563143,0.9801986733067553,0,0,0,1,0,0
4416,2025-08-07,990.5891165128394,-0.5856957398073508,-0.8105309990194823,0.9494491062150135,0.3139210007430401,0.4338837391175582,-0.900968867902419,0.9843217347761178,0,0,0,1,0,0
4417,2025-08-08,1021.5667320582328,-0.5995514915196489,-0.8003361849976323,0.9596855068649522,0.2810760180331286,-0.433883739117558,-0.9009688679024191,0.987974130351234,0,0,0,1,0,0
4418,2025-08-09,1162.0650411593476,-0.6132298262997502,-0.7899045386224707,0.968786046025684,0.2478983602727564,-0.9749279121818236,-0.2225209339563146,0.9911505004882848,0,0,0,1,0,0
4419,2025-08-11,1084.7242560590605,-0.6400381082043503,-0.7683431655492202,0.9835378122597296,0.1807024400923929,0.0,1.0,0.9960571761381908,0,0,0,1,0,0
4420,2025-08-12,848.3011755727149,-0.65316012232693,-0.7572198192083127,0.9891715794849548,0.1467637092037396,0.7818314824680298,0.6234898018587336,0.9977802450856064,0,0,0,1,0,0
4421,2025-08-13,955.7351156750468,-0.666088855860977,-0.7458723993404063,0.993634586189866,0.112651272195629,0.9749279121818236,-0.2225209339563143,0.9990128332490112,0,0,0,1,0,0
4422,2025-08-14,880.986013210121,-0.6788204829862355,-0.734304263829602,0.9969215500633252,0.0784055037566676,0.4338837391175582,-0.900968867902419,0.9997531169004024,0,0,0,1,0,0
4423,2025-08-15,968.8412563449168,-0.6913512362094071,-0.722518835873311,0.9990285807311906,0.0440669363834491,-0.433883739117558,-0.9009688679024191,1.0,0,0,0,1,0,0
4424,2025-08-16,1146.93066912799,-0.7036774074790128,-0.7105196029692745,0.999953184360873,0.0096762124072308,-0.9749279121818236,-0.2225209339563146,0.9997531169004024,0,0,0,1,0,0
4425,2025-08-18,971.9625632255138,-0.7277014757264236,-0.6858939875998223,0.998252133936544,-0.0590988755488295,0.0,1.0,0.9977802450856064,0,0,0,1,0,0
4426,2025-08-19,855.3171820167213,-0.7393922635959241,-0.673274892250183,0.9956284932063294,-0.093401838931009,0.7818314824680298,0.6234898018587336,0.9960571761381908,0,0,0,1,0,0
4427,2025-08-20,1022.246577742128,-0.7508642533989489,-0.6604565640279754,0.9918264497026016,-0.1275942540647218,0.9749279121818236,-0.2225209339563143,0.9938461733264412,0,0,0,1,0,0
4428,2025-08-21,997.509237155248,-0.7621140503891487,-0.6474427960827475,0.9868505034357966,-0.1616356516011078,0.4338837391175582,-0.900968867902419,0.9911505004882848,0,0,0,1,0,0
4429,2025-08-22,993.6646694210184,-0.7731383255706026,-0.6342374393978054,0.9807065438204116,-0.1954857409322303,-0.433883739117558,-0.9009688679024191,0.987974130351234,0,0,0,1,0,0
4430,2025-08-23,993.9254179660892,-0.7839338166829201,-0.620844401650647,0.973401842704431,-0.2291044578781002,-0.9749279121818236,-0.2225209339563146,0.9843217347761178,0,0,0,1,0,0
4431,2025-08-25,1066.2129677472822,-0.8048257371083452,-0.593511190196115,0.9553461622632788,-0.2954889342239821,0.0,1.0,0.975610980064846,0,0,0,1,0,0
4432,2025-08-26,930.5945504132186,-0.8149159841660791,-0.5795791048257612,0.9446165532223606,-0.3281761224987386,0.7818314824680298,0.6234898018587336,0.9705653490349352,0,0,0,1,0,0
4433,2025-08-27,992.9480954785464,-0.8247650844733614,-0.5654755126737576,0.9327689179559782,-0.3604748891327019,0.9749279121818236,-0.2225209339563143,0.9650691177896804,0,0,0,1,0,0
4434,2025-08-28,1269.6528070333816,-0.8343701235229537,-0.5512045872199277,0.9198172790502196,-0.3923470060554182,0.4338837391175582,-0.900968867902419,0.9591302497107984,0,0,0,1,0,0
4435,2025-08-29,1080.9042391955736,-0.8437282590292712,-0.5367705514607103,0.905776965764254,-0.4237547501691298,-0.433883739117558,-0.9009688679024191,0.9527573147659876,0,0,0,1,0,0
4436,2025-08-30,1051.86882837922,-0.8528367217694595,-0.522177676659508,0.8906645958869751,-0.4546609479969567,-0.9749279121818236,-0.2225209339563146,0.9459594689067654,0,0,0,1,0,0
4437,2025-09-01,1253.4591141220951,-0.8702939222685674,-0.4925327287220543,0.8572964806503138,-0.5148230222752145,0.0,1.0,0.9311284654622024,0,0,0,1,0,0
4438,2025-09-02,1168.4537034872797,-0.8786374941610001,-0.4774894280028391,0.8390802290175676,-0.5440076922910431,0.7818314824680298,0.6234898018587336,0.9231163463866358,0,0,0,1,0,0
4439,2025-09-03,1414.1276175781925,-0.886721063082993,-0.4623048304798108,0.8198708615029215,-0.5725484874300667,0.9749279121818236,-0.2225209339563143,0.914721343722234,0,0,0,1,0,0
4440,2025-09-04,1406.0823701426425,-0.8945422369764496,-0.4469834295196741,0.7996911138678691,-0.600411627469661,0.4338837391175582,-0.900968867902419,0.9059551911095096,0,0,0,1,0,0
4441,2025-09-05,1091.7960499643536,-0.9020987014301836,-0.4315297589714714,0.7785648703932891,-0.6275641342440474,-0.433883739117558,-0.9009688679024191,0.8968300597468688,0,0,0,1,0,0
4442,2025-09-06,1088.6802297900297,-0.9093882203647924,-0.4159483918249421,0.756517135610563,-0.6539738706764888,-0.9749279121818236,-0.2225209339563146,0.8873585302803527,0,0,0,1,0,0
4443,2025-09-08,1217.2053216021502,-0.923157872964704,-0.3844210472688554,0.709762632639161,-0.7044409168334328,0.0,1.0,0.8674284731834108,0,0,0,1,0,0
4444,2025-09-09,925.98498726243,-0.9296339319682696,-0.3684843993077793,0.6851112019949135,-0.72843849493357,0.7818314824680298,0.6234898018587336,0.8569968914352789,0,0,0,1,0,0
4445,2025-09-10,797.5456727421761,-0.935834897334994,-0.3524387108846032,0.6596488896351408,-0.7515739101399981,0.9749279121818236,-0.2225209339563143,0.8462727428586204,0,0,0,1,0,0
4446,2025-09-11,927.388154405563,-0.9417589340994617,-0.3362887301766828,0.6334058321617086,-0.7738197799123084,0.4338837391175582,-0.900968867902419,0.835270211411272,0,0,0,1,0,0
4447,2025-09-12,876.8990537628521,-0.9474042892438844,-0.3200392362231385,0.6064130902482765,-0.7951497745554202,-0.433883739117558,-0.9009688679024191,0.8240037097874371,0,0,0,1,0,0
4448,2025-09-13,1270.4782903374312,-0.9527692922168512,-0.3036950375106588,0.578702611877601,-0.8155386483827991,-0.9749279121818236,-0.2225209339563146,0.8124878481707274,0,0,0,1,0,0
4449,2025-09-15,1012.6263542673988,-0.9626519747161488,-0.2707418984477642,0.5212604463582784,-0.8533976488498011,0.0,1.0,0.7887672852587113,0,0,0,1,0,0
4450,2025-09-16,786.827572270852,-0.9671667297977312,-0.2541427094613622,0.4915967464233612,-0.8708229664552752,0.7818314824680298,0.6234898018587336,0.7765925101265281,0,0,0,1,0,0
4451,2025-09-17,857.6874550198073,-0.97139528468375,-0.2374683155584684,0.461351203990578,-0.8872175982116474,0.9749279121818236,-0.2225209339563143,0.7642281651714905,0,0,0,1,0,0
4452,2025-09-18,1040.0487247093076,-0.9753363880767836,-0.2207236509605022,0.4305596169818739,-0.9025621398133328,0.4338837391175582,-0.900968867902419,0.751689380082437,0,0,0,1,0,0
4453,2025-09-19,1133.878930049925,-0.978988873740932,-0.2039136706831147,0.3992584296048835,-0.9168384298170764,-0.433883739117558,-0.9009688679024191,0.7389912962803088,0,0,0,1,0,0
4454,2025-09-20,950.5140883018385,-0.9823516608469236,-0.1870433490699165,0.3674846892184069,-0.9300295711374188,-0.9749279121818236,-0.2225209339563146,0.7261490370736908,0,0,0,1,0,0
4455,2025-09-22,1077.473498725312,-0.9882042449941422,-0.15314166701312,0.3026704908556892,-0.9530952596488852,0.0,1.0,0.7000922199176512,0,0,0,1,0,0
4456,2025-09-23,1327.5537165618764,-0.9906923101615608,-0.136120338622667,0.2697067454601279,-0.962942506826501,0.7818314824680298,0.6234898018587336,0.6869075574573877,0,0,0,1,0,0
4457,2025-09-24,1297.561064784396,-0.9928872135356962,-0.1190587300340498,0.2364237814212129,-0.9716500376053584,0.9749279121818236,-0.2225209339563143,0.6736384553447267,0,0,0,1,0,0
4458,2025-09-25,1264.668583419637,-0.994788305609327,-0.1019618900517457,0.2028609916826013,-0.9792075459541514,0.4338837391175582,-0.900968867902419,0.6602995202173131,0,0,0,1,0,0
4459,2025-09-26,1185.292419957341,-0.9963950238187232,-0.0848348779057653,0.1690581003831471,-0.9856060869814276,-0.433883739117558,-0.9009688679024191,0.6469051754643523,0,0,0,1,0,0
4460,2025-09-27,870.4623399273407,-0.9977068927101168,-0.0676827617545516,0.1350551158403456,-0.9908380875225532,-0.9749279121818236,-0.2225209339563146,0.6334696366573507,0,0,0,1,0,0
4461,2025-09-29,1237.4847483025558,-0.9994446170919858,-0.0333235257116313,0.0666100367900326,-0.9977790852682924,0.0,1.0,0.6065306597126334,0,0,0,1,0,0
4462,2025-09-30,1381.4841926145716,-0.9998699583618592,-0.0161265732706577,0.0322489522893041,-0.9994798672690922,0.7818314824680298,0.6234898018587336,0.5930544067956073,0,0,0,1,0,0
4463,2025-10-01,1329.1660281732682,-0.9999994220246924,0.0010751512827982,-0.0021503013227746,-0.9999976880994382,0.9749279121818236,-0.2225209339563143,0.5795912885442627,0,0,0,0,1,0
4464,2025-10-02,949.2022806948996,-0.999832969770105,0.0182765576816912,-0.0365470098881199,-0.9993319348786156,0.4338837391175582,-0.900968867902419,0.5661541495171976,0,0,0,0,1,0
4465,2025-10-03,1020.197934691309,-0.9993706508539968,0.0354725557531255,-0.0709004622609115,-0.9974833955766828,-0.433883739117558,-0.9009688679024191,0.5527555015877842,0,0,0,0,1,0
4466,2025-10-04,1901.134918440153,-0.9986126020839734,0.052658056924614,-0.1051699984923495,-0.9944542580818482,-0.9749279121818236,-0.2225209339563146,0.5394075072376265,0,0,0,0,1,0
4467,2025-10-09,772.8115242493552,-0.9903973200352558,0.1382503109109819,-0.2738454748405547,-0.9617737030660336,0.4338837391175582,-0.900968867902419,0.473826726395364,0,0,0,0,1,0
4468,2025-10-10,567.0961419870742,-0.9878726596350428,0.1552662498599956,-0.3067665664015059,-0.9517847833088268,-0.433883739117558,-0.9009688679024191,0.4610167107835354,0,0,0,0,1,0
4469,2025-10-11,560.9487666598193,-0.9850556718215012,0.172236243027682,-0.3393245761752893,-0.9406693531754186,-0.9749279121818236,-0.2225209339563146,0.448331563940943,0,0,0,0,1,0
4470,2025-10-13,663.0386200268048,-0.9785481345802032,0.2060183203251708,-0.4031976860870853,-0.9151129033807908,0.0,1.0,0.4233711028530494,0,0,0,0,1,0
4471,2025-10-14,604.9010718186603,-0.9748595108374124,0.2228204077947995,-0.4344371874948622,-0.9007021317403184,0.7818314824680298,0.6234898018587336,0.4111122905071874,0,0,0,0,1,0
4472,2025-10-15,753.3831209509879,-0.9708824104813836,0.239556559120927,-0.4651624991319035,-0.8852253099642835,0.9749279121818236,-0.2225209339563143,0.39901134372866,0,0,0,0,1,0
4473,2025-10-16,619.6991528678026,-0.9666180104000972,0.2562218218071163,-0.4953372552325659,-0.8687007560596847,0.4338837391175582,-0.900968867902419,0.3870753885499897,0,0,0,0,1,0
4474,2025-10-17,599.9373994054936,-0.9620675724981452,0.2728112643340191,-0.5249257416559593,-0.8511480281049478,-0.433883739117558,-0.9009688679024191,0.3753110988513995,0,0,0,0,1,0
4475,2025-10-18,469.3567367731847,-0.957232443323312,0.2893199776186952,-0.5538929381563792,-0.8325879011014353,-0.9749279121818236,-0.2225209339563146,0.3637246969042016,0,0,0,0,1,0
4476,2025-10-20,709.8626874763914,-0.9467139181463862,0.3220757010206104,-0.6098270977059321,-0.7925344856241648,0.0,1.0,0.3411081980965921,0,0,0,0,1,0
4477,2025-10-21,550.4279543887234,-0.9410336347451196,0.3383130181923076,-0.6367278583821979,-0.7710886034432227,0.7818314824680298,0.6234898018587336,0.3300883075351398,0,0,0,0,0,1
4478,2025-10-22,570.4021955510088,-0.9350748843515574,0.3544502230989869,-0.6628750027453377,-0.7487300786901568,0.9749279121818236,-0.2225209339563143,0.3192667256288431,0,0,0,0,0,1
4479,2025-10-23,569.876366634677,-0.9288394302558068,0.3704825404820963,-0.6882375836422284,-0.7254853743958638,0.4338837391175582,-0.900968867902419,0.3086474612366189,0,0,0,0,0,1
4480,2025-10-24,551.6122775609532,-0.9223291176290545,0.3864052261209853,-0.7127855825108473,-0.7013820024527804,-0.433883739117558,-0.9009688679024191,0.2982340961814215,0,0,0,0,0,1
4481,2025-10-25,636.3688422882553,-0.9155458729775467,0.4022135682368036,-0.7364899449095569,-0.6764484910524362,-0.9749279121818236,-0.2225209339563146,0.2880297924974456,0,0,0,0,0,1
4482,2025-10-27,710.6954491390372,-0.9011686968561567,0.4334685453485363,-0.7812565682797488,-0.6242100403868479,0.0,1.0,0.2682589673008851,0,0,0,0,0,1
4483,2025-10-28,688.5207025048776,-0.8935790198239952,0.4489059314938798,-0.8022658445149573,-0.5969669293392242,0.7818314824680298,0.6234898018587336,0.258696746701885,0,0,0,0,0,1
4484,2025-10-29,711.5660021386009,-0.8857249183835637,0.4642104791518923,-0.8223255775192096,-0.5690172620911411,0.9749279121818236,-0.2225209339563143,0.2493522087772961,0,0,0,0,0,1
4485,2025-10-30,889.6354282246539,-0.8776087166898392,0.4793776594606945,-0.8414120250581577,-0.5403941192199728,0.4338837391175582,-0.900968867902419,0.2402265507324824,0,0,0,0,0,1
4486,2025-10-31,968.1416232559368,-0.8692328164574792,0.4944029842076181,-0.8595025968555411,-0.5111313784132033,-0.433883739117558,-0.9009688679024191,0.2313206080041767,0,0,0,0,0,1
4487,2025-11-03,852.2709768832967,-0.8425720899866032,0.5385835804920232,-0.9075909860952636,-0.4198554536487849,0.0,1.0,0.2059242464341987,0,0,0,0,0,1
4488,2025-11-04,773.4910470150078,-0.8331829385891785,0.5529974600700271,-0.9214960976269942,-0.3883876183121974,0.7818314824680298,0.6234898018587336,0.1978986990836146,0,0,0,0,0,1
4489,2025-11-05,841.0840597532082,-0.8235472349556007,0.5672476988027229,-0.9343105477678196,-0.3564600964060307,0.9749279121818236,-0.2225209339563143,0.1900920380007587,0,0,0,0,0,1
4490,2025-11-06,818.6981282629092,-0.8136678304455991,0.5813300798152042,-0.9460191696320084,-0.3241106766040965,0.4338837391175582,-0.900968867902419,0.1825031849518363,0,0,0,0,0,1
4491,2025-11-07,952.5094299198634,-0.8035476485339116,0.5952404359043674,-0.9566081051665098,-0.2913776469287574,-0.433883739117558,-0.9009688679024191,0.1751307883451509,0,0,0,0,0,1
4492,2025-11-08,977.0051844692008,-0.7931896839451843,0.6089746507720486,-0.9660648215530204,-0.2582997494341228,-0.9749279121818236,-0.2225209339563146,0.1679732367575336,0,0,0,0,0,1
4493,2025-11-10,950.0083805797294,-0.7717727365467837,0.6358984534680745,-0.9815381791978468,-0.1912663137538222,0.0,1.0,0.1542950055015683,0,0,0,0,0,1
4494,2025-11-11,802.1775643302639,-0.7607200913564104,0.6490800741100398,-0.98753650654923,-0.1573901147866107,0.7818314824680298,0.6234898018587336,0.1477699265043177,0,0,0,0,0,1
4495,2025-11-12,907.8337652866804,-0.7494423368521953,0.6620696215153815,-0.992366008614672,-0.1233276325329588,0.9749279121818236,-0.2225209339563143,0.1414509211393686,0,0,0,0,0,1
4496,2025-11-13,984.151908949213,-0.7379428103031386,0.6748632518680403,-0.9960209693076332,-0.0891191825561879,0.4338837391175582,-0.900968867902419,0.1353352832366127,0,0,0,0,0,1
4497,2025-11-14,1040.3817020947968,-0.7262249146041543,0.6874571793269664,-0.998497062701478,-0.0548052531836224,-0.433883739117558,-0.9009688679024191,0.1294201282977755,0,0,0,0,0,1
4498,2025-11-15,952.177013185445,-0.7142921172691032,0.699847677146407,-0.999791358149542,-0.0204264575855568,-0.9749279121818236,-0.2225209339563146,0.1237024067768548,0,0,0,0,0,1
4499,2025-11-17,1079.6778565178724,-0.6897960046655887,0.7240037789593305,-0.9988298281778684,0.0483629438947822,0.0,1.0,0.1128463189671638,0,0,0,0,0,1
4500,2025-11-18,901.251120654839,-0.6772399381909491,0.7357622347736527,-0.996575140802686,0.082692132238239,0.7818314824680298,0.6234898018587336,0.1077011451900321,0,0,0,0,0,1
4501,2025-11-19,1007.9358594197528,-0.6644834655228552,0.7473029667054297,-0.9931409302238696,0.116923448093473,0.9749279121818236,-0.2225209339563143,0.1027398149024943,0,0,0,0,0,1
4502,2025-11-20,1086.1433360717635,-0.6515303615068021,0.75862255966641,-0.9885312610933432,0.1510163760696315,0.4338837391175582,-0.900968867902419,0.0979586452573397,0,0,0,0,0,1
4503,2025-11-21,1337.6692796620505,-0.6383844591746642,0.769717664006921,-0.9827515893084884,0.1849305645685428,-0.433883739117558,-0.9009688679024191,0.093353863304629,0,0,0,0,0,1
4504,2025-11-22,1095.3697356747618,-0.6250496486104377,0.7805849965070866,-0.9758087555546684,0.2186258735439368,-0.9749279121818236,-0.2225209339563146,0.0889216174593863,0,0,0,0,0,1
4505,2025-11-24,1097.211306629144,-0.5978291414589552,0.801623551065242,-0.9584678386132248,0.2852006352448972,0.0,1.0,0.080559000939185,0,0,0,0,0,1
4506,2025-11-25,1079.6052923883503,-0.5839514998576998,0.8117885474764613,-0.948090279732366,0.3180012916278857,0.7818314824680298,0.6234898018587336,0.0766206321804935,0,0,0,0,0,1
4507,2025-11-26,1124.9045476807182,-0.5699010576127624,0.821713322596059,-0.936590583203982,0.3504255690637097,0.9749279121818236,-0.2225209339563143,0.0728388237369676,0,0,0,0,0,1
4508,2025-11-27,1234.7013198553188,-0.5556819724760489,0.8313949395234058,-0.9239823598019432,0.3824350909302552,0.4338837391175582,-0.900968867902419,0.0692094902133194,0,0,0,0,0,1
4509,2025-11-28,1248.4462362587933,-0.5412984521036173,0.8408305333122887,-0.9102805323268018,0.4139919715004559,-0.433883739117558,-0.9009688679024191,0.0657285286165304,0,0,0,0,0,1
4510,2025-11-29,1082.6715620039822,-0.5267547528105542,0.8500173118187018,-0.895501317943504,0.4450588607829839,-0.9749279121818236,-0.2225209339563146,0.0623918271307013,0,0,0,0,0,1
4511,2025-12-01,1145.5551988782388,-0.4972040784469378,0.8676336233547726,-0.8627819522593745,0.5055762087514626,0.0,1.0,0.0561347628341337,0,0,0,0,0,1
4512,2025-12-02,1162.0484184739537,-0.4822058478963526,0.8760579434344281,-0.8448805268402667,0.5349550405091192,0.7818314824680298,0.6234898018587336,0.0532062053822325,0,0,0,0,0,1
4513,2025-12-03,1113.961275887057,-0.4670649248774303,0.8842230238742036,-0.8259791204413983,0.5637007118984807,0.9749279121818236,-0.2225209339563143,0.0504055333627536,0,0,0,0,0,1
4514,2025-12-04,1197.9636977346308,-0.451785789832884,0.8921264484954345,-0.8061001043286311,0.5917792002101544,0.4338837391175582,-0.900968867902419,0.0477287077631641,0,0,0,0,0,1
4515,2025-12-05,1184.1881827382822,-0.4363729641045924,0.8997658785476209,-0.7852670068439961,0.6191572723971441,-0.433883739117558,-0.9009688679024191,0.0451717245647246,0,0,0,0,0,1
4516,2025-12-06,1088.4128170574018,-0.4208310085956556,0.9071390534005044,-0.7635044855580851,0.6458025244087264,-0.9749279121818236,-0.2225209339563146,0.0427306205788496,0,0,0,0,0,1
4517,2025-12-08,941.529719987572,-0.3893781415452015,0.9210779895789526,-0.717295271600886,0.6967693257736101,0.0,1.0,0.0381804338005357,0,0,0,0,0,1
4518,2025-12-09,916.6591541336312,-0.3734765374130707,0.9276396261490468,-0.6929032710826029,0.7210305520038863,0.7818314824680298,0.6234898018587336,0.0360636756174023,0,0,0,0,0,1
4519,2025-12-10,1031.9128669758582,-0.3574644155648614,0.9339267592294762,-0.6676911663366994,0.7444383832097442,0.9749279121818236,-0.2225209339563143,0.0340474547345993,0,0,0,0,0,1
4520,2025-12-11,1007.5568527571978,-0.3413465142450361,0.9399375283564132,-0.641688797825113,0.7669651144255266,0.4338837391175582,-0.900968867902419,0.0321280855748041,0,0,0,0,0,1
4521,2025-12-12,1036.508948107954,-0.3251276029999093,0.9456701548465688,-0.6149269413476359,0.7885840835350667,-0.433883739117558,-0.9009688679024191,0.0303019500674343,0,0,0,0,0,1
4522,2025-12-13,2000.0,-0.3088124812662537,0.9511229423235356,-0.587437271616382,0.8092697028283593,-0.9749279121818236,-0.2225209339563146,0.0285655007845503,0,0,0,0,0,1
4523,2025-12-15,1040.7334176675315,-0.2759129450029604,0.9611826292540836,-0.5304054598463659,0.8477440935595867,0.0,1.0,0.0253478407929008,0,0,0,0,0,1
4524,2025-12-16,948.878889679535,-0.2593382659754056,0.9657865518844574,-0.5009308193361626,0.8654873276017396,0.7818314824680298,0.6234898018587336,0.0238599118793802,0,0,0,0,0,1
4525,2025-12-17,922.4193243868992,-0.2426868445825954,0.9701046827361176,-0.4708632887360563,0.8822061909330864,0.9749279121818236,-0.2225209339563143,0.0224482367321429,0,0,0,0,0,1
4526,2025-12-18,1001.8576414242416,-0.225963608248019,0.974135744004672,-0.4402384552773285,0.8978808954950716,0.4338837391175582,-0.900968867902419,0.021109656453671,0,0,0,0,0,1
4527,2025-12-19,1013.5558280078552,-0.2091735056463563,0.9778785428342386,-0.4090925658019766,0.9124928890712274,-0.433883739117558,-0.9009688679024191,0.0198410947443702,0,0,0,0,0,1
4528,2025-12-20,972.9435225602964,-0.1923215052390948,0.9813319716704276,-0.3774624838618108,0.9260248772451376,-0.9749279121818236,-0.2225209339563146,0.0186395588695301,0,0,0,0,0,1
4529,2025-12-22,954.1196962673764,-0.1584517749608363,0.9873667175937016,-0.3129000178799537,0.949786070023521,0.0,1.0,0.0164260155188855,0,0,0,0,0,1
4530,2025-12-23,915.9266941213014,-0.141444067687942,0.989946248902378,-0.2800440484743445,0.9599871514317776,0.7818314824680298,0.6234898018587336,0.0154084455711887,0,0,0,0,0,1
4531,2025-12-24,863.9040870138431,-0.1243945048397999,0.9922328391893008,-0.2468566254334839,0.969052014331322,0.9749279121818236,-0.2225209339563143,0.0144467767640457,0,0,0,0,0,1
4532,2025-12-25,893.0425682866264,-0.1073081316563624,0.994225811815616,-0.2133770286209279,0.9769699297608416,0.4338837391175582,-0.900968867902419,0.0135384401366523,0,0,0,0,0,1
4533,2025-12-26,848.0026662707276,-0.0901900042703451,0.99592457702866,-0.179644883710313,0.9837315262594304,-0.433883739117558,-0.9009688679024191,0.0126809511496068,0,0,0,0,0,1
4534,2025-12-27,918.0316903695044,-0.0730451882110474,0.9973286321364752,-0.1457001152853506,0.9893288009584252,-0.9749279121818236,-0.2225209339563146,0.0118719091278277,0,0,0,0,0,1
4535,2025-12-29,1125.0300453649384,-0.0386957901765268,0.999251037438848,-0.0773336169568209,0.9970052716452285,0.0,1.0,0.0103899781147773,0,0,0,0,0,1
4536,2025-12-30,1021.8869294515604,-0.0215013727408137,0.999768818762748,-0.0429928040537219,0.9990753819405211,0.7818314824680298,0.6234898018587336,0.0097126998429016,0,0,0,0,0,1
4537,2025-12-31,1115.5831693406778,-0.0043005927029819,0.9999907524084426,-0.0086011058657144,0.999963009804806,0.9749279121818236,-0.2225209339563143,0.0090750878156515,0,0,0,0,0,1
